date,time,일기,시정,운량,중하운량,현재기온,이슬점온도,체감온도,일강수,적설,습도,풍향,풍속,해면기압
2024-01-01,06:00,박무,2.6,8.0,8.0,0.5,0.3,-1.9,,2.4,99.0,북동,2.0,1028.1
2024-01-01,07:00,박무,6.2,4.0,4.0,0.4,0.1,-2.1,,2.4,98.0,동북동,2.1,1028.4
2024-01-01,08:00,박무,6.3,4.0,4.0,0.2,0.0,0.2,,2.4,98.0,동북동,0.8,1028.8
2024-01-01,09:00,박무,5.9,1.0,1.0,0.6,0.4,0.6,,2.4,99.0,북동,1.3,1029.1
2024-01-01,10:00,맑음,11.4,1.0,0.0,2.4,1.6,1.1,,2.4,95.0,동북동,1.4,1029.4
2024-01-01,11:00,맑음,15.2,2.0,0.0,4.4,1.5,2.7,,2.2,82.0,동북동,2.0,1029.0
2024-01-01,12:00,구름조금,15.6,4.0,0.0,5.7,1.2,3.9,,1.7,73.0,동,2.3,1028.4
2024-01-01,13:00,구름많음,16.1,7.0,7.0,7.3,2.1,6.4,,0.9,70.0,동남동,1.6,1027.2
2024-01-01,14:00,흐림,18.4,9.0,9.0,6.5,1.0,5.0,,0.5,68.0,남,2.1,1026.4
2024-01-01,15:00,흐림,17.4,9.0,9.0,6.4,0.9,6.4,,0.2,68.0,남남동,1.2,1026.0
2024-01-01,16:00,흐림,20 이상,9.0,9.0,5.8,0.3,4.1,,,68.0,남,2.2,1026.0
2024-01-01,17:00,흐림,17.5,9.0,9.0,5.5,0.6,3.7,,,71.0,남남서,2.3,1025.7
2024-01-01,18:00,흐림,18.5,9.0,9.0,4.9,0.0,4.9,,,71.0,남서,1.1,1025.7
2024-01-01,19:00,흐림,15.1,9.0,9.0,4.6,0.0,4.6,,,72.0,서,1.3,1025.4
2024-01-01,20:00,,13.2,,,4.4,0.3,4.4,,,75.0,서,1.3,1025.3
2024-01-01,21:00,비 끝,11.2,9.0,9.0,4.3,0.6,2.9,0.0,,77.0,서북서,1.7,1025.2
2024-01-01,22:00,약한 비 단속적,9.1,9.0,9.0,4.1,0.7,2.9,0.0,,79.0,서남서,1.5,1025.3
2024-01-01,23:00,약한 비 단속적,7.4,9.0,9.0,3.9,1.1,2.1,0.0,,82.0,서,2.0,1025.1
2024-01-02,06:00,박무,5.6,9.0,9.0,2.3,-0.1,2.3,0.0,,84.0,북북서,0.6,1023.0
2024-01-02,07:00,박무,6.3,9.0,9.0,2.2,-0.5,2.2,0.0,,82.0,정온,0.3,1023.1
2024-01-02,08:00,비 끝,8.6,9.0,9.0,2.3,-1.3,1.0,0.0,,77.0,서북서,1.4,1023.2
2024-01-02,09:00,흐림,11.2,9.0,9.0,2.3,-1.6,0.4,0.0,,75.0,서,1.8,1023.4
2024-01-02,10:00,흐림,11.3,9.0,9.0,2.7,-1.4,0.5,0.0,,74.0,서남서,2.2,1023.5
2024-01-02,11:00,흐림,10.4,9.0,9.0,3.1,-1.2,1.6,0.0,,73.0,서북서,1.6,1023.1
2024-01-02,12:00,연무,9.7,9.0,9.0,3.6,-0.9,2.1,0.0,,72.0,서북서,1.7,1022.5
2024-01-02,13:00,흐림,13.4,9.0,9.0,4.0,-1.3,2.5,0.0,,68.0,서,1.7,1021.9
2024-01-02,14:00,흐림,14.8,9.0,9.0,4.1,-2.3,2.6,0.0,,63.0,서,1.7,1021.4
2024-01-02,15:00,흐림,20 이상,9.0,4.0,3.9,-2.7,1.7,0.0,,62.0,서,2.4,1021.3
2024-01-02,16:00,흐림,20 이상,9.0,9.0,4.0,-2.6,2.3,0.0,,62.0,서북서,1.9,1021.1
2024-01-02,17:00,흐림,19.9,9.0,9.0,3.5,-2.8,3.5,0.0,,63.0,서,1.2,1020.8
2024-01-02,18:00,흐림,19.2,9.0,9.0,3.2,-2.9,3.2,0.0,,64.0,서북서,1.2,1021.1
2024-01-02,19:00,,17.2,,,2.9,-2.0,1.4,0.0,,70.0,서북서,1.6,1021.0
2024-01-02,20:00,,17.6,,,2.4,-2.5,2.4,0.0,,70.0,북서,1.3,1021.1
2024-01-02,21:00,흐림,19.3,9.0,2.0,2.3,-2.2,0.1,0.0,,72.0,서북서,2.1,1021.1
2024-01-02,22:00,,18.4,,,2.3,-2.2,0.2,0.0,,72.0,서북서,2.0,1020.8
2024-01-02,23:00,,18.0,,,2.3,-2.0,2.3,0.0,,73.0,서북서,1.2,1020.6
2024-01-03,06:00,흐림,13.6,9.0,9.0,2.2,-1.2,2.2,,,78.0,서북서,0.7,1018.4
2024-01-03,07:00,약한 비 단속적,11.7,10.0,6.0,2.2,-1.2,2.2,0.0,,78.0,서,0.8,1018.4
2024-01-03,08:00,약한 비 단속적,8.7,10.0,9.0,2.3,-0.8,0.9,0.0,,80.0,서,1.5,1018.4
2024-01-03,09:00,약한 비 단속적,4.2,10.0,7.0,2.1,-0.1,-0.0,0.1,,85.0,서,2.0,1018.9
2024-01-03,10:00,약한 비 단속적,3.4,10.0,8.0,1.8,0.3,1.8,0.6,,90.0,서남서,1.0,1019.0
2024-01-03,11:00,비 끝,4.9,10.0,8.0,2.4,0.7,0.8,0.6,,89.0,남,1.6,1018.4
2024-01-03,12:00,박무,4.1,10.0,7.0,3.0,1.3,1.8,0.6,,89.0,남,1.4,1018.1
2024-01-03,13:00,약한 비 단속적,4.5,10.0,8.0,3.8,1.3,3.8,0.6,,84.0,서북서,1.0,1017.2
2024-01-03,14:00,약한 비 단속적,4.1,10.0,8.0,3.4,1.1,0.7,0.6,,85.0,북서,2.8,1017.1
2024-01-03,15:00,비 끝,6.8,9.0,5.0,3.2,0.5,1.0,0.6,,83.0,북,2.2,1017.4
2024-01-03,16:00,구름많음,12.1,8.0,8.0,3.7,-0.3,1.3,0.6,,75.0,북서,2.5,1017.8
2024-01-03,17:00,맑음,10.1,0.0,0.0,3.0,-0.6,0.3,0.6,,77.0,북서,2.7,1018.5
2024-01-03,18:00,박무,8.2,1.0,1.0,2.3,-0.4,-0.3,0.6,,82.0,서,2.5,1019.4
2024-01-03,19:00,맑음,7.9,0.0,0.0,1.7,-1.0,1.7,0.6,,82.0,서남서,1.0,1020.0
2024-01-03,20:00,맑음,9.4,0.0,0.0,1.3,-2.1,-2.0,0.6,,78.0,서,3.0,1020.5
2024-01-03,21:00,맑음,10.7,0.0,0.0,0.6,-3.6,-1.9,0.6,,73.0,서,2.1,1021.0
2024-01-03,22:00,맑음,9.1,0.0,0.0,0.0,-4.0,-3.1,0.6,,74.0,북북서,2.6,1021.5
2024-01-03,23:00,맑음,8.8,0.0,0.0,-0.5,-4.3,-2.3,0.6,,75.0,서,1.5,1022.0
2024-01-04,06:00,박무,8.2,0.0,0.0,-3.1,-5.7,-6.2,,,82.0,북동,2.1,1022.9
2024-01-04,07:00,박무,6.5,0.0,0.0,-3.2,-5.0,-6.5,,,87.0,북동,2.2,1023.2
2024-01-04,08:00,박무,6.9,8.0,8.0,-2.8,-4.6,-5.0,,,87.0,북동,1.5,1023.5
2024-01-04,09:00,박무,7.1,8.0,8.0,-1.8,-4.1,-5.3,,,84.0,북동,2.6,1023.6
2024-01-04,10:00,박무,6.8,8.0,8.0,-0.7,-3.2,-4.3,,,83.0,북동,2.9,1024.3
2024-01-04,11:00,박무,6.7,8.0,8.0,0.4,-2.6,-3.1,,,80.0,북동,3.1,1024.1
2024-01-04,12:00,박무,7.0,8.0,8.0,1.4,-2.9,-1.8,,,73.0,북동,3.0,1023.2
2024-01-04,13:00,연무,7.6,8.0,8.0,2.5,-2.6,0.0,,,69.0,북동,2.4,1022.3
2024-01-04,14:00,연무,9.1,7.0,7.0,3.7,-2.0,2.1,,,66.0,북동,1.8,1021.7
2024-01-04,15:00,연무,9.2,8.0,8.0,4.0,-1.9,2.8,,,65.0,북북동,1.5,1020.8
2024-01-04,16:00,구름많음,11.2,7.0,7.0,4.7,-1.3,2.6,,,65.0,남,2.4,1020.6
2024-01-04,17:00,구름많음,11.2,8.0,8.0,4.4,-1.6,2.4,,,65.0,남남서,2.3,1020.8
2024-01-04,18:00,구름많음,10.6,8.0,8.0,4.5,-1.1,2.0,,,67.0,남남서,2.8,1020.5
2024-01-04,19:00,구름많음,10.0,6.0,6.0,4.2,-0.7,2.6,,,70.0,남동,1.8,1020.3
2024-01-04,20:00,구름조금,9.3,3.0,3.0,4.2,-0.9,3.2,,,69.0,남남동,1.4,1020.2
2024-01-04,21:00,연무,8.4,8.0,8.0,4.4,-0.6,2.7,,,70.0,남남동,2.0,1020.0
2024-01-04,22:00,맑음,8.4,0.0,0.0,4.5,-0.3,2.6,,,71.0,남동,2.2,1019.8
2024-01-04,23:00,구름많음,8.4,8.0,8.0,4.5,-0.3,3.0,,,71.0,남동,1.8,1019.7
2024-01-05,06:00,비 끝,6.5,9.0,9.0,5.0,3.0,3.3,0.0,,87.0,남서,2.1,1018.9
2024-01-05,07:00,박무,5.9,9.0,9.0,5.4,3.4,3.7,0.0,,87.0,남서,2.1,1019.5
2024-01-05,08:00,박무,4.9,9.0,9.0,5.0,3.1,5.0,0.0,,88.0,남서,1.3,1019.9
2024-01-05,09:00,박무,4.4,8.0,8.0,5.1,3.2,5.1,0.0,,88.0,서남서,0.8,1020.3
2024-01-05,10:00,박무,3.8,1.0,1.0,5.8,3.7,5.8,0.0,,87.0,남서,1.3,1020.4
2024-01-05,11:00,박무,3.8,7.0,7.0,7.4,3.6,5.1,0.0,,77.0,남서,3.4,1020.7
2024-01-05,12:00,연무,3.9,6.0,6.0,8.1,2.5,6.3,0.0,,68.0,서남서,2.8,1020.0
2024-01-05,13:00,연무,4.5,4.0,4.0,8.3,1.8,5.7,0.0,,64.0,서남서,4.4,1019.2
2024-01-05,14:00,연무,5.1,2.0,2.0,8.9,1.5,6.5,0.0,,60.0,남남서,4.4,1018.5
2024-01-05,15:00,연무,5.1,2.0,2.0,9.0,1.6,7.2,0.0,,60.0,서,3.2,1018.4
2024-01-05,16:00,연무,4.7,1.0,1.0,7.9,1.2,5.9,0.0,,63.0,서,3.2,1018.7
2024-01-05,17:00,연무,5.0,0.0,0.0,6.6,0.0,4.3,0.0,,63.0,서,3.1,1018.9
2024-01-05,18:00,연무,3.9,0.0,0.0,5.4,0.5,3.6,0.0,,71.0,서,2.2,1019.4
2024-01-05,19:00,맑음,3.3,0.0,0.0,4.3,0.6,1.6,0.0,,77.0,서남서,3.1,1019.6
2024-01-05,20:00,맑음,2.9,0.0,0.0,3.6,0.8,1.7,0.0,,82.0,서,2.0,1020.1
2024-01-05,21:00,박무,4.2,0.0,0.0,3.1,0.4,0.8,0.0,,83.0,서,2.3,1020.4
2024-01-05,22:00,맑음,6.3,0.0,0.0,2.7,0.0,0.5,0.0,,82.0,서남서,2.2,1020.5
2024-01-05,23:00,맑음,8.1,0.0,0.0,2.0,-0.7,0.2,0.0,,82.0,서,1.7,1020.7
2024-01-06,06:00,맑음,20 이상,0.0,0.0,-2.0,-7.1,-4.1,,,68.0,서북서,1.5,1021.8
2024-01-06,07:00,맑음,20 이상,0.0,0.0,-2.0,-7.7,-4.5,,,65.0,서북서,1.8,1022.3
2024-01-06,08:00,맑음,20 이상,0.0,0.0,-2.5,-7.9,-4.6,,,66.0,서북서,1.5,1022.8
2024-01-06,09:00,맑음,20 이상,0.0,0.0,-2.0,-8.1,-4.7,,,63.0,서북서,1.9,1023.0
2024-01-06,10:00,맑음,20 이상,0.0,0.0,-0.4,-8.3,-3.9,,,55.0,서,2.9,1023.3
2024-01-06,11:00,맑음,20 이상,0.0,0.0,1.1,-8.4,-0.9,,,49.0,서,1.8,1022.7
2024-01-06,12:00,맑음,20 이상,0.0,0.0,2.9,-8.1,0.6,,,44.0,서남서,2.3,1022.0
2024-01-06,13:00,맑음,20 이상,0.0,0.0,3.4,-7.7,0.7,,,44.0,서북서,2.8,1021.6
2024-01-06,14:00,맑음,20 이상,0.0,0.0,4.0,-8.7,1.1,,,39.0,서북서,3.3,1021.0
2024-01-06,15:00,맑음,20 이상,0.0,0.0,4.9,-8.9,2.2,,,36.0,서,3.2,1020.7
2024-01-06,16:00,맑음,20 이상,0.0,0.0,4.9,-7.5,3.1,,,40.0,서,2.1,1020.5
2024-01-06,17:00,구름조금,20 이상,3.0,3.0,3.7,-8.0,1.6,,,42.0,서남서,2.2,1020.9
2024-01-06,18:00,약한 눈 단속적,20 이상,8.0,8.0,2.9,-7.6,1.4,0.0,,46.0,서,1.6,1021.2
2024-01-06,19:00,약한 눈 연속적,17.9,10.0,8.0,1.4,-2.7,-1.5,0.0,,74.0,서북서,2.6,1021.9
2024-01-06,20:00,약한 눈 연속적,1.4,10.0,8.0,0.5,-1.2,0.5,0.9,2.3,88.0,북,0.8,1021.8
2024-01-06,21:00,눈 끝,5.4,9.0,9.0,0.4,-0.9,-1.5,2.4,6.0,91.0,남서,1.6,1021.9
2024-01-06,22:00,구름많음,7.0,7.0,7.0,0.4,-1.0,-1.5,2.4,5.9,90.0,서,1.6,1022.0
2024-01-06,23:00,구름많음,8.5,6.0,6.0,-0.1,-1.7,-0.1,2.4,5.7,89.0,북북서,1.2,1022.6
2024-01-07,06:00,맑음,10.6,1.0,1.0,-3.6,-6.7,-7.8,,4.6,79.0,서,3.0,1024.5
2024-01-07,07:00,맑음,12.5,0.0,0.0,-4.4,-8.8,-6.8,,4.5,71.0,서북서,1.5,1025.1
2024-01-07,08:00,맑음,16.4,0.0,0.0,-4.9,-10.2,-7.7,,4.0,66.0,서,1.7,1025.8
2024-01-07,09:00,맑음,18.3,0.0,0.0,-4.6,-11.8,-9.1,,4.0,57.0,서남서,3.1,1026.6
2024-01-07,10:00,맑음,18.7,0.0,0.0,-3.7,-12.6,-9.3,,3.9,50.0,서,4.6,1027.3
2024-01-07,11:00,맑음,18.7,0.0,0.0,-3.7,-12.6,-9.3,,3.9,50.0,서,4.6,1027.3
2024-01-07,12:00,맑음,20 이상,0.0,0.0,-3.4,-14.5,-9.4,,3.5,42.0,서북서,5.3,1027.4
2024-01-07,13:00,맑음,20 이상,0.0,0.0,-2.5,-13.1,-7.9,,3.2,44.0,서,4.7,1026.7
2024-01-07,14:00,맑음,20 이상,0.0,0.0,-3.0,-15.6,-9.4,,2.7,37.0,서북서,6.3,1026.2
2024-01-07,15:00,맑음,20 이상,0.0,0.0,-2.1,-14.2,-6.9,,2.1,39.0,서,4.0,1025.9
2024-01-07,16:00,맑음,20 이상,0.0,0.0,-2.0,-14.7,-6.2,,1.8,37.0,서,3.3,1026.3
2024-01-07,17:00,맑음,20 이상,0.0,0.0,-3.5,-15.4,-8.3,,1.5,39.0,서북서,3.6,1026.8
2024-01-07,18:00,맑음,20 이상,0.0,0.0,-4.6,-15.0,-9.3,,1.5,44.0,서,3.3,1027.2
2024-01-07,19:00,맑음,20 이상,0.0,0.0,-5.3,-15.1,-10.5,,1.5,46.0,서,3.6,1027.8
2024-01-07,20:00,맑음,20 이상,0.0,0.0,-5.8,-14.1,-10.3,,1.5,52.0,서북서,2.8,1028.2
2024-01-07,21:00,맑음,20 이상,0.0,0.0,-6.7,-14.4,-13.0,,1.5,54.0,서북서,4.6,1028.6
2024-01-07,22:00,맑음,20 이상,0.0,0.0,-7.5,-14.1,-7.5,,1.5,59.0,동,1.0,1028.9
2024-01-07,23:00,맑음,20 이상,0.0,0.0,-8.1,-13.7,-12.8,,1.5,64.0,북북서,2.6,1028.9
2024-01-08,06:00,맑음,20 이상,0.0,0.0,-10.1,-15.4,-14.6,,1.5,65.0,북동,2.2,1028.8
2024-01-08,07:00,맑음,20 이상,0.0,0.0,-10.1,-15.0,-13.7,,1.5,67.0,북동,1.7,1028.9
2024-01-08,08:00,맑음,20 이상,0.0,0.0,-10.1,-14.8,-14.1,,1.5,68.0,북동,1.9,1028.9
2024-01-08,09:00,맑음,20 이상,0.0,0.0,-9.0,-14.2,-14.0,,1.5,66.0,북동,2.7,1029.1
2024-01-08,10:00,맑음,20 이상,0.0,0.0,-6.3,-14.3,-9.8,,1.4,53.0,남남동,2.0,1029.1
2024-01-08,11:00,맑음,20 이상,0.0,0.0,-3.8,-13.2,-3.8,,1.4,48.0,남남동,1.3,1028.8
2024-01-08,12:00,맑음,20 이상,0.0,0.0,-2.3,-14.1,-4.7,,1.2,40.0,남남동,1.7,1027.9
2024-01-08,13:00,맑음,20 이상,0.0,0.0,-0.8,-13.7,-3.8,,1.0,37.0,남,2.3,1026.9
2024-01-08,14:00,맑음,20 이상,2.0,0.0,-0.6,-14.2,-3.0,,0.6,35.0,서남서,1.9,1026.1
2024-01-08,15:00,구름많음,20 이상,7.0,0.0,-0.3,-14.2,-2.9,,0.4,34.0,서,2.1,1025.4
2024-01-08,16:00,구름많음,20 이상,7.0,0.0,-0.7,-10.6,-4.3,,0.3,47.0,서,2.9,1025.3
2024-01-08,17:00,구름많음,20 이상,8.0,0.0,-1.5,-10.0,-3.8,,0.3,52.0,서남서,1.7,1025.6
2024-01-08,18:00,구름많음,20 이상,7.0,0.0,-2.2,-8.7,-4.1,,0.3,61.0,서,1.4,1025.6
2024-01-08,19:00,구름많음,20 이상,8.0,8.0,-2.6,-8.6,-2.6,,0.3,63.0,북북서,0.6,1025.4
2024-01-08,20:00,구름조금,20 이상,5.0,5.0,-3.1,-8.5,-3.1,,0.3,66.0,북동,1.3,1025.1
2024-01-08,21:00,구름많음,20 이상,8.0,8.0,-2.9,-7.9,-2.9,,0.3,68.0,동북동,0.7,1024.8
2024-01-08,22:00,맑음,20 이상,1.0,1.0,-2.1,-8.0,-2.1,,0.3,64.0,동,1.1,1024.3
2024-01-08,23:00,구름많음,20 이상,7.0,7.0,-2.2,-7.9,-4.6,,0.3,65.0,북북동,1.7,1024.2
2024-01-09,06:00,약한 눈 단속적,20 이상,9.0,9.0,-1.1,-6.6,-3.8,0.0,0.3,66.0,북동,2.0,1020.6
2024-01-09,07:00,약한 눈 연속적,14.3,9.0,9.0,-1.0,-5.6,-4.0,0.0,0.3,71.0,북동,2.3,1020.5
2024-01-09,08:00,약한 눈 단속적,20 이상,9.0,9.0,-1.2,-5.2,-3.7,0.0,0.3,74.0,북동,1.9,1020.4
2024-01-09,09:00,약한 눈 연속적,2.0,10.0,8.0,-1.5,-3.5,-3.6,0.4,0.6,86.0,북동,1.6,1021.0
2024-01-09,10:00,약한 눈 연속적,7.9,10.0,8.0,-1.3,-3.0,-4.7,0.6,1.0,88.0,북동,2.6,1020.9
2024-01-09,11:00,약한 눈 연속적,3.4,10.0,8.0,-0.7,-2.4,-3.4,0.6,1.2,88.0,북동,2.1,1020.6
2024-01-09,12:00,약한 눈 연속적,4.7,10.0,7.0,-0.5,-2.0,-3.4,0.6,1.4,89.0,북동,2.3,1019.7
2024-01-09,13:00,약한 눈 연속적,2.8,10.0,9.0,-0.1,-1.3,-2.7,0.9,1.8,91.0,북동,2.1,1018.8
2024-01-09,14:00,약한 눈 연속적,1.8,10.0,9.0,0.1,-1.1,-1.5,1.3,2.7,91.0,북동,1.4,1018.1
2024-01-09,15:00,약한 눈 단속적,3.6,10.0,8.0,0.2,-0.9,-2.2,1.3,2.8,92.0,북동,2.0,1017.8
2024-01-09,16:00,약한 눈 연속적,2.9,10.0,9.0,0.2,-0.9,-2.4,1.4,3.0,92.0,북동,2.1,1018.1
2024-01-09,17:00,약한 눈 단속적,2.5,10.0,8.0,0.3,-0.7,-2.2,1.6,3.1,93.0,북동,2.1,1018.2
2024-01-09,18:00,눈 끝,4.6,9.0,9.0,0.2,-1.1,-2.2,1.6,3.1,91.0,북북동,2.0,1018.4
2024-01-09,19:00,눈 끝,3.9,9.0,9.0,0.2,-0.9,-2.2,1.6,3.1,92.0,북동,2.0,1018.7
2024-01-09,20:00,흐림,3.6,10.0,4.0,0.1,-0.9,-1.5,1.6,3.1,93.0,동북동,1.4,1018.7
2024-01-09,21:00,박무,4.2,9.0,9.0,0.1,-1.0,0.1,1.6,3.1,92.0,북,1.0,1018.8
2024-01-09,22:00,흐림,4.0,10.0,6.0,0.1,-0.9,0.1,1.6,3.1,93.0,북북동,1.0,1019.2
2024-01-09,23:00,흐림,3.2,9.0,7.0,0.4,-0.3,-2.9,1.6,3.0,95.0,서북서,2.9,1019.0
2024-01-10,06:00,박무,3.2,0.0,0.0,-3.6,-4.5,-3.6,,3.0,93.0,정온,0.1,1019.9
2024-01-10,07:00,박무,3.2,7.0,7.0,-4.1,-4.9,-7.0,,3.0,94.0,북동,1.8,1020.2
2024-01-10,08:00,박무,3.4,2.0,2.0,-3.7,-4.5,-6.3,,2.9,94.0,북북서,1.7,1020.7
2024-01-10,09:00,박무,3.3,8.0,8.0,-3.7,-4.5,-6.2,,2.9,94.0,북동,1.6,1021.3
2024-01-10,10:00,박무,3.6,8.0,8.0,-2.7,-3.5,-6.0,,2.7,94.0,북동,2.3,1021.9
2024-01-10,11:00,박무,5.4,7.0,7.0,-1.1,-2.9,-4.3,,2.6,87.0,북동,2.5,1022.0
2024-01-10,12:00,박무,6.0,7.0,7.0,0.0,-2.7,-2.2,,2.5,82.0,북북서,1.8,1021.1
2024-01-10,13:00,박무,7.4,7.0,7.0,1.6,-2.3,1.6,,2.3,75.0,동,0.8,1020.7
2024-01-10,14:00,박무,5.5,6.0,6.0,1.5,-2.4,-1.1,,2.3,75.0,서,2.3,1020.6
2024-01-10,15:00,박무,5.9,0.0,0.0,2.9,-1.8,0.7,,2.2,71.0,서북서,2.2,1020.3
2024-01-10,16:00,연무,5.3,0.0,0.0,3.1,-2.0,0.9,,2.0,69.0,서남서,2.2,1020.5
2024-01-10,17:00,연무,5.1,0.0,0.0,1.9,-2.6,-0.8,,2.0,72.0,서남서,2.5,1020.7
2024-01-10,18:00,연무,5.1,0.0,0.0,0.7,-3.0,-1.3,,2.0,76.0,서,1.7,1021.2
2024-01-10,19:00,맑음,5.3,0.0,0.0,0.1,-3.2,-2.2,,2.0,78.0,서,1.9,1021.6
2024-01-10,20:00,맑음,4.2,0.0,0.0,-0.5,-2.8,-3.4,,2.0,84.0,서,2.3,1022.0
2024-01-10,21:00,박무,2.8,0.0,0.0,-1.0,-2.8,-1.0,,2.0,87.0,서,1.3,1021.6
2024-01-10,22:00,맑음,2.4,0.0,0.0,-1.4,-2.6,-4.2,,2.0,91.0,서남서,2.1,1021.6
2024-01-10,23:00,맑음,2.6,1.0,1.0,-1.4,-2.8,-3.4,,2.0,90.0,남남서,1.5,1021.4
2024-01-11,06:00,박무,3.4,6.0,6.0,-2.3,-4.3,-4.6,,2.0,86.0,서남서,1.6,1020.2
2024-01-11,07:00,박무,3.7,8.0,8.0,-2.0,-3.7,-3.9,,2.0,88.0,남동,1.4,1020.1
2024-01-11,08:00,박무,4.0,8.0,8.0,-1.7,-3.7,-1.7,,2.0,86.0,남동,0.6,1020.1
2024-01-11,09:00,박무,3.8,8.0,8.0,-1.1,-3.1,-4.1,,2.0,86.0,북동,2.3,1019.8
2024-01-11,10:00,박무,4.3,8.0,8.0,-0.4,-2.9,-2.9,,2.0,83.0,북동,2.0,1019.5
2024-01-11,11:00,박무,4.9,8.0,8.0,0.6,-2.8,-1.1,,2.0,78.0,북,1.5,1019.2
2024-01-11,12:00,박무,6.5,8.0,8.0,2.2,-2.3,0.7,,1.9,72.0,남남서,1.5,1018.0
2024-01-11,13:00,박무,7.8,8.0,8.0,2.9,-1.8,0.0,,1.0,71.0,남남서,2.9,1017.3
2024-01-11,14:00,박무,7.8,8.0,8.0,3.3,-1.0,0.3,,0.9,73.0,남남서,3.2,1016.5
2024-01-11,15:00,박무,9.2,8.0,8.0,4.0,-0.7,1.2,,0.4,71.0,남남서,3.1,1015.8
2024-01-11,16:00,흐림,12.4,9.0,9.0,4.4,-0.6,1.5,,0.2,70.0,남남서,3.4,1015.7
2024-01-11,17:00,구름많음,12.5,7.0,7.0,4.4,-0.2,2.0,,,72.0,남서,2.7,1015.5
2024-01-11,18:00,구름조금,11.0,4.0,4.0,4.3,0.4,2.1,,,76.0,남남서,2.4,1015.6
2024-01-11,19:00,구름많음,8.9,8.0,4.0,4.1,0.6,2.5,,,78.0,남남서,1.8,1015.7
2024-01-11,20:00,맑음,8.5,1.0,1.0,3.9,0.7,2.2,,,80.0,서남서,1.9,1015.8
2024-01-11,21:00,박무,7.2,7.0,7.0,3.9,1.1,2.3,,,82.0,서남서,1.8,1015.5
2024-01-11,22:00,구름많음,7.8,7.0,7.0,3.8,1.0,1.7,,,82.0,서,2.2,1015.6
2024-01-11,23:00,구름많음,7.8,6.0,6.0,3.8,1.1,1.8,,,83.0,서남서,2.1,1015.6
2024-01-12,06:00,박무,3.3,0.0,0.0,-0.3,-2.0,-0.3,,,88.0,서,1.1,1017.6
2024-01-12,07:00,박무,3.2,0.0,0.0,-0.6,-2.0,-0.6,,,90.0,서남서,0.9,1018.1
2024-01-12,08:00,박무,3.3,0.0,0.0,-1.0,-2.5,-1.0,,,89.0,서북서,0.7,1018.5
2024-01-12,09:00,박무,3.8,0.0,0.0,-0.6,-2.6,-2.5,,,86.0,서남서,1.5,1019.0
2024-01-12,10:00,박무,5.9,0.0,0.0,0.5,-3.9,-2.2,,,72.0,북서,2.3,1019.5
2024-01-12,11:00,맑음,11.0,0.0,0.0,1.4,-6.6,-2.0,,,55.0,서북서,3.2,1019.4
2024-01-12,12:00,연무,9.3,0.0,0.0,2.2,-5.9,-0.7,,,55.0,서북서,2.8,1018.9
2024-01-12,13:00,맑음,20 이상,0.0,0.0,3.2,-8.2,0.7,,,43.0,서,2.6,1018.6
2024-01-12,14:00,맑음,20 이상,0.0,0.0,3.4,-12.1,0.3,,,31.0,서북서,3.4,1018.5
2024-01-12,15:00,맑음,20 이상,0.0,0.0,3.8,-10.6,0.8,,,34.0,서,3.4,1018.4
2024-01-12,16:00,맑음,20 이상,0.0,0.0,4.0,-10.8,1.2,,,33.0,서,3.1,1018.6
2024-01-12,17:00,맑음,20 이상,0.0,0.0,2.6,-10.3,-0.4,,,38.0,서,3.0,1019.3
2024-01-12,18:00,맑음,20 이상,0.0,0.0,1.7,-8.4,-1.8,,,47.0,서남서,3.4,1019.6
2024-01-12,19:00,,20 이상,,,1.0,-7.7,-1.3,,,52.0,서남서,2.0,1020.1
2024-01-12,20:00,,20 이상,,,0.6,-7.9,-2.2,,,53.0,서남서,2.4,1020.5
2024-01-12,21:00,맑음,20 이상,0.0,0.0,0.3,-8.6,-2.2,,,51.0,서남서,2.1,1020.6
2024-01-12,22:00,,20 이상,,,-0.2,-9.6,-0.2,,,49.0,서,1.3,1021.1
2024-01-12,23:00,,20 이상,,,-0.9,-10.5,-2.8,,,48.0,서,1.5,1021.3
2024-01-13,06:00,맑음,20 이상,0.0,0.0,-3.3,-11.0,-3.3,,,55.0,서,0.5,1023.3
2024-01-13,07:00,맑음,20 이상,0.0,0.0,-3.6,-11.1,-3.6,,,56.0,남남서,0.7,1024.2
2024-01-13,08:00,맑음,20 이상,0.0,0.0,-3.8,-10.8,-3.8,,,58.0,남,0.6,1024.7
2024-01-13,09:00,맑음,20 이상,0.0,0.0,-3.1,-10.2,-3.1,,,58.0,남남서,0.9,1025.4
2024-01-13,10:00,맑음,20 이상,0.0,0.0,-0.7,-10.6,-4.8,,,47.0,북서,3.5,1026.0
2024-01-13,11:00,맑음,20 이상,0.0,0.0,1.0,-10.8,-1.9,,,41.0,서남서,2.5,1026.0
2024-01-13,12:00,맑음,20 이상,0.0,0.0,3.2,-10.4,1.6,,,36.0,남,1.7,1025.6
2024-01-13,13:00,맑음,20 이상,0.0,0.0,4.3,-9.8,4.3,,,35.0,동남동,1.3,1025.2
2024-01-13,14:00,맑음,20 이상,0.0,0.0,4.5,-11.2,3.4,,,31.0,북동,1.5,1024.6
2024-01-13,15:00,맑음,20 이상,2.0,0.0,6.1,-10.2,4.4,,,30.0,남서,2.2,1024.6
2024-01-13,16:00,맑음,20 이상,1.0,0.0,6.3,-12.8,4.9,,,24.0,남남서,2.0,1024.6
2024-01-13,17:00,맑음,20 이상,0.0,0.0,5.1,-12.8,3.2,,,26.0,남남서,2.3,1024.5
2024-01-13,18:00,맑음,20 이상,0.0,0.0,3.2,-12.7,3.2,,,30.0,서,1.0,1024.9
2024-01-13,19:00,,20 이상,,,2.2,-11.7,0.3,,,35.0,서남서,1.8,1025.3
2024-01-13,20:00,,20 이상,,,1.2,-10.3,1.2,,,42.0,정온,0.4,1025.3
2024-01-13,21:00,맑음,20 이상,0.0,0.0,0.7,-11.0,0.7,,,41.0,북동,0.9,1025.7
2024-01-13,22:00,,20 이상,,,0.3,-10.2,0.3,,,45.0,북동,0.5,1025.9
2024-01-13,23:00,,20 이상,,,-0.2,-9.1,-0.2,,,51.0,북북동,1.3,1025.1
2024-01-14,06:00,맑음,20 이상,0.0,0.0,-2.3,-7.4,-4.7,,,68.0,북북동,1.7,1022.7
2024-01-14,07:00,구름조금,20 이상,4.0,4.0,-2.4,-7.3,-5.0,,,69.0,북동,1.8,1022.5
2024-01-14,08:00,구름조금,20 이상,3.0,0.0,-1.9,-7.4,-1.9,,,66.0,북,1.2,1023.0
2024-01-14,09:00,구름많음,20 이상,6.0,6.0,-1.0,-5.9,-4.2,,,69.0,북동,2.5,1022.2
2024-01-14,10:00,흐림,20 이상,9.0,9.0,-0.3,-6.9,-3.4,,,61.0,북동,2.5,1021.2
2024-01-14,11:00,흐림,20 이상,10.0,8.0,0.5,-6.1,-2.0,,,61.0,북동,2.1,1020.3
2024-01-14,12:00,약한 비 단속적,20 이상,10.0,8.0,1.2,-4.6,-1.2,0.0,,65.0,북동,2.1,1018.9
2024-01-14,13:00,약한 비 연속적,6.7,10.0,9.0,1.7,-0.2,-0.5,1.4,,87.0,북서,2.0,1018.8
2024-01-14,14:00,약한 비 연속적,2.8,10.0,9.0,2.0,0.8,2.0,2.7,,92.0,서,0.9,1018.4
2024-01-14,15:00,약한 비 연속적,3.9,10.0,8.0,1.7,0.2,1.7,3.0,,90.0,동북동,0.8,1018.3
2024-01-14,16:00,비 끝,4.0,10.0,10.0,2.1,0.9,2.1,3.1,,92.0,정온,0.4,1018.8
2024-01-14,17:00,박무,2.9,10.0,10.0,1.6,0.5,-1.8,3.1,,93.0,서,3.3,1020.1
2024-01-14,18:00,박무,4.1,10.0,10.0,1.4,0.5,-1.6,3.1,,94.0,서,2.7,1020.8
2024-01-14,19:00,흐림,6.6,9.0,9.0,1.0,-0.4,-1.8,3.1,,90.0,서북서,2.4,1021.7
2024-01-14,20:00,흐림,10.2,9.0,9.0,-0.2,-2.5,-3.6,3.1,,84.0,서북서,2.8,1022.3
2024-01-14,21:00,구름조금,10.1,5.0,5.0,-0.8,-3.8,-5.0,3.1,,80.0,북서,3.6,1023.0
2024-01-14,22:00,,10.6,,,-1.8,-5.1,-4.7,3.1,,78.0,서북서,2.1,1023.4
2024-01-14,23:00,,18.3,,,-2.6,-7.1,-7.3,3.1,,71.0,서북서,3.7,1023.9
2024-01-15,06:00,맑음,20 이상,0.0,0.0,-6.2,-11.3,-10.3,,,67.0,북서,2.4,1026.7
2024-01-15,07:00,맑음,20 이상,0.0,0.0,-6.5,-12.5,-11.2,,,62.0,서,2.9,1027.5
2024-01-15,08:00,맑음,20 이상,0.0,0.0,-6.9,-12.3,-11.6,,,65.0,서,2.8,1028.1
2024-01-15,09:00,맑음,20 이상,0.0,0.0,-6.5,-13.8,-10.6,,,56.0,서남서,2.4,1028.8
2024-01-15,10:00,맑음,20 이상,0.0,0.0,-5.2,-14.2,-9.7,,,49.0,북서,2.9,1029.2
2024-01-15,11:00,맑음,20 이상,0.0,0.0,-3.8,-14.2,-8.0,,,44.0,서,2.9,1029.2
2024-01-15,12:00,맑음,20 이상,0.0,0.0,-2.8,-15.1,-7.0,,,38.0,서,3.1,1028.5
2024-01-15,13:00,맑음,20 이상,0.0,0.0,-1.6,-13.7,-4.9,,,39.0,서,2.5,1028.0
2024-01-15,14:00,맑음,20 이상,0.0,0.0,-0.2,-12.8,-5.0,,,38.0,서,4.7,1027.5
2024-01-15,15:00,맑음,20 이상,0.0,0.0,0.5,-12.2,-2.2,,,38.0,서,2.3,1027.2
2024-01-15,16:00,맑음,20 이상,0.0,0.0,0.8,-12.2,-2.6,,,37.0,서남서,3.1,1027.8
2024-01-15,17:00,맑음,20 이상,0.0,0.0,-0.1,-13.4,-3.4,,,36.0,서남서,2.7,1028.1
2024-01-15,18:00,맑음,20 이상,0.0,0.0,-1.5,-13.6,-4.3,,,39.0,서,2.1,1029.1
2024-01-15,19:00,,20 이상,,,-2.0,-13.5,-5.9,,,41.0,서,3.0,1029.3
2024-01-15,20:00,,20 이상,,,-2.4,-13.3,-6.9,,,43.0,북서,3.6,1029.8
2024-01-15,21:00,맑음,20 이상,0.0,0.0,-3.5,-12.9,-7.8,,,48.0,서,3.1,1030.5
2024-01-15,22:00,,20 이상,,,-4.3,-12.7,-4.3,,,52.0,동,1.2,1030.8
2024-01-15,23:00,,20 이상,,,-4.7,-12.6,-7.1,,,54.0,서,1.5,1031.0
2024-01-16,06:00,맑음,20 이상,0.0,0.0,-7.0,-14.1,-10.3,,,57.0,북동,1.8,1032.1
2024-01-16,07:00,맑음,20 이상,0.0,0.0,-7.0,-13.6,-7.0,,,59.0,서북서,1.3,1032.9
2024-01-16,08:00,맑음,20 이상,1.0,0.0,-7.1,-12.7,-7.1,,,64.0,서북서,0.7,1033.5
2024-01-16,09:00,맑음,20 이상,1.0,0.0,-6.3,-12.4,-10.4,,,62.0,북동,2.4,1033.7
2024-01-16,10:00,맑음,20 이상,0.0,0.0,-3.9,-12.3,-7.3,,,52.0,북동,2.2,1034.1
2024-01-16,11:00,맑음,20 이상,1.0,0.0,-1.5,-10.8,-4.2,,,49.0,동,2.0,1033.9
2024-01-16,12:00,구름조금,20 이상,3.0,0.0,-0.1,-11.8,-2.9,,,41.0,동,2.3,1033.5
2024-01-16,13:00,구름조금,20 이상,5.0,0.0,0.9,-11.8,-1.0,,,38.0,북동,1.7,1032.8
2024-01-16,14:00,구름조금,20 이상,3.0,0.0,2.0,-11.1,2.0,,,37.0,북북동,1.1,1032.2
2024-01-16,15:00,구름조금,20 이상,4.0,0.0,3.4,-11.3,3.4,,,33.0,남남서,1.3,1031.9
2024-01-16,16:00,구름많음,20 이상,7.0,0.0,4.0,-11.2,2.8,,,32.0,서,1.5,1031.7
2024-01-16,17:00,구름많음,20 이상,8.0,0.0,3.0,-11.3,3.0,,,34.0,북서,1.3,1031.7
2024-01-16,18:00,구름많음,20 이상,7.0,0.0,1.7,-10.8,1.7,,,39.0,서남서,1.3,1032.1
2024-01-16,19:00,,20 이상,,,0.8,-9.8,0.8,,,45.0,북서,0.8,1032.1
2024-01-16,20:00,,20 이상,,,0.3,-9.7,0.3,,,47.0,북,1.1,1032.0
2024-01-16,21:00,구름조금,20 이상,3.0,0.0,-0.5,-9.6,-2.9,,,50.0,북동,1.9,1032.0
2024-01-16,22:00,,20 이상,,,-0.9,-9.2,-0.9,,,53.0,북북서,1.3,1031.9
2024-01-16,23:00,,20 이상,,,-1.7,-9.3,-4.2,,,56.0,북동,1.8,1031.3
2024-01-17,06:00,구름많음,20 이상,8.0,8.0,-0.6,-8.0,-3.0,,,57.0,북동,1.9,1028.8
2024-01-17,07:00,구름많음,20 이상,6.0,6.0,-0.4,-7.6,-3.5,,,58.0,북동,2.5,1028.5
2024-01-17,08:00,구름많음,20 이상,8.0,8.0,-0.3,-7.5,-0.3,,,58.0,동북동,1.2,1028.4
2024-01-17,09:00,흐림,20 이상,9.0,9.0,0.2,-7.3,-2.8,,,57.0,북동,2.5,1028.1
2024-01-17,10:00,흐림,20 이상,10.0,5.0,0.9,-7.1,-2.1,,,55.0,북동,2.6,1028.5
2024-01-17,11:00,약한 눈 단속적,20 이상,10.0,7.0,1.3,-7.0,1.3,0.0,,54.0,북북서,0.5,1028.5
2024-01-17,12:00,약한 눈 연속적,2.7,10.0,7.0,1.0,-2.5,-0.9,0.1,0.1,77.0,북동,1.7,1027.5
2024-01-17,13:00,약한 눈 연속적,2.6,10.0,8.0,0.7,-1.0,-1.3,1.4,1.3,88.0,북동,1.7,1026.4
2024-01-17,14:00,약한 진눈깨비,2.9,10.0,6.0,0.8,-0.6,-2.6,2.3,2.1,90.0,북동,3.0,1025.0
2024-01-17,15:00,강한 진눈깨비,4.5,10.0,6.0,0.7,-0.4,-2.4,3.3,2.0,92.0,동북동,2.7,1024.4
2024-01-17,16:00,강한 진눈깨비,4.7,10.0,6.0,0.9,-0.1,-2.5,4.9,2.3,93.0,북동,3.1,1023.7
2024-01-17,17:00,약한 비 연속적,7.0,10.0,8.0,1.1,0.0,-2.3,5.4,1.9,93.0,북동,3.1,1023.3
2024-01-17,18:00,약한 비 연속적,5.5,10.0,8.0,1.2,0.3,-1.9,5.7,1.8,94.0,북동,2.8,1023.0
2024-01-17,19:00,약한 비 연속적,4.6,10.0,8.0,1.4,0.6,-1.7,6.2,1.4,95.0,북동,2.8,1023.3
2024-01-17,20:00,약한 비 연속적,2.7,10.0,8.0,1.5,0.7,-1.2,6.8,1.4,95.0,북동,2.4,1022.9
2024-01-17,21:00,약한 비 연속적,3.5,10.0,8.0,1.7,1.2,-1.7,7.0,1.4,97.0,북동,3.3,1022.1
2024-01-17,22:00,약한 비 연속적,2.5,10.0,9.0,1.9,1.3,1.9,7.2,1.2,96.0,동북동,1.2,1022.2
2024-01-17,23:00,약한 비 연속적,0.5,10.0,9.0,1.8,1.0,0.3,8.5,1.2,95.0,북동,1.5,1021.6
2024-01-18,06:00,박무,1.8,8.0,8.0,1.8,1.2,-0.7,0.5,0.8,96.0,서,2.3,1020.9
2024-01-18,07:00,박무,3.1,9.0,5.0,1.5,0.7,-0.5,0.5,0.8,95.0,서,1.8,1021.6
2024-01-18,08:00,박무,2.2,9.0,3.0,1.5,1.0,-0.7,0.5,0.8,97.0,서,2.0,1022.2
2024-01-18,09:00,박무,4.4,8.0,2.0,1.5,0.6,-0.8,0.5,0.8,94.0,서남서,2.1,1022.8
2024-01-18,10:00,박무,4.3,8.0,8.0,1.7,0.6,1.7,0.5,0.7,93.0,서,1.3,1023.5
2024-01-18,11:00,박무,5.3,5.0,2.0,2.9,1.8,1.3,0.5,0.4,93.0,북,1.7,1023.5
2024-01-18,12:00,구름조금,11.9,3.0,0.0,5.0,2.0,3.9,0.5,,81.0,동북동,1.5,1022.7
2024-01-18,13:00,맑음,18.4,1.0,0.0,6.5,2.1,4.8,0.5,,74.0,동북동,2.3,1022.4
2024-01-18,14:00,맑음,17.3,2.0,0.0,7.9,2.9,6.0,0.5,,71.0,동북동,2.9,1021.8
2024-01-18,15:00,맑음,15.8,1.0,0.0,8.5,3.1,6.6,0.5,,69.0,북동,3.1,1021.7
2024-01-18,16:00,맑음,20 이상,1.0,0.0,9.2,2.7,7.3,0.5,,64.0,동북동,3.5,1021.8
2024-01-18,17:00,맑음,20 이상,1.0,0.0,9.0,2.5,7.5,0.5,,64.0,동북동,2.7,1022.5
2024-01-18,18:00,구름조금,20 이상,3.0,3.0,7.7,1.9,5.1,0.5,,67.0,북동,4.1,1023.2
2024-01-18,19:00,,20 이상,,,6.6,1.5,3.8,0.5,,70.0,동북동,4.0,1024.5
2024-01-18,20:00,,20 이상,,,5.4,1.1,2.3,0.5,,74.0,북동,4.1,1025.2
2024-01-18,21:00,맑음,20 이상,0.0,0.0,5.0,0.7,1.3,0.5,,74.0,북동,5.1,1025.6
2024-01-18,22:00,,19.7,,,4.8,0.7,1.4,0.5,,75.0,북동,4.3,1026.2
2024-01-18,23:00,,17.5,,,4.5,0.4,0.9,0.5,,75.0,북동,4.6,1026.4
2024-01-19,06:00,흐림,20 이상,9.0,9.0,4.6,0.0,1.5,,,72.0,동북동,3.8,1027.4
2024-01-19,07:00,흐림,20 이상,9.0,9.0,4.6,-0.4,1.2,,,70.0,북동,4.3,1027.7
2024-01-19,08:00,구름많음,20 이상,6.0,2.0,4.2,-0.6,1.2,,,71.0,동북동,3.4,1028.0
2024-01-19,09:00,맑음,20 이상,1.0,0.0,4.4,-0.4,1.8,,,71.0,동북동,2.9,1028.5
2024-01-19,10:00,구름조금,20 이상,3.0,0.0,5.7,-0.3,2.0,,,65.0,북동,5.4,1028.6
2024-01-19,11:00,구름많음,20 이상,6.0,0.0,7.3,0.2,4.4,,,61.0,동북동,4.6,1028.7
2024-01-19,12:00,구름많음,20 이상,8.0,4.0,7.5,0.2,4.5,,,60.0,동북동,4.8,1028.2
2024-01-19,13:00,구름많음,20 이상,8.0,0.0,8.2,0.1,5.9,,,57.0,동북동,3.7,1027.3
2024-01-19,14:00,구름많음,20 이상,7.0,0.0,8.1,0.0,5.0,,,57.0,동북동,5.4,1026.3
2024-01-19,15:00,구름많음,20 이상,8.0,0.0,8.6,-0.2,6.2,,,54.0,동,4.1,1025.9
2024-01-19,16:00,구름많음,20 이상,8.0,0.0,8.5,-0.5,6.0,,,53.0,북동,4.2,1026.6
2024-01-19,17:00,구름많음,20 이상,8.0,0.0,6.8,-1.1,3.3,,,57.0,북동,5.6,1027.0
2024-01-19,18:00,구름많음,20 이상,8.0,0.0,5.3,-1.6,1.1,,,61.0,북동,6.3,1027.4
2024-01-19,19:00,,20 이상,,,4.6,-1.6,0.5,,,64.0,북동,5.6,1028.0
2024-01-19,20:00,,20 이상,,,4.2,-1.8,0.4,,,65.0,북동,4.9,1028.3
2024-01-19,21:00,구름많음,20 이상,8.0,0.0,4.1,-1.6,-0.3,,,66.0,북동,6.1,1028.3
2024-01-19,22:00,,20 이상,,,4.2,-2.2,0.6,,,63.0,동북동,4.5,1028.5
2024-01-19,23:00,,20 이상,,,4.2,-2.0,1.2,,,64.0,동북동,3.4,1028.4
2024-01-20,06:00,흐림,20 이상,9.0,3.0,3.6,-2.3,-1.4,,,65.0,북동,7.2,1026.3
2024-01-20,07:00,흐림,20 이상,9.0,4.0,3.6,-2.5,-0.7,,,64.0,북동,5.5,1026.3
2024-01-20,08:00,흐림,20 이상,10.0,6.0,3.6,-2.5,-0.9,,,64.0,동북동,6.1,1026.0
2024-01-20,09:00,흐림,20 이상,10.0,3.0,3.8,-2.8,-0.6,,,62.0,동북동,5.9,1026.4
2024-01-20,10:00,흐림,20 이상,10.0,10.0,4.1,-2.9,-0.0,,,60.0,동북동,5.5,1026.9
2024-01-20,11:00,흐림,20 이상,10.0,4.0,4.4,-2.9,-0.0,,,59.0,북동,6.3,1026.7
2024-01-20,12:00,흐림,20 이상,10.0,6.0,4.7,-3.1,0.7,,,57.0,북동,5.6,1025.7
2024-01-20,13:00,약한 비 단속적,20 이상,10.0,7.0,4.8,-2.3,0.7,0.0,,60.0,북동,5.9,1024.8
2024-01-20,14:00,약한 비 연속적,20 이상,10.0,6.0,4.5,-0.5,0.0,0.0,,70.0,북동,6.6,1024.0
2024-01-20,15:00,약한 비 단속적,20 이상,10.0,7.0,4.5,-1.1,0.2,0.0,,67.0,북동,6.1,1023.7
2024-01-20,16:00,약한 비 연속적,20 이상,10.0,8.0,4.0,-0.6,0.0,0.0,,72.0,동북동,5.1,1023.9
2024-01-20,17:00,약한 비 연속적,20 이상,10.0,8.0,3.1,0.1,-0.8,0.0,,81.0,동북동,4.5,1024.0
2024-01-20,18:00,약한 진눈깨비,20 이상,10.0,8.0,2.3,0.6,-1.8,0.2,,89.0,북동,4.6,1024.0
2024-01-20,19:00,약한 진눈깨비,20 이상,10.0,7.0,2.0,0.3,-2.4,0.4,,89.0,동북동,5.0,1024.2
2024-01-20,20:00,약한 진눈깨비,20 이상,10.0,8.0,2.0,-0.4,-2.4,0.4,,84.0,북동,4.9,1024.5
2024-01-20,21:00,약한 진눈깨비,20 이상,9.0,5.0,2.1,-1.1,-2.4,0.4,,79.0,동북동,5.1,1024.7
2024-01-20,22:00,약한 진눈깨비,20 이상,9.0,6.0,2.3,-1.6,-1.6,0.4,,75.0,북동,4.2,1024.8
2024-01-20,23:00,약한 눈 연속적,20 이상,9.0,9.0,2.4,-1.9,-1.9,0.4,,73.0,북동,4.9,1024.4
2024-01-21,06:00,구름많음,20 이상,8.0,8.0,2.0,-3.4,0.7,0.0,,67.0,동북동,1.4,1024.2
2024-01-21,07:00,약한 진눈깨비,20 이상,9.0,9.0,2.0,-3.2,2.0,0.0,,68.0,북동,1.3,1024.9
2024-01-21,08:00,진눈깨비 끝,20 이상,9.0,9.0,1.9,-3.1,1.9,0.0,,69.0,동북동,0.9,1025.2
2024-01-21,09:00,구름많음,20 이상,8.0,8.0,2.3,-2.8,-0.8,0.0,,69.0,동북동,3.0,1025.1
2024-01-21,10:00,흐림,20 이상,9.0,9.0,2.7,-2.4,1.3,0.0,,69.0,북동,1.5,1025.8
2024-01-21,11:00,눈 끝,20 이상,9.0,9.0,3.4,-1.9,2.3,0.0,,68.0,북북서,1.4,1025.7
2024-01-21,12:00,흐림,20 이상,9.0,9.0,4.2,-1.5,4.2,0.0,,66.0,북북동,1.3,1025.2
2024-01-21,13:00,흐림,20 이상,9.0,9.0,4.2,-0.2,1.9,0.0,,73.0,서북서,2.5,1024.8
2024-01-21,14:00,약한 진눈깨비,6.5,9.0,9.0,3.4,1.1,1.4,0.1,,85.0,서북서,2.1,1024.7
2024-01-21,15:00,약한 비 연속적,10.5,10.0,8.0,3.0,1.2,1.1,0.2,,88.0,서,1.9,1024.8
2024-01-21,16:00,약한 비 연속적,11.5,10.0,8.0,2.6,0.9,0.9,0.4,,89.0,서,1.7,1025.0
2024-01-21,17:00,약한 비 연속적,20 이상,10.0,9.0,2.4,0.6,-0.5,0.4,,88.0,서,2.8,1025.5
2024-01-21,18:00,약한 비 단속적,20 이상,10.0,8.0,2.3,0.0,-0.5,0.4,,85.0,서,2.7,1025.9
2024-01-21,19:00,비 끝,20 이상,9.0,9.0,2.2,-0.5,-0.3,0.4,,82.0,서,2.4,1025.8
2024-01-21,20:00,박무,10.1,10.0,8.0,1.5,-0.7,-2.5,0.4,,85.0,서,4.0,1025.9
2024-01-21,21:00,박무,7.5,10.0,8.0,-0.1,-2.9,-4.9,0.4,,81.0,서남서,4.7,1026.5
2024-01-21,22:00,흐림,8.8,10.0,10.0,-1.0,-4.1,-5.8,0.4,,79.0,서남서,4.4,1026.6
2024-01-21,23:00,약한 눈 단속적,9.4,9.0,9.0,-1.9,-4.8,-7.0,0.4,,80.0,서남서,4.5,1026.9
2024-01-22,06:00,약한 눈 연속적,1.1,10.0,8.0,-7.7,-10.0,-13.5,0.1,1.8,83.0,서,3.7,1028.2
2024-01-22,07:00,약한 눈 연속적,19.2,8.0,8.0,-8.2,-12.8,-13.8,0.2,2.3,69.0,서,3.4,1028.3
2024-01-22,08:00,약한 눈 단속적,19.8,9.0,9.0,-8.6,-13.6,-15.2,0.2,2.0,67.0,서남서,4.4,1028.4
2024-01-22,09:00,눈 끝,13.4,7.0,7.0,-8.8,-14.0,-15.2,0.2,1.9,66.0,서남서,4.1,1028.8
2024-01-22,10:00,구름많음,20 이상,7.0,7.0,-8.8,-14.1,-15.1,0.2,1.6,65.0,서북서,4.0,1029.3
2024-01-22,11:00,구름많음,20 이상,7.0,7.0,-8.4,-14.7,-14.9,0.2,1.4,60.0,서,4.3,1029.1
2024-01-22,12:00,구름조금,20 이상,5.0,5.0,-8.4,-14.7,-15.3,0.2,1.0,60.0,서북서,4.8,1028.2
2024-01-22,13:00,구름많음,20 이상,7.0,7.0,-7.1,-13.9,-12.9,0.2,0.7,58.0,서,3.9,1027.6
2024-01-22,14:00,구름조금,20 이상,4.0,4.0,-7.2,-14.2,-14.0,0.2,0.4,57.0,서,5.1,1027.0
2024-01-22,15:00,구름조금,20 이상,4.0,4.0,-7.3,-14.1,-14.4,0.2,0.2,58.0,서북서,5.5,1027.0
2024-01-22,16:00,구름조금,20 이상,5.0,5.0,-7.5,-14.7,-13.5,0.2,0.1,56.0,서북서,4.0,1027.1
2024-01-22,17:00,구름많음,20 이상,7.0,7.0,-8.5,-15.3,-14.9,0.2,,58.0,서북서,4.2,1027.6
2024-01-22,18:00,맑음,20 이상,1.0,1.0,-9.4,-15.5,-14.3,0.2,,61.0,서북서,2.6,1028.3
2024-01-22,19:00,,20 이상,,,-10.3,-16.0,-16.5,0.2,,63.0,서,3.5,1029.4
2024-01-22,20:00,,20 이상,,,-11.0,-16.6,-18.5,0.2,,63.0,서,4.8,1029.5
2024-01-22,21:00,맑음,20 이상,2.0,2.0,-11.4,-17.4,-17.5,0.2,,61.0,서북서,3.2,1029.8
2024-01-22,22:00,,20 이상,,,-11.5,-17.5,-17.5,0.2,,61.0,서북서,3.1,1029.7
2024-01-22,23:00,,20 이상,,,-11.6,-17.6,-19.2,0.2,,61.0,서북서,4.7,1029.1
2024-01-23,06:00,맑음,20 이상,0.0,0.0,-13.9,-20.8,-20.4,,,56.0,서,3.1,1027.9
2024-01-23,07:00,맑음,20 이상,0.0,0.0,-13.8,-20.5,-20.9,,,57.0,서북서,3.7,1027.9
2024-01-23,08:00,맑음,20 이상,0.0,0.0,-14.0,-19.9,-19.6,,,61.0,서북서,2.5,1027.9
2024-01-23,09:00,맑음,20 이상,0.0,0.0,-13.6,-19.7,-19.9,,,60.0,서북서,3.0,1027.9
2024-01-23,10:00,맑음,20 이상,0.0,0.0,-12.4,-19.6,-20.1,,,55.0,서,4.6,1027.9
2024-01-23,11:00,맑음,20 이상,0.0,0.0,-11.2,-18.9,-17.9,,,53.0,서,3.8,1027.9
2024-01-23,12:00,맑음,20 이상,0.0,0.0,-10.4,-19.0,-17.1,,,49.0,서,4.0,1026.5
2024-01-23,13:00,맑음,20 이상,0.0,0.0,-10.0,-19.4,-18.0,,,46.0,서,5.7,1025.5
2024-01-23,14:00,맑음,20 이상,0.0,0.0,-8.9,-18.7,-15.2,,,45.0,서,4.0,1024.4
2024-01-23,15:00,맑음,20 이상,1.0,1.0,-8.8,-18.0,-16.1,,,47.0,서,5.2,1024.0
2024-01-23,16:00,맑음,20 이상,1.0,1.0,-8.8,-17.6,-15.9,,,49.0,서북서,4.9,1023.8
2024-01-23,17:00,맑음,20 이상,1.0,0.0,-9.5,-18.0,-15.6,,,50.0,서북서,3.6,1023.9
2024-01-23,18:00,맑음,20 이상,2.0,1.0,-10.7,-18.4,-18.9,,,53.0,서,5.8,1024.1
2024-01-23,19:00,,20 이상,,,-11.2,-18.2,-18.5,,,56.0,서북서,4.5,1025.2
2024-01-23,20:00,,20 이상,,,-11.8,-18.4,-19.6,,,58.0,서,4.9,1025.7
2024-01-23,21:00,맑음,20 이상,1.0,1.0,-11.9,-18.7,-18.9,,,57.0,서,4.0,1026.2
2024-01-23,22:00,,20 이상,,,-11.8,-18.2,-17.9,,,59.0,서,3.2,1026.2
2024-01-23,23:00,,20 이상,,,-11.5,-18.1,-18.2,,,58.0,서,3.8,1026.0
2024-01-24,06:00,맑음,20 이상,0.0,0.0,-11.0,-17.8,-16.5,,,57.0,서,2.8,1025.6
2024-01-24,07:00,맑음,20 이상,0.0,0.0,-11.1,-17.7,-17.4,,,58.0,서남서,3.5,1026.1
2024-01-24,08:00,맑음,20 이상,0.0,0.0,-11.2,-17.6,-18.3,,,59.0,서,4.2,1026.4
2024-01-24,09:00,맑음,20 이상,0.0,0.0,-10.6,-17.6,-18.0,,,56.0,서,4.8,1026.4
2024-01-24,10:00,맑음,20 이상,0.0,0.0,-9.7,-17.9,-17.4,,,51.0,서북서,5.4,1027.2
2024-01-24,11:00,맑음,20 이상,0.0,0.0,-8.0,-16.8,-14.0,,,49.0,서,3.8,1027.4
2024-01-24,12:00,맑음,20 이상,0.0,0.0,-6.7,-16.6,-12.2,,,45.0,서,3.6,1026.8
2024-01-24,13:00,맑음,20 이상,0.0,0.0,-5.7,-16.0,-11.2,,,44.0,서,3.9,1025.9
2024-01-24,14:00,맑음,20 이상,0.0,0.0,-5.2,-16.4,-11.2,,,41.0,서북서,4.6,1025.4
2024-01-24,15:00,맑음,20 이상,0.0,0.0,-4.3,-15.3,-10.2,,,42.0,서북서,4.8,1024.8
2024-01-24,16:00,맑음,20 이상,0.0,0.0,-3.7,-15.0,-8.8,,,41.0,서,4.0,1024.7
2024-01-24,17:00,맑음,20 이상,0.0,0.0,-4.5,-15.2,-9.5,,,43.0,서,3.6,1025.1
2024-01-24,18:00,맑음,20 이상,0.0,0.0,-5.6,-15.6,-10.0,,,45.0,서,2.8,1025.8
2024-01-24,19:00,,20 이상,,,-6.3,-15.5,-10.7,,,48.0,서북서,2.7,1026.7
2024-01-24,20:00,,20 이상,,,-6.7,-14.9,-11.2,,,52.0,서,2.7,1027.3
2024-01-24,21:00,맑음,20 이상,0.0,0.0,-7.1,-14.6,-11.3,,,55.0,서북서,2.4,1027.6
2024-01-24,22:00,,20 이상,,,-7.5,-15.0,-11.2,,,55.0,북서,2.0,1027.7
2024-01-24,23:00,,20 이상,,,-7.9,-15.1,-10.8,,,56.0,서,1.5,1028.0
2024-01-25,06:00,맑음,20 이상,0.0,0.0,-9.5,-16.8,-12.8,,,55.0,서,1.6,1028.3
2024-01-25,07:00,맑음,20 이상,0.0,0.0,-9.7,-16.6,-13.9,,,57.0,서,2.1,1028.4
2024-01-25,08:00,맑음,20 이상,0.0,0.0,-9.4,-17.2,-13.6,,,53.0,서,2.1,1029.4
2024-01-25,09:00,맑음,20 이상,0.0,0.0,-8.5,-16.3,-12.7,,,53.0,서,2.2,1029.6
2024-01-25,10:00,맑음,20 이상,0.0,0.0,-6.9,-16.3,-11.1,,,47.0,북서,2.4,1029.8
2024-01-25,11:00,맑음,20 이상,0.0,0.0,-6.0,-16.5,-10.2,,,43.0,북서,2.5,1029.6
2024-01-25,12:00,맑음,20 이상,0.0,0.0,-4.2,-16.7,-4.2,,,37.0,서북서,1.3,1028.8
2024-01-25,13:00,맑음,20 이상,0.0,0.0,-2.8,-16.5,-6.7,,,34.0,서,2.8,1028.0
2024-01-25,14:00,맑음,20 이상,0.0,0.0,-1.6,-15.1,-5.2,,,35.0,남서,2.8,1027.6
2024-01-25,15:00,맑음,20 이상,0.0,0.0,-1.0,-15.2,-5.0,,,33.0,서남서,3.3,1027.4
2024-01-25,16:00,맑음,20 이상,0.0,0.0,-0.5,-15.5,-4.2,,,31.0,서남서,3.1,1027.8
2024-01-25,17:00,맑음,20 이상,1.0,0.0,-0.9,-14.1,-4.2,,,36.0,서,2.6,1027.7
2024-01-25,18:00,맑음,20 이상,0.0,0.0,-2.2,-12.5,-6.0,,,45.0,남서,2.8,1028.4
2024-01-25,19:00,,20 이상,,,-2.6,-12.1,-6.3,,,48.0,서남서,2.7,1028.9
2024-01-25,20:00,,20 이상,,,-2.9,-12.1,-6.0,,,49.0,남서,2.1,1028.8
2024-01-25,21:00,맑음,20 이상,0.0,0.0,-3.4,-12.6,-6.6,,,49.0,서남서,2.1,1029.2
2024-01-25,22:00,,20 이상,,,-3.9,-12.8,-7.5,,,50.0,서,2.4,1029.2
2024-01-25,23:00,,20 이상,,,-4.3,-12.7,-4.3,,,52.0,서북서,1.0,1029.3
2024-01-26,06:00,맑음,20 이상,0.0,0.0,-6.3,-12.0,-6.3,,,64.0,북북동,0.8,1029.3
2024-01-26,07:00,맑음,20 이상,0.0,0.0,-6.7,-12.3,-11.1,,,64.0,북북동,2.6,1029.4
2024-01-26,08:00,맑음,20 이상,0.0,0.0,-6.8,-12.2,-10.5,,,65.0,북북동,2.1,1029.5
2024-01-26,09:00,맑음,20 이상,0.0,0.0,-6.0,-11.7,-9.1,,,64.0,북동,1.8,1029.9
2024-01-26,10:00,맑음,20 이상,0.0,0.0,-3.2,-9.6,-5.8,,,61.0,북동,1.7,1029.9
2024-01-26,11:00,맑음,20 이상,0.0,0.0,-0.3,-9.2,-3.1,,,51.0,남,2.2,1030.4
2024-01-26,12:00,맑음,20 이상,2.0,0.0,1.3,-9.3,-0.3,,,45.0,서남서,1.5,1029.4
2024-01-26,13:00,맑음,20 이상,0.0,0.0,2.2,-10.0,-0.8,,,40.0,서,2.9,1027.9
2024-01-26,14:00,맑음,20 이상,0.0,0.0,2.9,-8.4,0.1,,,43.0,서,2.8,1027.5
2024-01-26,15:00,맑음,17.0,1.0,0.0,3.8,-5.9,1.0,,,49.0,서남서,3.1,1027.8
2024-01-26,16:00,맑음,15.4,0.0,0.0,3.8,-5.9,0.8,,,49.0,서,3.3,1027.9
2024-01-26,17:00,맑음,17.5,0.0,0.0,2.8,-5.3,-0.1,,,55.0,서,2.9,1027.7
2024-01-26,18:00,맑음,16.8,0.0,0.0,1.5,-5.0,-1.3,,,62.0,서남서,2.5,1027.9
2024-01-26,19:00,,14.5,,,0.5,-4.9,-2.8,,,67.0,서남서,2.9,1028.5
2024-01-26,20:00,,12.2,,,-0.2,-4.8,-1.8,,,71.0,서,1.4,1028.5
2024-01-26,21:00,맑음,11.0,0.0,0.0,-0.8,-4.6,-0.8,,,75.0,서,0.5,1028.5
2024-01-26,22:00,구름조금,9.9,3.0,1.0,-1.3,-4.3,-1.3,,,80.0,정온,0.2,1028.7
2024-01-26,23:00,맑음,10.3,2.0,2.0,-1.0,-3.3,-3.5,,,84.0,서,1.9,1028.6
2024-01-27,06:00,맑음,10.2,0.0,0.0,-3.8,-6.4,-6.8,,,82.0,서,1.9,1027.9
2024-01-27,07:00,박무,7.8,0.0,0.0,-4.0,-6.0,-4.0,,,86.0,서,1.2,1028.5
2024-01-27,08:00,박무,9.4,0.0,0.0,-4.5,-6.6,-4.5,,,85.0,정온,0.4,1028.5
2024-01-27,09:00,맑음,10.4,0.0,0.0,-4.1,-6.4,-4.1,,,84.0,정온,0.3,1028.7
2024-01-27,10:00,맑음,12.9,0.0,0.0,-1.9,-6.4,-1.9,,,71.0,서,1.0,1028.8
2024-01-27,11:00,맑음,18.3,0.0,0.0,0.4,-8.5,-1.2,,,51.0,서,1.4,1028.9
2024-01-27,12:00,맑음,16.9,0.0,0.0,2.1,-9.2,-0.2,,,43.0,서북서,2.2,1027.9
2024-01-27,13:00,맑음,14.4,2.0,0.0,2.7,-7.5,-1.0,,,47.0,서북서,4.1,1027.2
2024-01-27,14:00,구름조금,14.4,3.0,0.0,3.8,-6.5,0.8,,,47.0,서남서,3.3,1026.2
2024-01-27,15:00,구름많음,13.7,7.0,0.0,4.5,-6.7,3.2,,,44.0,서남서,1.6,1025.8
2024-01-27,16:00,구름많음,13.8,8.0,3.0,3.6,-5.3,0.6,,,52.0,서,3.3,1025.9
2024-01-27,17:00,구름많음,16.4,6.0,1.0,2.8,-4.4,-0.6,,,59.0,서남서,3.6,1025.7
2024-01-27,18:00,구름조금,14.1,4.0,0.0,1.6,-4.4,-2.6,,,64.0,서,4.5,1025.9
2024-01-27,19:00,,11.5,,,0.6,-4.4,-2.4,,,69.0,서,2.6,1026.0
2024-01-27,20:00,,11.2,,,-0.1,-4.3,-3.1,,,73.0,서,2.4,1026.0
2024-01-27,21:00,구름조금,10.3,4.0,0.0,-0.6,-4.4,-0.6,,,75.0,서,1.1,1025.8
2024-01-27,22:00,맑음,9.7,0.0,0.0,-0.9,-3.9,-2.6,,,80.0,서,1.4,1026.1
2024-01-27,23:00,맑음,8.7,0.0,0.0,-1.2,-4.0,-3.6,,,81.0,서,1.8,1026.0
2024-01-28,06:00,맑음,18.4,2.0,0.0,-4.6,-9.2,-7.0,,,70.0,남남서,1.5,1026.6
2024-01-28,07:00,맑음,16.8,0.0,0.0,-4.8,-9.0,-4.8,,,72.0,서,1.3,1027.3
2024-01-28,08:00,맑음,18.9,0.0,0.0,-5.0,-9.2,-5.0,,,72.0,서,1.1,1028.0
2024-01-28,09:00,맑음,20 이상,0.0,0.0,-4.3,-8.9,-4.3,,,70.0,서북서,0.7,1028.6
2024-01-28,10:00,구름많음,20 이상,6.0,3.0,-1.6,-8.3,-3.4,,,60.0,남,1.4,1028.7
2024-01-28,11:00,구름많음,20 이상,8.0,8.0,-0.3,-8.7,-2.4,,,53.0,북북서,1.7,1029.0
2024-01-28,12:00,구름많음,20 이상,8.0,8.0,0.8,-8.2,-1.5,,,51.0,북서,2.0,1029.0
2024-01-28,13:00,맑음,20 이상,2.0,2.0,1.8,-7.8,-1.3,,,49.0,서남서,2.9,1028.7
2024-01-28,14:00,구름조금,20 이상,3.0,3.0,2.9,-7.0,0.2,,,48.0,남서,2.7,1028.0
2024-01-28,15:00,맑음,20 이상,1.0,1.0,2.9,-7.6,0.5,,,46.0,서북서,2.4,1027.9
2024-01-28,16:00,맑음,20 이상,0.0,0.0,3.5,-7.0,1.8,,,46.0,서남서,1.8,1027.9
2024-01-28,17:00,맑음,20 이상,0.0,0.0,2.6,-7.6,-0.1,,,47.0,서,2.6,1028.4
2024-01-28,18:00,맑음,20 이상,0.0,0.0,0.9,-7.1,-2.8,,,55.0,서,3.5,1029.2
2024-01-28,19:00,,20 이상,,,-0.2,-6.8,-3.1,,,61.0,서,2.3,1029.6
2024-01-28,20:00,,20 이상,,,-0.9,-6.8,-3.5,,,64.0,서,2.0,1030.2
2024-01-28,21:00,맑음,20 이상,0.0,0.0,-1.5,-6.8,-3.3,,,67.0,서,1.4,1030.2
2024-01-28,22:00,,18.5,,,-1.9,-6.4,-4.1,,,71.0,서,1.6,1030.7
2024-01-28,23:00,,16.8,,,-2.3,-6.3,-2.3,,,74.0,서북서,1.2,1030.6
2024-01-29,06:00,맑음,12.5,0.0,0.0,-4.4,-7.1,-7.1,,,81.0,북북동,1.7,1031.0
2024-01-29,07:00,맑음,12.8,0.0,0.0,-4.6,-6.8,-4.6,,,84.0,북동,1.1,1031.4
2024-01-29,08:00,맑음,12.2,0.0,0.0,-4.7,-6.8,-7.1,,,85.0,북동,1.5,1032.0
2024-01-29,09:00,맑음,11.7,0.0,0.0,-4.0,-6.3,-6.8,,,84.0,북동,1.8,1032.1
2024-01-29,10:00,맑음,10.6,0.0,0.0,-1.4,-4.7,-4.2,,,78.0,동북동,2.1,1031.8
2024-01-29,11:00,구름조금,10.7,5.0,5.0,0.4,-5.0,-1.8,,,67.0,북동,1.8,1032.2
2024-01-29,12:00,구름많음,18.2,6.0,2.0,2.1,-6.7,-0.4,,,52.0,서북서,2.3,1031.6
2024-01-29,13:00,맑음,19.4,1.0,1.0,2.6,-7.0,-0.6,,,49.0,서북서,3.2,1030.7
2024-01-29,14:00,맑음,16.9,1.0,1.0,3.9,-6.6,2.5,,,46.0,서,1.6,1030.1
2024-01-29,15:00,맑음,17.7,0.0,0.0,4.4,-6.8,2.4,,,44.0,북북서,2.3,1029.8
2024-01-29,16:00,맑음,13.0,0.0,0.0,4.5,-7.3,2.2,,,42.0,서,2.6,1029.7
2024-01-29,17:00,맑음,14.8,0.0,0.0,3.6,-6.9,2.1,,,46.0,서,1.7,1030.0
2024-01-29,18:00,맑음,15.4,1.0,0.0,2.2,-6.6,2.2,,,52.0,서북서,1.2,1030.4
2024-01-29,19:00,,14.0,,,1.4,-5.9,-0.6,,,58.0,서북서,1.8,1030.7
2024-01-29,20:00,,12.0,,,0.8,-5.2,-2.3,,,64.0,북서,2.7,1031.1
2024-01-29,21:00,구름많음,11.9,6.0,0.0,0.6,-4.6,-2.2,,,68.0,서북서,2.4,1030.9
2024-01-29,22:00,,11.2,,,0.2,-4.8,0.2,,,69.0,남남서,0.5,1031.3
2024-01-29,23:00,,10.4,,,-0.5,-5.1,-0.5,,,71.0,정온,0.4,1031.3
2024-01-30,06:00,박무,7.8,0.0,0.0,-3.2,-5.5,-3.2,,,84.0,동북동,1.1,1030.8
2024-01-30,07:00,박무,6.3,0.0,0.0,-3.8,-6.1,-6.9,,,84.0,북북동,2.0,1030.8
2024-01-30,08:00,박무,5.6,0.0,0.0,-4.0,-6.0,-7.9,,,86.0,북북동,2.6,1031.1
2024-01-30,09:00,박무,5.9,0.0,0.0,-3.1,-4.9,-5.6,,,87.0,북동,1.7,1031.4
2024-01-30,10:00,박무,7.0,0.0,0.0,-0.3,-4.0,-2.4,,,76.0,북동,1.7,1031.3
2024-01-30,11:00,연무,9.8,2.0,0.0,2.0,-5.1,0.4,,,59.0,동북동,1.6,1031.0
2024-01-30,12:00,구름조금,11.6,4.0,0.0,3.4,-6.3,1.4,,,49.0,동북동,2.1,1029.6
2024-01-30,13:00,구름조금,13.1,5.0,0.0,5.3,-6.2,3.7,,,43.0,동,2.0,1028.5
2024-01-30,14:00,구름많음,15.1,7.0,0.0,6.1,-7.8,4.4,,,36.0,북동,2.2,1027.2
2024-01-30,15:00,구름많음,17.5,6.0,0.0,7.1,-8.5,6.2,,,32.0,북동,1.6,1026.5
2024-01-30,16:00,구름조금,19.3,5.0,0.0,8.1,-7.6,7.6,,,32.0,동,1.4,1026.1
2024-01-30,17:00,구름조금,16.5,3.0,0.0,7.4,-8.2,7.4,,,32.0,북동,1.1,1026.2
2024-01-30,18:00,구름조금,15.4,3.0,0.0,5.7,-7.5,5.7,,,38.0,북서,1.2,1026.4
2024-01-30,19:00,,14.9,,,4.3,-7.2,4.3,,,43.0,서북서,0.6,1026.3
2024-01-30,20:00,,14.1,,,3.3,-6.6,3.3,,,48.0,정온,0.4,1025.9
2024-01-30,21:00,맑음,14.2,0.0,0.0,2.7,-7.2,2.7,,,48.0,서북서,1.1,1026.7
2024-01-30,22:00,,13.8,,,1.8,-6.5,1.8,,,54.0,북동,0.8,1026.4
2024-01-30,23:00,,14.1,,,1.0,-7.2,-0.9,,,54.0,북북동,1.7,1025.8
2024-01-31,06:00,구름많음,14.4,8.0,8.0,1.5,-6.1,1.5,,,57.0,정온,0.3,1024.7
2024-01-31,07:00,구름많음,14.6,8.0,8.0,1.3,-6.2,1.3,,,57.0,정온,0.4,1024.9
2024-01-31,08:00,구름많음,14.8,7.0,7.0,1.5,-5.8,1.5,,,58.0,북,1.3,1025.4
2024-01-31,09:00,구름조금,13.4,4.0,4.0,1.7,-5.9,1.7,,,57.0,북동,1.1,1025.4
2024-01-31,10:00,맑음,12.6,0.0,0.0,3.7,-5.2,2.1,,,52.0,북동,1.8,1025.2
2024-01-31,11:00,맑음,11.2,0.0,0.0,5.9,-5.4,5.9,,,44.0,북북동,1.1,1025.0
2024-01-31,12:00,맑음,10.4,0.0,0.0,8.0,-4.8,8.0,,,40.0,남남동,1.2,1024.1
2024-01-31,13:00,맑음,11.4,0.0,0.0,9.7,-6.2,9.0,,,32.0,남남서,1.8,1023.0
2024-01-31,14:00,맑음,11.5,0.0,0.0,9.7,-7.0,8.5,,,30.0,서북서,2.4,1022.2
2024-01-31,15:00,맑음,13.6,0.0,0.0,10.4,-5.6,10.4,,,32.0,서,2.7,1021.8
2024-01-31,16:00,맑음,14.8,0.0,0.0,9.5,-7.2,7.7,,,30.0,서북서,3.4,1022.0
2024-01-31,17:00,맑음,15.0,0.0,0.0,8.9,-6.1,7.2,,,34.0,서,2.9,1022.1
2024-01-31,18:00,맑음,13.3,0.0,0.0,7.2,-2.8,5.3,,,49.0,서북서,2.7,1022.6
2024-01-31,19:00,,10.2,,,6.0,-1.8,3.9,,,57.0,북북서,2.7,1023.0
2024-01-31,20:00,맑음,8.3,0.0,0.0,5.3,-1.4,3.3,,,62.0,북서,2.4,1023.7
2024-01-31,21:00,연무,7.4,0.0,0.0,4.4,-1.4,3.2,,,66.0,서남서,1.5,1023.7
2024-01-31,22:00,맑음,6.8,0.0,0.0,3.7,-1.4,3.7,,,69.0,서북서,0.7,1023.7
2024-01-31,23:00,맑음,6.7,0.0,0.0,3.6,-0.6,0.7,,,74.0,북서,3.2,1023.7
2024-02-01,06:00,박무,4.0,4.0,2.0,-0.6,-3.9,-3.5,,,78.0,서남서,2.3,1025.4
2024-02-01,07:00,박무,4.2,5.0,2.0,-1.1,-4.6,-3.6,,,77.0,서,1.9,1025.7
2024-02-01,08:00,박무,4.2,6.0,3.0,-1.2,-4.5,-1.2,,,78.0,서,1.3,1026.4
2024-02-01,09:00,박무,4.0,5.0,3.0,-1.0,-4.3,-1.0,,,78.0,서,1.2,1026.5
2024-02-01,10:00,박무,4.1,6.0,3.0,0.6,-2.9,0.6,,,77.0,서북서,1.3,1026.4
2024-02-01,11:00,연무,4.7,7.0,4.0,2.6,-2.9,0.9,,,67.0,동,1.7,1026.3
2024-02-01,12:00,연무,4.9,8.0,8.0,3.7,-3.1,1.5,,,61.0,북동,2.3,1025.3
2024-02-01,13:00,연무,5.4,7.0,2.0,4.9,-3.6,4.9,,,54.0,동북동,1.3,1024.3
2024-02-01,14:00,연무,6.4,7.0,2.0,6.2,-4.0,5.0,,,48.0,북,1.8,1023.5
2024-02-01,15:00,연무,7.5,8.0,3.0,6.9,-4.5,6.0,,,44.0,동북동,1.6,1023.3
2024-02-01,16:00,연무,5.6,3.0,0.0,7.7,-2.9,5.9,,,47.0,서남서,2.7,1023.8
2024-02-01,17:00,연무,6.2,7.0,0.0,6.6,-3.3,4.9,,,49.0,서,2.3,1023.7
2024-02-01,18:00,연무,7.3,6.0,0.0,4.9,-3.6,2.1,,,54.0,서북서,3.4,1024.5
2024-02-01,19:00,구름조금,8.7,3.0,3.0,3.5,-4.2,0.1,,,57.0,서북서,3.8,1025.0
2024-02-01,20:00,구름많음,8.8,7.0,7.0,2.9,-4.7,2.9,,,57.0,북북서,0.7,1025.2
2024-02-01,21:00,연무,8.6,6.0,6.0,2.2,-4.7,0.9,,,60.0,서,1.4,1025.5
2024-02-01,22:00,구름많음,20 이상,6.0,6.0,2.4,-4.3,-0.8,,,61.0,북동,3.2,1025.7
2024-02-01,23:00,,20 이상,,,2.2,-4.3,-1.5,,,62.0,북동,3.8,1025.7
2024-02-02,06:00,구름많음,20 이상,6.0,3.0,1.2,-4.2,-1.5,,,67.0,북동,2.4,1025.5
2024-02-02,07:00,구름조금,20 이상,5.0,5.0,1.1,-4.1,-1.4,,,68.0,북동,2.2,1026.1
2024-02-02,08:00,구름많음,20 이상,7.0,7.0,1.1,-3.9,-1.2,,,69.0,북동,2.0,1026.8
2024-02-02,09:00,구름많음,20 이상,8.0,8.0,1.5,-3.7,-1.2,,,68.0,북동,2.4,1026.9
2024-02-02,10:00,구름많음,20 이상,8.0,8.0,2.7,-3.4,0.2,,,64.0,북동,2.5,1027.3
2024-02-02,11:00,구름많음,20 이상,7.0,7.0,3.8,-3.0,1.7,,,61.0,동북동,2.2,1026.7
2024-02-02,12:00,구름많음,20 이상,6.0,6.0,5.3,-2.5,4.0,,,57.0,남,1.7,1026.8
2024-02-02,13:00,연무,9.2,3.0,3.0,6.7,-2.2,5.5,,,53.0,남,1.8,1026.4
2024-02-02,14:00,연무,6.4,0.0,0.0,7.5,-2.8,5.8,,,48.0,남남서,2.6,1025.8
2024-02-02,15:00,연무,5.8,0.0,0.0,7.7,-2.0,6.2,,,50.0,서남서,2.4,1026.1
2024-02-02,16:00,연무,5.8,7.0,0.0,6.8,-2.3,5.3,,,52.0,서북서,2.2,1026.1
2024-02-02,17:00,연무,5.9,8.0,0.0,5.8,-1.8,4.1,,,58.0,서,2.2,1026.8
2024-02-02,18:00,연무,6.5,6.0,0.0,4.1,-1.6,1.6,,,66.0,서남서,2.8,1027.2
2024-02-02,19:00,구름많음,6.6,8.0,1.0,3.2,-1.7,0.0,,,70.0,서남서,3.4,1028.4
2024-02-02,20:00,구름많음,7.0,6.0,2.0,2.4,-2.3,2.4,,,71.0,서북서,0.8,1027.4
2024-02-02,21:00,연무,6.1,6.0,0.0,1.9,-2.2,1.9,,,74.0,서북서,1.1,1027.8
2024-02-02,22:00,구름조금,5.8,3.0,3.0,1.3,-2.4,1.3,,,76.0,서,0.9,1028.3
2024-02-02,23:00,구름많음,5.9,6.0,6.0,1.0,-2.4,1.0,,,78.0,정온,0.1,1028.8
2024-02-03,06:00,흐림,14.9,9.0,5.0,1.6,-3.6,-1.6,,,68.0,북동,3.0,1028.6
2024-02-03,07:00,구름많음,17.6,8.0,6.0,2.0,-3.6,-1.7,,,66.0,북동,3.8,1028.5
2024-02-03,08:00,구름많음,18.7,8.0,3.0,2.3,-3.6,-1.0,,,65.0,북동,3.3,1028.7
2024-02-03,09:00,구름많음,17.6,8.0,3.0,2.9,-3.2,-0.5,,,64.0,북동,3.6,1028.6
2024-02-03,10:00,흐림,19.3,9.0,4.0,4.3,-2.7,1.4,,,60.0,북동,3.4,1028.9
2024-02-03,11:00,흐림,17.8,9.0,2.0,5.0,-2.3,2.2,,,59.0,동북동,3.4,1028.5
2024-02-03,12:00,흐림,19.7,9.0,4.0,6.5,-1.9,3.9,,,55.0,북동,3.7,1027.5
2024-02-03,13:00,흐림,20 이상,9.0,4.0,7.7,-1.2,6.2,,,53.0,동북동,2.3,1026.8
2024-02-03,14:00,흐림,20 이상,9.0,5.0,8.1,-1.4,6.4,,,51.0,북동,2.7,1026.0
2024-02-03,15:00,흐림,20 이상,9.0,4.0,8.2,-1.0,7.2,,,52.0,북동,1.9,1025.5
2024-02-03,16:00,흐림,20 이상,10.0,6.0,7.8,-1.2,6.2,,,53.0,북동,2.5,1025.4
2024-02-03,17:00,흐림,20 이상,10.0,6.0,7.5,-1.4,7.5,,,53.0,북동,1.2,1025.5
2024-02-03,18:00,흐림,20 이상,10.0,7.0,7.1,-1.1,6.2,,,56.0,북북서,1.6,1025.2
2024-02-03,19:00,,17.0,,,6.7,-0.9,5.5,,,58.0,서,1.8,1025.6
2024-02-03,20:00,약한 비 단속적,16.1,10.0,8.0,6.3,-1.1,5.3,0.0,,59.0,서북서,1.6,1026.0
2024-02-03,21:00,약한 비 단속적,12.6,10.0,8.0,6.0,0.3,6.0,0.0,,67.0,북북동,0.7,1026.2
2024-02-03,22:00,비 끝,12.9,10.0,7.0,5.5,-0.3,5.5,0.0,,66.0,정온,0.2,1026.4
2024-02-03,23:00,,12.3,,,5.3,-0.1,5.3,0.0,,68.0,남,1.1,1026.4
2024-02-04,06:00,흐림,12.0,9.0,9.0,4.2,-0.4,2.3,,,72.0,북동,2.1,1025.5
2024-02-04,07:00,구름많음,10.7,8.0,8.0,3.8,-0.6,3.8,,,73.0,동북동,0.7,1026.2
2024-02-04,08:00,구름많음,11.3,8.0,8.0,3.7,-0.8,3.7,,,72.0,북동,1.0,1026.4
2024-02-04,09:00,구름많음,12.8,8.0,8.0,4.3,-0.6,2.1,,,70.0,북동,2.4,1026.8
2024-02-04,10:00,구름많음,13.1,8.0,8.0,5.5,-0.1,4.3,,,67.0,동북동,1.7,1027.0
2024-02-04,11:00,맑음,15.3,0.0,0.0,7.4,0.8,5.8,,,63.0,북동,2.4,1026.6
2024-02-04,12:00,구름많음,20 이상,7.0,3.0,9.1,1.2,8.3,,,58.0,남동,1.8,1026.0
2024-02-04,13:00,구름많음,20 이상,7.0,7.0,10.5,1.0,10.5,,,52.0,남동,2.5,1024.8
2024-02-04,14:00,구름많음,20 이상,6.0,3.0,11.7,0.4,11.7,,,46.0,남동,2.1,1023.8
2024-02-04,15:00,구름많음,20 이상,7.0,0.0,11.3,0.0,11.3,,,46.0,동북동,2.8,1023.3
2024-02-04,16:00,흐림,20 이상,9.0,0.0,10.8,-0.3,10.8,,,46.0,북북동,1.8,1023.2
2024-02-04,17:00,흐림,20 이상,10.0,0.0,10.2,0.0,10.2,,,49.0,동,1.0,1023.1
2024-02-04,18:00,흐림,20 이상,9.0,9.0,9.5,0.1,9.5,,,52.0,동남동,0.5,1022.9
2024-02-04,19:00,,20 이상,,,9.2,0.6,7.8,,,55.0,남동,2.6,1022.9
2024-02-04,20:00,,20 이상,,,8.9,0.8,7.6,,,57.0,남동,2.4,1023.2
2024-02-04,21:00,흐림,20 이상,10.0,6.0,8.5,0.6,8.5,,,58.0,동북동,1.2,1023.4
2024-02-04,22:00,,20 이상,,,8.3,0.9,6.8,,,60.0,동북동,2.5,1023.3
2024-02-04,23:00,,20 이상,,,7.4,-0.5,4.5,,,57.0,동북동,4.5,1023.1
2024-02-05,06:00,약한 비 단속적,20 이상,10.0,8.0,4.4,0.7,1.3,1.2,,77.0,북동,3.7,1018.2
2024-02-05,07:00,약한 비 단속적,20 이상,10.0,8.0,5.1,0.0,1.4,1.2,,70.0,동북동,5.0,1018.4
2024-02-05,08:00,약한 비 단속적,20 이상,10.0,8.0,4.8,-0.2,0.4,1.2,,70.0,북동,6.5,1019.0
2024-02-05,09:00,약한 비 단속적,20 이상,10.0,8.0,4.4,-0.2,-0.3,1.2,,72.0,북동,7.0,1019.4
2024-02-05,10:00,약한 비 연속적,20 이상,10.0,7.0,4.0,-0.2,-0.5,1.2,,74.0,북동,6.2,1019.4
2024-02-05,11:00,약한 비 연속적,20 이상,10.0,7.0,3.6,0.0,-1.3,1.2,,77.0,북동,6.9,1019.7
2024-02-05,12:00,약한 진눈깨비,20 이상,10.0,8.0,3.5,-0.8,-1.1,1.2,,73.0,동북동,6.1,1019.9
2024-02-05,13:00,약한 진눈깨비,19.2,10.0,8.0,3.6,-0.7,-0.8,1.2,,73.0,북동,5.7,1019.5
2024-02-05,14:00,약한 진눈깨비,20 이상,10.0,7.0,4.0,-0.9,0.2,1.2,,70.0,북동,4.8,1019.2
2024-02-05,15:00,약한 진눈깨비,20 이상,10.0,7.0,4.0,-1.3,-0.2,1.2,,68.0,북동,5.5,1019.5
2024-02-05,16:00,약한 진눈깨비,20 이상,10.0,7.0,3.7,-2.0,-0.6,1.2,,66.0,북동,5.6,1020.4
2024-02-05,17:00,약한 눈 단속적,20 이상,10.0,8.0,2.6,-2.5,-1.9,1.2,,69.0,북동,5.4,1021.7
2024-02-05,18:00,약한 눈 연속적,1.1,10.0,9.0,1.1,-0.5,-3.0,1.5,0.8,89.0,북동,4.0,1023.0
2024-02-05,19:00,약한 눈 연속적,1.9,10.0,9.0,0.6,-0.4,-3.6,2.1,1.7,93.0,동북동,4.1,1023.6
2024-02-05,20:00,약한 눈 연속적,1.9,10.0,9.0,0.3,-0.5,-4.1,2.8,2.5,94.0,북동,4.3,1024.1
2024-02-05,21:00,약한 눈 연속적,1.6,10.0,9.0,0.2,-0.5,-4.4,3.5,3.4,95.0,북동,4.6,1024.4
2024-02-05,22:00,약한 눈 연속적,6.0,10.0,9.0,0.2,-0.8,-3.7,3.7,3.5,93.0,북동,3.5,1024.7
2024-02-05,23:00,약한 눈 연속적,10.4,10.0,7.0,0.1,-1.0,-3.7,3.8,3.5,92.0,북동,3.3,1024.8
2024-02-06,06:00,흐림,20 이상,9.0,9.0,0.1,-1.9,0.1,0.2,3.5,86.0,북동,1.2,1025.3
2024-02-06,07:00,약한 눈 단속적,20 이상,9.0,9.0,0.1,-1.6,-2.8,0.2,3.5,88.0,북북동,2.4,1025.3
2024-02-06,08:00,눈 끝,20 이상,9.0,9.0,0.2,-2.0,-1.8,0.2,3.5,85.0,북동,1.7,1025.8
2024-02-06,09:00,흐림,20 이상,9.0,9.0,0.5,-1.5,-1.9,0.2,3.1,86.0,북동,2.0,1025.8
2024-02-06,10:00,흐림,20 이상,9.0,9.0,1.2,-1.8,-1.1,0.2,2.7,80.0,북동,2.0,1025.7
2024-02-06,11:00,흐림,20 이상,9.0,9.0,1.8,-2.1,1.8,0.2,2.2,75.0,북북서,1.3,1026.0
2024-02-06,12:00,흐림,20 이상,9.0,9.0,2.6,-1.2,2.6,0.2,1.3,76.0,서북서,1.0,1025.3
2024-02-06,13:00,흐림,20 이상,9.0,9.0,2.9,-0.3,1.0,0.2,0.3,79.0,서,1.9,1024.4
2024-02-06,14:00,흐림,19.5,9.0,9.0,2.6,-0.8,0.2,0.2,,78.0,서남서,2.3,1024.1
2024-02-06,15:00,약한 눈 단속적,16.7,9.0,9.0,2.4,-0.7,0.1,0.2,,80.0,서,2.2,1023.8
2024-02-06,16:00,눈 끝,20 이상,9.0,9.0,2.6,-1.3,-0.4,0.2,,75.0,서,3.0,1023.6
2024-02-06,17:00,흐림,20 이상,9.0,9.0,2.2,-2.1,-0.7,0.2,,73.0,서북서,2.8,1023.7
2024-02-06,18:00,구름많음,20 이상,7.0,7.0,1.7,-1.5,-1.0,0.2,,79.0,서,2.5,1023.7
2024-02-06,19:00,진눈깨비 끝,20 이상,7.0,7.0,1.2,-2.0,-1.8,0.2,,79.0,서,2.7,1024.0
2024-02-06,20:00,,20 이상,,,1.2,-2.0,-0.8,0.2,,79.0,북서,1.8,1024.0
2024-02-06,21:00,약한 눈 단속적,7.8,9.0,9.0,1.1,-1.3,-2.2,0.2,,84.0,서남서,3.0,1024.2
2024-02-06,22:00,눈 끝,9.9,9.0,9.0,1.1,-1.8,-1.1,0.2,,81.0,서남서,1.9,1024.2
2024-02-06,23:00,흐림,9.0,9.0,9.0,1.1,-1.4,-2.1,0.2,,83.0,서북서,2.9,1024.3
2024-02-07,06:00,박무,8.3,9.0,9.0,-0.7,-2.4,-4.0,0.0,,88.0,서남서,2.6,1023.5
2024-02-07,07:00,박무,7.5,8.0,8.0,-0.9,-2.6,-0.9,0.0,,88.0,서남서,1.1,1023.9
2024-02-07,08:00,박무,7.1,8.0,8.0,-0.8,-2.5,-3.5,0.0,,88.0,서,2.1,1024.2
2024-02-07,09:00,박무,7.7,9.0,9.0,-0.4,-2.3,-2.7,0.0,,87.0,서,1.8,1024.3
2024-02-07,10:00,박무,7.9,9.0,9.0,0.3,-1.9,-2.1,0.0,,85.0,서북서,2.0,1024.5
2024-02-07,11:00,박무,8.6,9.0,9.0,0.7,-2.0,-1.5,0.0,,82.0,서북서,1.9,1024.2
2024-02-07,12:00,흐림,11.2,9.0,9.0,1.3,-2.6,-0.4,0.0,,75.0,서북서,1.6,1023.5
2024-02-07,13:00,흐림,18.9,9.0,9.0,1.6,-3.8,1.6,0.0,,67.0,남남서,1.1,1022.9
2024-02-07,14:00,흐림,17.1,9.0,9.0,2.2,-3.5,-0.1,0.0,,66.0,서북서,2.2,1022.4
2024-02-07,15:00,흐림,17.8,9.0,9.0,2.6,-4.1,0.8,0.0,,61.0,서,1.8,1022.0
2024-02-07,16:00,흐림,19.3,9.0,9.0,2.3,-4.0,-0.5,0.0,,63.0,서남서,2.7,1022.1
2024-02-07,17:00,흐림,14.7,9.0,9.0,2.0,-3.4,-0.8,0.0,,67.0,서,2.6,1022.1
2024-02-07,18:00,구름많음,14.8,8.0,8.0,1.8,-3.4,-0.7,0.0,,68.0,서,2.3,1022.3
2024-02-07,19:00,,14.2,,,1.3,-3.5,-0.8,0.0,,70.0,서,1.9,1022.5
2024-02-07,20:00,,15.2,,,0.9,-3.5,-2.2,0.0,,72.0,북서,2.7,1022.8
2024-02-07,21:00,맑음,14.2,0.0,0.0,0.5,-3.6,-2.8,0.0,,74.0,북서,2.9,1022.9
2024-02-07,22:00,,15.6,,,0.2,-4.2,-2.8,0.0,,72.0,북서,2.5,1023.2
2024-02-07,23:00,,13.1,,,-0.5,-4.0,-0.5,0.0,,77.0,서북서,1.2,1023.1
2024-02-08,06:00,맑음,11.5,0.0,0.0,-2.7,-4.8,-2.7,,,85.0,정온,0.3,1021.7
2024-02-08,07:00,맑음,10.5,0.0,0.0,-2.9,-5.0,-2.9,,,85.0,정온,0.3,1022.1
2024-02-08,08:00,박무,9.9,0.0,0.0,-2.8,-4.9,-2.8,,,85.0,북북동,1.2,1022.6
2024-02-08,09:00,박무,9.3,0.0,0.0,-2.0,-3.8,-2.0,,,87.0,북동,1.3,1022.9
2024-02-08,10:00,맑음,10.4,0.0,0.0,0.2,-3.7,-2.6,,,75.0,서남서,2.3,1022.7
2024-02-08,11:00,맑음,11.7,2.0,2.0,1.7,-4.6,-1.5,,,63.0,서남서,3.0,1022.6
2024-02-08,12:00,맑음,11.0,1.0,1.0,2.9,-4.5,0.3,,,58.0,서,2.6,1022.2
2024-02-08,13:00,맑음,12.7,0.0,0.0,3.7,-5.5,1.8,,,51.0,서북서,2.0,1021.1
2024-02-08,14:00,맑음,12.9,1.0,0.0,5.3,-5.4,3.0,,,46.0,남남서,2.8,1020.1
2024-02-08,15:00,구름조금,14.3,3.0,0.0,6.0,-5.0,3.9,,,45.0,서남서,2.7,1020.0
2024-02-08,16:00,구름많음,13.7,6.0,0.0,5.9,-5.7,4.4,,,43.0,서,2.0,1019.5
2024-02-08,17:00,구름많음,13.9,7.0,0.0,5.4,-5.9,3.7,,,44.0,서북서,2.1,1019.5
2024-02-08,18:00,구름조금,14.5,4.0,0.0,3.4,-5.2,0.1,,,53.0,서,3.6,1020.2
2024-02-08,19:00,,15.5,,,1.9,-6.2,-1.0,,,55.0,서,2.7,1021.1
2024-02-08,20:00,,20 이상,,,0.8,-9.2,-1.7,,,47.0,서,2.1,1021.2
2024-02-08,21:00,구름조금,19.0,5.0,0.0,0.3,-7.2,-1.9,,,57.0,서남서,1.8,1021.4
2024-02-08,22:00,,18.1,,,-0.2,-6.8,-0.2,,,61.0,서,1.2,1021.5
2024-02-08,23:00,,17.5,,,-0.6,-6.5,-0.6,,,64.0,서,1.3,1021.4
2024-02-09,06:00,맑음,13.9,0.0,0.0,-2.1,-5.9,-2.1,,,75.0,북동,1.2,1021.7
2024-02-09,07:00,맑음,12.9,0.0,0.0,-2.2,-6.0,-2.2,,,75.0,북동,1.0,1021.6
2024-02-09,08:00,구름많음,11.6,7.0,7.0,-2.4,-5.7,-2.4,,,78.0,북서,0.7,1022.0
2024-02-09,09:00,구름많음,10.4,6.0,6.0,-1.5,-4.6,-1.5,,,79.0,북북동,0.7,1022.3
2024-02-09,10:00,박무,8.5,6.0,6.0,0.6,-2.2,-1.6,,,81.0,남서,1.9,1022.4
2024-02-09,11:00,박무,9.8,2.0,2.0,2.4,-2.1,0.8,,,72.0,남남서,1.6,1022.5
2024-02-09,12:00,구름많음,13.0,7.0,7.0,3.8,-3.2,0.9,,,60.0,서남서,3.2,1022.2
2024-02-09,13:00,구름많음,14.8,6.0,6.0,4.0,-3.7,1.3,,,57.0,남남서,3.0,1021.5
2024-02-09,14:00,구름조금,20 이상,4.0,4.0,5.9,-4.8,3.2,,,46.0,남남서,3.6,1020.6
2024-02-09,15:00,구름많음,20 이상,6.0,6.0,5.3,-3.7,2.4,,,52.0,서남서,3.6,1020.4
2024-02-09,16:00,맑음,20 이상,1.0,1.0,5.5,-5.8,2.7,,,44.0,남남서,3.6,1020.4
2024-02-09,17:00,맑음,20 이상,0.0,0.0,4.4,-5.4,1.4,,,49.0,서남서,3.6,1020.6
2024-02-09,18:00,맑음,20 이상,0.0,0.0,2.8,-5.1,-0.2,,,56.0,서,3.0,1020.9
2024-02-09,19:00,,20 이상,,,1.9,-4.6,-1.5,,,62.0,서남서,3.3,1021.6
2024-02-09,20:00,,20 이상,,,1.5,-4.3,-1.3,,,65.0,서남서,2.5,1022.0
2024-02-09,21:00,맑음,20 이상,0.0,0.0,1.3,-4.1,-1.7,,,67.0,서남서,2.7,1022.2
2024-02-09,22:00,,20 이상,,,1.2,-3.1,-1.9,,,73.0,서남서,2.8,1022.3
2024-02-09,23:00,,20 이상,,,1.0,-3.3,-2.0,,,73.0,서남서,2.7,1022.4
2024-02-10,06:00,구름많음,13.6,7.0,7.0,-1.4,-4.0,-1.4,,,82.0,북북서,0.5,1022.0
2024-02-10,07:00,맑음,12.4,2.0,2.0,-1.2,-3.8,-1.2,,,82.0,북북동,1.1,1022.1
2024-02-10,08:00,박무,8.9,1.0,1.0,-1.3,-3.9,-3.9,,,82.0,북북동,1.9,1022.8
2024-02-10,09:00,박무,9.7,4.0,4.0,-0.7,-2.9,-2.7,,,85.0,북북동,1.6,1023.3
2024-02-10,10:00,박무,9.1,8.0,8.0,0.6,-2.1,0.6,,,82.0,북북동,0.8,1023.4
2024-02-10,11:00,박무,9.9,9.0,9.0,2.5,-1.3,0.9,,,76.0,서남서,1.6,1023.5
2024-02-10,12:00,연무,5.9,6.0,6.0,4.1,-1.0,1.9,,,69.0,서남서,2.4,1023.2
2024-02-10,13:00,연무,5.4,6.0,6.0,5.7,-2.1,2.8,,,57.0,서,3.9,1022.4
2024-02-10,14:00,연무,9.3,2.0,2.0,6.8,-4.9,4.3,,,43.0,서남서,3.6,1021.7
2024-02-10,15:00,맑음,11.7,1.0,1.0,7.2,-4.8,5.0,,,42.0,서남서,3.2,1021.2
2024-02-10,16:00,맑음,10.6,0.0,0.0,6.7,-4.7,4.6,,,44.0,서남서,2.9,1021.6
2024-02-10,17:00,연무,9.8,0.0,0.0,5.5,-4.3,2.6,,,49.0,서,3.8,1022.1
2024-02-10,18:00,연무,9.2,0.0,0.0,3.9,-4.0,0.9,,,56.0,서,3.3,1022.6
2024-02-10,19:00,맑음,8.1,0.0,0.0,2.8,-3.7,-0.1,,,62.0,서,2.9,1023.3
2024-02-10,20:00,맑음,8.8,0.0,0.0,2.0,-3.4,-0.1,,,67.0,서,2.0,1023.7
2024-02-10,21:00,연무,9.2,0.0,0.0,1.4,-3.8,1.4,,,68.0,서,1.3,1023.6
2024-02-10,22:00,맑음,8.1,0.0,0.0,0.9,-3.4,0.9,,,73.0,북서,0.9,1024.0
2024-02-10,23:00,맑음,7.2,0.0,0.0,0.4,-3.3,0.4,,,76.0,서북서,0.5,1023.9
2024-02-11,06:00,박무,8.2,0.0,0.0,-2.8,-5.6,-2.8,,,81.0,서,0.7,1023.1
2024-02-11,07:00,박무,10.6,0.0,0.0,-3.0,-6.3,-6.1,,,78.0,서남서,2.1,1023.4
2024-02-11,08:00,맑음,13.2,0.0,0.0,-3.1,-6.5,-3.1,,,77.0,서,1.1,1023.6
2024-02-11,09:00,맑음,12.3,0.0,0.0,-2.3,-5.7,-2.3,,,77.0,서,1.1,1024.5
2024-02-11,10:00,맑음,17.5,0.0,0.0,-0.3,-6.9,-0.3,,,61.0,서북서,1.3,1024.4
2024-02-11,11:00,맑음,20 이상,0.0,0.0,2.1,-7.2,2.1,,,50.0,남서,1.3,1024.1
2024-02-11,12:00,맑음,16.3,2.0,0.0,3.7,-5.2,1.7,,,52.0,남서,2.1,1023.5
2024-02-11,13:00,구름조금,12.3,3.0,3.0,4.7,-4.5,1.4,,,51.0,서남서,4.2,1022.3
2024-02-11,14:00,연무,8.7,7.0,7.0,5.4,-4.2,2.3,,,50.0,서남서,4.0,1021.5
2024-02-11,15:00,약한 눈 단속적,8.5,9.0,9.0,4.5,-4.0,1.1,0.0,,54.0,서남서,4.3,1021.5
2024-02-11,16:00,약한 눈 단속적,5.4,7.0,7.0,3.6,-3.0,0.4,0.0,,62.0,서,3.5,1022.5
2024-02-11,17:00,눈 끝,5.8,5.0,5.0,4.0,-2.2,1.2,0.0,,64.0,서남서,3.1,1022.5
2024-02-11,18:00,연무,2.8,5.0,5.0,3.6,-2.3,0.5,0.0,,65.0,서남서,3.4,1023.2
2024-02-11,19:00,맑음,4.4,0.0,0.0,2.9,-2.2,0.4,0.0,,69.0,서남서,2.5,1024.1
2024-02-11,20:00,맑음,4.3,0.0,0.0,2.4,-1.7,-0.4,0.0,,74.0,서남서,2.7,1024.9
2024-02-11,21:00,연무,4.3,0.0,0.0,1.8,-1.4,-0.0,0.0,,79.0,서,1.7,1025.9
2024-02-11,22:00,맑음,4.0,0.0,0.0,1.2,-1.7,1.2,0.0,,81.0,서남서,1.3,1026.4
2024-02-11,23:00,맑음,4.1,0.0,0.0,0.9,-1.3,0.9,0.0,,85.0,서,1.3,1027.1
2024-02-12,06:00,박무,9.1,0.0,0.0,-2.5,-6.1,-5.1,,,76.0,북북동,1.8,1028.4
2024-02-12,07:00,박무,8.1,0.0,0.0,-2.8,-6.1,-6.0,,,78.0,북동,2.2,1029.0
2024-02-12,08:00,박무,6.3,0.0,0.0,-2.7,-5.3,-5.2,,,82.0,북동,1.7,1029.9
2024-02-12,09:00,박무,4.4,0.0,0.0,-1.2,-3.4,-4.0,,,85.0,북동,2.1,1030.4
2024-02-12,10:00,박무,4.2,0.0,0.0,1.5,-1.9,-1.3,,,78.0,북동,2.5,1030.4
2024-02-12,11:00,박무,4.9,0.0,0.0,3.9,-1.0,2.4,,,70.0,동,1.7,1030.4
2024-02-12,12:00,연무,6.6,0.0,0.0,6.1,-1.7,6.1,,,57.0,동남동,1.2,1029.7
2024-02-12,13:00,연무,9.1,0.0,0.0,7.7,-2.6,7.1,,,48.0,남동,1.4,1028.7
2024-02-12,14:00,맑음,12.6,0.0,0.0,8.6,-4.9,7.2,,,38.0,남,2.5,1027.8
2024-02-12,15:00,맑음,15.7,0.0,0.0,10.0,-4.7,8.4,,,35.0,남,3.1,1027.3
2024-02-12,16:00,맑음,18.4,0.0,0.0,10.4,-6.0,10.4,,,31.0,남남서,2.5,1027.0
2024-02-12,17:00,맑음,20 이상,0.0,0.0,9.7,-6.2,8.1,,,32.0,남서,3.1,1027.1
2024-02-12,18:00,맑음,15.7,0.0,0.0,7.9,-3.3,6.0,,,45.0,서남서,3.0,1027.3
2024-02-12,19:00,,11.3,,,7.1,-1.1,5.3,,,56.0,남남서,2.6,1027.8
2024-02-12,20:00,맑음,9.7,0.0,0.0,6.0,-1.4,5.0,,,59.0,남,1.6,1027.5
2024-02-12,21:00,연무,9.5,0.0,0.0,5.1,-1.5,3.9,,,62.0,북북동,1.6,1027.4
2024-02-12,22:00,맑음,9.4,0.0,0.0,4.6,-1.6,3.1,,,64.0,북북동,1.8,1027.6
2024-02-12,23:00,맑음,9.0,0.0,0.0,4.0,-2.2,2.1,,,64.0,북북동,2.1,1027.5
2024-02-13,06:00,연무,7.3,0.0,0.0,2.2,-1.9,0.3,,,74.0,북북동,1.8,1026.2
2024-02-13,07:00,연무,6.2,0.0,0.0,2.1,-1.3,0.6,,,78.0,북동,1.5,1026.0
2024-02-13,08:00,박무,5.2,0.0,0.0,2.1,-0.6,0.5,,,82.0,북동,1.6,1026.3
2024-02-13,09:00,박무,5.6,0.0,0.0,3.5,0.3,1.4,,,80.0,북동,2.2,1026.4
2024-02-13,10:00,박무,6.0,0.0,0.0,6.4,1.7,5.5,,,72.0,북동,1.5,1026.1
2024-02-13,11:00,연무,6.9,3.0,3.0,9.9,4.2,9.1,,,68.0,남남동,1.9,1025.8
2024-02-13,12:00,구름많음,11.3,6.0,6.0,12.2,4.8,12.2,,,61.0,남,4.0,1025.1
2024-02-13,13:00,구름많음,12.7,6.0,6.0,12.5,4.9,12.5,,,60.0,남서,4.8,1024.3
2024-02-13,14:00,구름많음,16.2,7.0,7.0,13.3,5.1,13.3,,,58.0,남남서,4.0,1023.6
2024-02-13,15:00,구름많음,16.0,6.0,6.0,13.2,5.3,13.2,,,59.0,남남서,5.1,1023.1
2024-02-13,16:00,구름조금,14.4,5.0,5.0,13.3,5.6,13.3,,,60.0,남,3.5,1023.1
2024-02-13,17:00,맑음,12.4,2.0,2.0,12.8,5.9,12.8,,,63.0,남,3.6,1023.0
2024-02-13,18:00,맑음,12.1,0.0,0.0,12.2,6.0,12.2,,,66.0,남남서,3.2,1023.1
2024-02-13,19:00,,11.5,,,11.4,6.1,11.4,,,70.0,남남서,3.3,1023.5
2024-02-13,20:00,,11.3,,,11.2,6.5,11.2,,,73.0,남,3.0,1023.6
2024-02-13,21:00,맑음,11.0,0.0,0.0,10.6,6.1,10.6,,,74.0,남남동,1.1,1023.6
2024-02-13,22:00,맑음,9.0,0.0,0.0,9.6,5.7,8.7,,,77.0,북북동,2.0,1023.6
2024-02-13,23:00,맑음,8.2,0.0,0.0,8.9,5.4,7.7,,,79.0,북북동,2.2,1023.6
2024-02-14,06:00,박무,9.0,8.0,8.0,9.4,6.1,9.4,,,80.0,북동,1.2,1021.6
2024-02-14,07:00,박무,9.1,8.0,8.0,9.6,6.3,9.6,,,80.0,북동,1.3,1021.5
2024-02-14,08:00,박무,9.9,9.0,9.0,9.8,6.3,9.8,,,79.0,북북동,1.2,1021.7
2024-02-14,09:00,박무,8.7,6.0,6.0,10.3,6.4,10.3,,,77.0,북북동,1.3,1021.7
2024-02-14,10:00,박무,8.7,8.0,8.0,12.1,7.3,12.1,,,73.0,북북동,0.8,1021.4
2024-02-14,11:00,박무,7.6,8.0,8.0,14.1,9.1,14.1,,,72.0,남동,1.3,1021.0
2024-02-14,12:00,구름많음,11.6,7.0,7.0,16.4,9.5,16.4,,,64.0,남서,2.2,1020.0
2024-02-14,13:00,구름많음,13.8,6.0,6.0,17.1,10.2,17.1,,,64.0,남남서,2.8,1019.1
2024-02-14,14:00,구름조금,15.7,5.0,5.0,17.0,10.1,17.0,,,64.0,남남서,3.4,1018.2
2024-02-14,15:00,구름조금,18.1,3.0,3.0,18.2,10.5,18.2,,,61.0,남서,3.0,1017.6
2024-02-14,16:00,구름조금,16.4,5.0,5.0,16.9,10.7,16.9,,,67.0,남서,3.4,1017.8
2024-02-14,17:00,구름조금,15.4,4.0,4.0,15.9,10.6,15.9,,,71.0,서남서,3.6,1017.9
2024-02-14,18:00,구름많음,13.3,7.0,7.0,14.9,11.0,14.9,,,78.0,서남서,3.4,1018.3
2024-02-14,19:00,,11.2,,,14.3,10.8,14.3,,,80.0,남서,3.1,1018.6
2024-02-14,20:00,,10.2,,,13.6,10.3,13.6,,,81.0,남서,3.2,1019.3
2024-02-14,21:00,박무,8.5,8.0,8.0,13.2,10.3,13.2,,,83.0,남서,2.5,1019.4
2024-02-14,22:00,구름많음,7.0,6.0,6.0,13.0,10.3,13.0,,,84.0,남,2.0,1019.1
2024-02-14,23:00,구름많음,8.4,6.0,6.0,12.7,10.2,12.7,,,85.0,남남서,3.3,1018.7
2024-02-15,06:00,약한 이슬비 단속적,2.0,10.0,10.0,8.7,7.9,8.7,0.0,,95.0,남서,1.2,1016.3
2024-02-15,07:00,약한 이슬비 단속적,3.1,10.0,10.0,8.4,7.9,7.1,0.0,,97.0,서,2.3,1015.5
2024-02-15,08:00,약한 이슬비 단속적,1.1,10.0,10.0,8.2,7.8,6.7,0.0,,98.0,서,2.5,1015.9
2024-02-15,09:00,약한 비 연속적,5.1,10.0,8.0,8.1,7.7,6.4,0.1,,98.0,서남서,2.7,1016.0
2024-02-15,10:00,약한 비 연속적,6.4,10.0,9.0,7.5,7.1,4.8,0.8,,98.0,서,4.2,1016.5
2024-02-15,11:00,약한 비 연속적,6.6,10.0,9.0,4.8,3.7,0.8,2.5,,93.0,서북서,5.5,1017.2
2024-02-15,12:00,약한 비 연속적,6.6,10.0,9.0,3.0,2.2,-1.3,4.7,,95.0,서북서,5.2,1018.1
2024-02-15,13:00,강한 진눈깨비,3.8,10.0,9.0,1.9,1.4,-1.2,6.8,,97.0,서북서,2.9,1018.1
2024-02-15,14:00,약한 눈 연속적,1.2,10.0,9.0,1.2,0.7,-2.2,9.9,1.0,97.0,서,3.1,1018.5
2024-02-15,15:00,눈 끝,9.1,10.0,9.0,1.4,1.2,-2.2,10.9,1.0,99.0,서,3.5,1019.2
2024-02-15,16:00,구름조금,20 이상,5.0,4.0,2.0,-0.5,-1.2,10.9,0.5,83.0,서북서,3.1,1019.2
2024-02-15,17:00,구름많음,20 이상,8.0,8.0,2.5,-1.3,-0.3,10.9,,76.0,북서,2.7,1020.0
2024-02-15,18:00,흐림,20 이상,9.0,9.0,2.4,-0.7,-0.7,10.9,,80.0,북서,3.1,1021.2
2024-02-15,19:00,,20 이상,,,2.3,-0.8,0.1,10.9,,80.0,북북서,2.1,1022.4
2024-02-15,20:00,,20 이상,,,2.2,-0.8,-0.6,10.9,,80.0,북북서,2.7,1022.9
2024-02-15,21:00,맑음,19.3,2.0,2.0,2.1,-0.6,-0.5,10.9,,82.0,북서,2.4,1023.5
2024-02-15,22:00,,20 이상,,,1.6,-3.1,-1.4,10.9,,71.0,서북서,2.8,1024.2
2024-02-15,23:00,,20 이상,,,1.2,-3.2,-1.3,10.9,,72.0,북북서,2.2,1024.9
2024-02-16,06:00,맑음,10.1,1.0,1.0,-1.3,-2.4,-1.3,,,92.0,북동,1.2,1025.7
2024-02-16,07:00,맑음,12.4,2.0,2.0,-1.5,-2.4,-4.1,,,93.0,북동,1.9,1025.8
2024-02-16,08:00,맑음,10.1,0.0,0.0,-1.4,-2.1,-4.1,,,95.0,북동,2.0,1026.3
2024-02-16,09:00,맑음,20 이상,0.0,0.0,0.3,-0.8,-2.5,,,92.0,북동,2.3,1026.6
2024-02-16,10:00,맑음,20 이상,2.0,2.0,2.5,-0.6,2.5,,,80.0,남,1.3,1026.7
2024-02-16,11:00,구름조금,20 이상,3.0,3.0,3.2,-2.3,0.8,,,67.0,남,2.4,1026.5
2024-02-16,12:00,구름조금,20 이상,3.0,3.0,3.5,-3.1,1.3,,,62.0,남서,2.3,1025.6
2024-02-16,13:00,맑음,20 이상,2.0,2.0,5.4,-2.4,3.5,,,57.0,남남서,2.3,1024.6
2024-02-16,14:00,맑음,20 이상,2.0,2.0,6.7,-2.4,6.0,,,52.0,남서,1.4,1023.5
2024-02-16,15:00,맑음,20 이상,1.0,1.0,7.6,-3.0,5.4,,,47.0,남,3.3,1022.6
2024-02-16,16:00,맑음,20 이상,1.0,1.0,7.8,-2.5,5.8,,,48.0,남남서,3.1,1022.2
2024-02-16,17:00,맑음,15.8,0.0,0.0,7.3,-2.4,5.6,,,50.0,서,2.5,1021.9
2024-02-16,18:00,맑음,16.2,0.0,0.0,5.3,-3.0,2.9,,,55.0,서북서,2.9,1022.0
2024-02-16,19:00,,15.8,,,4.0,-2.8,1.8,,,61.0,서,2.4,1022.3
2024-02-16,20:00,,13.6,,,3.0,-2.5,0.4,,,67.0,서,2.6,1022.4
2024-02-16,21:00,맑음,13.4,0.0,0.0,2.6,-2.3,-0.1,,,70.0,서,2.6,1022.5
2024-02-16,22:00,,13.2,,,1.8,-2.9,0.4,,,71.0,서북서,1.4,1022.8
2024-02-16,23:00,,12.6,,,1.2,-2.5,1.2,,,76.0,북,0.5,1022.6
2024-02-17,06:00,박무,6.5,0.0,0.0,-0.9,-2.6,-3.3,,,88.0,북동,1.8,1022.2
2024-02-17,07:00,박무,6.4,0.0,0.0,-1.1,-2.6,-3.0,,,89.0,북동,1.5,1022.4
2024-02-17,08:00,박무,6.3,0.0,0.0,-1.1,-2.5,-3.9,,,90.0,북동,2.1,1022.7
2024-02-17,09:00,박무,7.4,0.0,0.0,0.5,-1.1,-1.0,,,89.0,북동,1.4,1023.0
2024-02-17,10:00,박무,9.1,8.0,8.0,3.2,0.0,1.7,,,79.0,동남동,1.6,1022.9
2024-02-17,11:00,구름많음,13.0,7.0,7.0,4.7,0.2,3.6,,,73.0,남,1.5,1022.9
2024-02-17,12:00,맑음,16.4,0.0,0.0,6.2,0.0,4.6,,,65.0,남남서,2.2,1021.9
2024-02-17,13:00,맑음,15.2,0.0,0.0,8.4,0.8,7.0,,,59.0,남,2.4,1021.1
2024-02-17,14:00,맑음,14.9,0.0,0.0,9.5,0.6,8.4,,,54.0,남남동,2.3,1020.5
2024-02-17,15:00,맑음,16.3,0.0,0.0,11.1,1.3,11.1,,,51.0,남남동,1.6,1020.3
2024-02-17,16:00,맑음,15.6,0.0,0.0,11.2,1.1,11.2,,,50.0,남남서,1.4,1020.1
2024-02-17,17:00,맑음,13.9,0.0,0.0,11.0,1.2,11.0,,,51.0,남,1.4,1020.0
2024-02-17,18:00,맑음,12.8,0.0,0.0,8.8,0.9,7.3,,,58.0,서,2.6,1020.4
2024-02-17,19:00,,11.0,,,7.3,1.1,6.0,,,65.0,서남서,2.0,1020.9
2024-02-17,20:00,맑음,9.7,0.0,0.0,6.3,1.2,5.2,,,70.0,서북서,1.7,1021.2
2024-02-17,21:00,연무,9.5,0.0,0.0,5.6,0.9,5.6,,,72.0,정온,0.1,1021.2
2024-02-17,22:00,맑음,11.2,0.0,0.0,4.9,1.1,3.5,,,77.0,북북동,1.8,1021.5
2024-02-17,23:00,맑음,9.3,0.0,0.0,4.3,0.4,3.0,,,76.0,동북동,1.6,1021.4
2024-02-18,06:00,박무,5.4,0.0,0.0,1.6,-0.3,-0.2,,,87.0,북동,1.7,1020.2
2024-02-18,07:00,박무,5.1,3.0,0.0,1.3,-0.4,-1.0,,,88.0,북북동,2.0,1020.5
2024-02-18,08:00,박무,5.1,8.0,0.0,1.4,-0.2,-1.1,,,89.0,북동,2.2,1021.0
2024-02-18,09:00,박무,9.8,8.0,6.0,4.1,0.4,1.5,,,77.0,동북동,2.9,1021.0
2024-02-18,10:00,흐림,12.4,9.0,9.0,5.6,0.5,3.4,,,70.0,동북동,2.8,1020.5
2024-02-18,11:00,흐림,13.2,9.0,5.0,7.2,0.6,5.1,,,63.0,북동,3.0,1020.0
2024-02-18,12:00,흐림,15.0,9.0,9.0,7.6,0.5,5.8,,,61.0,동북동,2.7,1019.6
2024-02-18,13:00,흐림,17.1,10.0,6.0,8.3,0.7,6.6,,,59.0,동북동,2.8,1018.8
2024-02-18,14:00,약한 비 단속적,19.6,10.0,6.0,8.7,0.3,6.7,0.0,,56.0,북동,3.4,1017.7
2024-02-18,15:00,약한 비 단속적,19.8,10.0,7.0,9.1,0.5,7.4,0.0,,55.0,동북동,3.1,1016.8
2024-02-18,16:00,약한 비 연속적,14.9,10.0,8.0,8.5,3.9,6.2,0.2,,73.0,북동,3.9,1016.6
2024-02-18,17:00,약한 비 단속적,13.7,10.0,8.0,8.1,5.2,6.0,0.7,,82.0,북동,3.4,1016.3
2024-02-18,18:00,보통 비 연속적,4.7,10.0,8.0,7.4,6.1,4.8,5.0,,92.0,북동,3.9,1016.0
2024-02-18,19:00,약한 비 단속적,9.2,10.0,8.0,7.6,6.6,5.1,5.3,,94.0,북동,3.8,1015.5
2024-02-18,20:00,약한 비 연속적,3.8,10.0,8.0,7.7,6.9,5.5,7.6,,95.0,동북동,3.3,1014.7
2024-02-18,21:00,약한 비 연속적,9.7,10.0,9.0,8.0,7.2,6.0,7.7,,95.0,동북동,3.1,1014.5
2024-02-18,22:00,약한 비 연속적,7.4,10.0,9.0,8.5,8.1,6.0,9.4,,98.0,동북동,4.4,1013.4
2024-02-18,23:00,보통 비 연속적,3.2,10.0,9.0,8.9,8.8,6.7,15.1,,100.0,동북동,3.9,1012.4
2024-02-19,06:00,강한 이슬비 연속적,0.4,10.0,10.0,10.5,10.3,10.5,7.3,,99.0,북북동,0.9,1008.2
2024-02-19,07:00,약한 이슬비 연속적,1.1,10.0,10.0,10.7,10.5,10.7,7.3,,99.0,남동,0.6,1008.1
2024-02-19,08:00,강한 이슬비 연속적,0.2,10.0,10.0,10.8,10.6,10.8,7.5,,99.0,북동,0.9,1008.2
2024-02-19,09:00,강한 이슬비 연속적,0.4,10.0,10.0,11.0,10.8,11.0,7.5,,99.0,북북동,1.4,1008.5
2024-02-19,10:00,보통 이슬비 단속적,0.5,10.0,10.0,11.4,11.2,11.4,7.5,,99.0,정온,0.2,1008.3
2024-02-19,11:00,강한 이슬비 연속적,0.3,10.0,10.0,11.9,11.7,11.9,7.5,,99.0,서남서,1.9,1008.9
2024-02-19,12:00,보통 이슬비 단속적,0.8,10.0,10.0,11.8,11.6,11.8,7.7,,99.0,남남서,2.2,1008.6
2024-02-19,13:00,강한 이슬비 연속적,0.3,10.0,10.0,11.4,11.2,11.4,7.7,,99.0,남남서,2.9,1008.5
2024-02-19,14:00,약한 이슬비 연속적,1.8,10.0,10.0,10.8,10.6,10.8,8.2,,99.0,서남서,4.5,1009.2
2024-02-19,15:00,약한 이슬비 연속적,2.6,10.0,10.0,10.6,10.2,10.6,8.3,,98.0,서남서,1.0,1008.7
2024-02-19,16:00,약한 이슬비 연속적,1.7,10.0,10.0,9.8,9.4,8.0,8.5,,98.0,서남서,3.5,1010.6
2024-02-19,17:00,약한 이슬비 연속적,4.7,10.0,10.0,9.3,8.9,7.7,8.5,,98.0,서남서,3.0,1011.5
2024-02-19,18:00,약한 비 단속적,9.1,10.0,7.0,8.3,7.3,5.7,8.9,,94.0,서,4.4,1013.4
2024-02-19,19:00,이슬비 끝,10.3,10.0,10.0,7.4,6.4,6.0,8.9,,94.0,서남서,2.2,1013.3
2024-02-19,20:00,구름조금,8.5,4.0,4.0,6.7,5.6,4.5,8.9,,93.0,서남서,3.1,1015.2
2024-02-19,21:00,구름많음,13.4,8.0,8.0,5.9,4.3,4.0,8.9,,90.0,서,2.5,1016.9
2024-02-19,22:00,이슬비 끝,11.7,9.0,9.0,5.2,3.6,2.7,8.9,,90.0,서,3.0,1017.2
2024-02-19,23:00,,11.1,,,4.8,3.2,2.3,8.9,,90.0,서,2.9,1017.4
2024-02-20,06:00,흐림,11.5,10.0,4.0,2.9,1.2,1.3,0.3,,89.0,서,1.7,1021.1
2024-02-20,07:00,흐림,10.1,10.0,7.0,3.1,1.6,3.1,0.3,,90.0,동남동,0.6,1021.4
2024-02-20,08:00,박무,7.0,10.0,5.0,3.5,2.1,1.0,0.3,,91.0,북북동,2.6,1021.7
2024-02-20,09:00,박무,6.9,10.0,8.0,4.2,2.7,4.2,0.3,,90.0,동북동,1.2,1022.5
2024-02-20,10:00,박무,9.5,10.0,5.0,4.6,2.6,2.8,0.3,,87.0,서,2.1,1022.8
2024-02-20,11:00,박무,9.2,10.0,7.0,4.6,2.6,1.6,0.3,,87.0,서북서,3.6,1023.2
2024-02-20,12:00,박무,7.8,10.0,6.0,5.0,3.1,5.0,0.3,,88.0,서,1.1,1023.3
2024-02-20,13:00,박무,9.9,10.0,6.0,6.2,4.1,3.8,0.3,,87.0,북동,3.2,1022.6
2024-02-20,14:00,약한 비 단속적,20 이상,10.0,8.0,6.7,3.3,3.7,0.3,,79.0,북동,4.4,1022.1
2024-02-20,15:00,약한 비 단속적,20 이상,10.0,7.0,6.7,3.1,3.5,0.3,,78.0,북동,4.8,1021.7
2024-02-20,16:00,약한 비 연속적,17.9,10.0,7.0,6.0,3.3,2.8,0.7,,83.0,북동,4.6,1022.0
2024-02-20,17:00,약한 비 연속적,20 이상,10.0,8.0,5.3,3.4,2.0,1.5,,88.0,북동,4.4,1022.1
2024-02-20,18:00,약한 비 연속적,20 이상,10.0,7.0,4.5,2.9,0.4,2.1,,90.0,북동,5.6,1023.0
2024-02-20,19:00,약한 비 연속적,20 이상,10.0,7.0,4.1,2.4,-0.1,2.6,,89.0,동북동,5.6,1023.8
2024-02-20,20:00,비 끝,20 이상,10.0,5.0,4.1,2.2,0.2,2.6,,88.0,북동,5.0,1023.8
2024-02-20,21:00,이슬비 끝,20 이상,9.0,9.0,3.9,1.4,-0.5,2.6,,84.0,북동,5.9,1023.9
2024-02-20,22:00,,20 이상,,,3.9,1.1,-0.4,2.6,,82.0,북동,5.8,1024.4
2024-02-20,23:00,약한 비 단속적,20 이상,10.0,8.0,3.8,0.8,-0.6,2.6,,81.0,북동,6.0,1023.5
2024-02-21,06:00,약한 비 연속적,17.3,10.0,9.0,2.8,1.7,-1.2,3.5,,93.0,동북동,4.5,1020.4
2024-02-21,07:00,약한 비 연속적,8.0,10.0,9.0,2.5,1.6,-2.2,4.5,,94.0,북동,5.8,1020.6
2024-02-21,08:00,약한 비 연속적,16.7,10.0,7.0,2.4,1.5,-2.4,5.9,,94.0,동북동,6.0,1020.5
2024-02-21,09:00,약한 비 연속적,14.9,10.0,8.0,2.4,1.2,-2.5,6.4,,92.0,북동,6.2,1020.9
2024-02-21,10:00,약한 비 연속적,11.7,10.0,9.0,2.5,1.3,-2.1,7.0,,92.0,북동,5.6,1021.2
2024-02-21,11:00,약한 비 연속적,10.5,10.0,8.0,2.6,1.5,-1.8,7.6,,93.0,동북동,5.2,1021.3
2024-02-21,12:00,약한 진눈깨비,17.9,10.0,9.0,2.4,1.3,-2.0,8.3,,93.0,북동,5.2,1020.9
2024-02-21,13:00,약한 진눈깨비,6.5,10.0,7.0,1.8,0.9,-2.7,9.4,,94.0,북동,5.1,1020.8
2024-02-21,14:00,약한 진눈깨비,6.8,10.0,8.0,1.8,1.3,-1.8,10.5,,97.0,북동,3.6,1020.2
2024-02-21,15:00,약한 진눈깨비,12.1,10.0,7.0,2.0,1.1,-2.3,11.0,,94.0,북동,4.8,1019.7
2024-02-21,16:00,약한 진눈깨비,20 이상,10.0,8.0,2.0,0.9,-2.3,11.4,,93.0,북동,4.7,1019.7
2024-02-21,17:00,약한 진눈깨비,12.3,10.0,9.0,1.9,0.5,-2.8,11.5,,91.0,북동,5.4,1019.8
2024-02-21,18:00,약한 눈 연속적,4.6,10.0,8.0,1.4,0.2,-3.5,11.9,,92.0,북동,5.6,1020.3
2024-02-21,19:00,약한 눈 연속적,3.0,10.0,8.0,0.9,0.3,-3.4,13.1,0.4,96.0,동북동,4.3,1021.3
2024-02-21,20:00,약한 눈 연속적,1.4,10.0,8.0,0.6,0.3,-4.0,14.1,1.1,98.0,북동,4.7,1021.7
2024-02-21,21:00,약한 눈 연속적,2.1,10.0,9.0,0.4,0.1,-4.3,15.1,2.1,98.0,북동,4.8,1022.2
2024-02-21,22:00,약한 눈 연속적,1.7,10.0,8.0,0.3,0.0,-4.3,16.0,2.9,98.0,동북동,4.6,1022.3
2024-02-21,23:00,약한 눈 연속적,1.8,10.0,7.0,0.2,0.0,-4.5,16.6,3.8,98.0,북동,4.7,1022.7
2024-02-22,06:00,약한 눈 연속적,2.4,10.0,7.0,-0.8,-1.2,-5.8,8.3,13.7,97.0,북동,4.8,1025.1
2024-02-22,07:00,약한 눈 연속적,2.4,10.0,6.0,-1.1,-1.6,-6.3,8.8,13.8,96.0,북동,4.9,1025.1
2024-02-22,08:00,눈 끝,20 이상,10.0,5.0,-0.9,-2.9,-6.2,8.8,13.8,86.0,동북동,5.2,1025.7
2024-02-22,09:00,흐림,20 이상,9.0,9.0,-0.4,-2.7,-5.3,8.8,13.6,84.0,동북동,4.8,1026.5
2024-02-22,10:00,흐림,20 이상,9.0,9.0,0.0,-3.0,-4.0,8.8,13.5,80.0,동북동,3.6,1028.0
2024-02-22,11:00,흐림,20 이상,9.0,9.0,0.3,-3.6,-4.7,8.8,13.0,75.0,북동,5.2,1028.1
2024-02-22,12:00,약한 눈 단속적,20 이상,9.0,9.0,0.8,-2.9,-3.9,8.8,13.0,76.0,북동,4.9,1028.3
2024-02-22,13:00,눈 끝,20 이상,9.0,9.0,1.3,-1.9,-2.5,8.8,12.4,79.0,동북동,3.7,1026.6
2024-02-22,14:00,흐림,20 이상,10.0,8.0,1.5,-2.6,-2.6,8.8,11.8,74.0,동북동,4.2,1026.5
2024-02-22,15:00,약한 눈 단속적,15.8,10.0,7.0,1.4,-2.3,-2.8,8.8,11.1,76.0,북동,4.3,1026.6
2024-02-22,16:00,약한 눈 단속적,15.9,10.0,8.0,1.2,-2.2,-3.3,8.8,10.9,78.0,북동,4.7,1026.6
2024-02-22,17:00,약한 눈 단속적,20 이상,10.0,6.0,1.1,-2.3,-2.7,8.8,10.5,78.0,동북동,3.7,1026.3
2024-02-22,18:00,눈 끝,20 이상,10.0,8.0,0.7,-2.5,-3.2,8.8,10.4,79.0,북동,3.7,1027.1
2024-02-22,19:00,약한 눈 단속적,20 이상,10.0,8.0,0.6,-3.3,-4.2,8.8,10.4,75.0,북동,5.0,1027.6
2024-02-22,20:00,약한 눈 연속적,20 이상,10.0,9.0,0.6,-3.1,-3.5,8.8,10.4,76.0,북동,3.9,1027.7
2024-02-22,21:00,약한 눈 연속적,20 이상,10.0,8.0,0.5,-2.7,-2.4,8.8,10.3,79.0,북동,2.5,1028.6
2024-02-22,22:00,약한 눈 연속적,20 이상,10.0,8.0,0.3,-2.9,-3.4,8.8,10.3,79.0,북동,3.3,1028.8
2024-02-22,23:00,약한 눈 단속적,20 이상,10.0,8.0,0.1,-2.2,-3.7,8.8,10.0,84.0,북동,3.4,1028.4
2024-02-23,06:00,흐림,20 이상,9.0,9.0,-0.8,-3.1,-4.2,0.4,9.9,84.0,북동,2.7,1028.8
2024-02-23,07:00,흐림,20 이상,9.0,9.0,-0.9,-3.4,-4.8,0.4,9.9,83.0,북동,3.2,1029.8
2024-02-23,08:00,흐림,20 이상,9.0,9.0,-0.7,-3.5,-5.0,0.4,9.9,81.0,북동,3.8,1030.4
2024-02-23,09:00,흐림,20 이상,9.0,9.0,0.0,-3.7,-4.2,0.4,9.9,76.0,북동,3.8,1030.8
2024-02-23,10:00,흐림,20 이상,9.0,9.0,1.1,-4.3,-3.1,0.4,9.9,67.0,동북동,4.3,1030.6
2024-02-23,11:00,흐림,20 이상,9.0,9.0,2.4,-4.1,-0.9,0.4,9.8,62.0,동북동,3.3,1030.4
2024-02-23,12:00,구름조금,20 이상,5.0,0.0,3.6,-4.1,0.2,0.4,8.5,57.0,동,3.9,1029.9
2024-02-23,13:00,구름조금,20 이상,5.0,5.0,4.6,-3.6,1.1,0.4,6.9,55.0,북동,4.5,1029.2
2024-02-23,14:00,구름조금,20 이상,3.0,0.0,5.5,-3.3,3.1,0.4,5.0,53.0,북동,3.0,1029.0
2024-02-23,15:00,구름많음,20 이상,6.0,0.0,6.0,-2.8,3.7,0.4,3.1,53.0,동,3.0,1028.8
2024-02-23,16:00,구름많음,20 이상,8.0,3.0,5.5,-3.0,3.2,0.4,2.1,54.0,동북동,2.8,1029.2
2024-02-23,17:00,구름많음,20 이상,8.0,3.0,5.2,-3.1,2.5,0.4,2.0,55.0,북동,3.4,1029.0
2024-02-23,18:00,구름많음,20 이상,6.0,4.0,4.5,-3.2,2.3,0.4,2.0,57.0,동북동,2.5,1029.3
2024-02-23,19:00,구름많음,20 이상,7.0,7.0,3.7,-4.2,0.3,0.4,2.0,56.0,북동,3.9,1029.9
2024-02-23,20:00,구름조금,20 이상,4.0,2.0,2.9,-4.3,-1.5,0.4,2.0,59.0,북동,5.3,1030.4
2024-02-23,21:00,맑음,20 이상,2.0,0.0,1.8,-4.5,-2.5,0.4,2.0,63.0,북동,4.7,1032.0
2024-02-23,22:00,구름조금,20 이상,5.0,5.0,1.1,-4.5,-2.7,0.4,2.0,66.0,동북동,3.6,1032.7
2024-02-23,23:00,구름많음,20 이상,6.0,2.0,0.6,-5.0,-3.6,0.4,2.0,66.0,동북동,4.1,1031.9
2024-02-24,06:00,맑음,20 이상,1.0,0.0,-1.0,-5.7,-5.5,,2.0,70.0,북동,4.0,1031.5
2024-02-24,07:00,구름조금,20 이상,5.0,0.0,-1.3,-6.0,-6.0,,2.0,70.0,북동,4.1,1031.2
2024-02-24,08:00,구름많음,20 이상,8.0,0.0,-1.1,-6.4,-4.4,,2.0,67.0,동북동,2.6,1031.1
2024-02-24,09:00,구름많음,20 이상,7.0,0.0,-0.1,-6.3,-4.1,,2.0,63.0,동북동,3.5,1031.4
2024-02-24,10:00,구름많음,20 이상,8.0,5.0,1.5,-6.1,-1.9,,2.0,57.0,동북동,3.2,1031.3
2024-02-24,11:00,흐림,20 이상,9.0,6.0,2.1,-6.2,-1.4,,1.8,54.0,동북동,3.5,1030.7
2024-02-24,12:00,구름많음,20 이상,8.0,3.0,3.9,-5.0,0.7,,1.5,52.0,동북동,3.6,1030.2
2024-02-24,13:00,흐림,20 이상,9.0,7.0,4.6,-4.1,2.2,,1.0,53.0,동,2.7,1028.4
2024-02-24,14:00,구름조금,20 이상,4.0,1.0,5.4,-4.2,2.1,,,50.0,동북동,4.5,1027.3
2024-02-24,15:00,흐림,20 이상,9.0,3.0,5.6,-4.0,3.3,,,50.0,동북동,2.9,1026.2
2024-02-24,16:00,흐림,20 이상,10.0,7.0,5.4,-3.9,3.1,,,51.0,동,2.8,1025.9
2024-02-24,17:00,흐림,20 이상,10.0,7.0,5.1,-3.7,3.6,,,53.0,동,1.9,1025.8
2024-02-24,18:00,약한 비 단속적,20 이상,10.0,7.0,4.5,-2.6,3.0,0.0,,60.0,동북동,1.8,1026.0
2024-02-24,19:00,약한 비 연속적,9.8,10.0,8.0,3.3,0.0,1.0,0.0,,79.0,남동,2.4,1026.6
2024-02-24,20:00,약한 비 연속적,7.6,10.0,8.0,2.4,0.7,0.2,0.7,,89.0,남동,2.1,1026.4
2024-02-24,21:00,약한 진눈깨비,7.3,10.0,8.0,2.1,0.7,-0.2,1.3,,91.0,동,2.2,1026.3
2024-02-24,22:00,약한 진눈깨비,7.7,10.0,8.0,2.1,1.0,-0.6,1.7,,93.0,북동,2.5,1025.8
2024-02-24,23:00,약한 진눈깨비,5.4,10.0,7.0,1.9,1.0,-1.2,1.8,,94.0,북동,3.0,1025.3
2024-02-25,06:00,약한 눈 연속적,4.8,10.0,7.0,0.9,0.1,0.9,1.6,,95.0,동북동,1.3,1022.9
2024-02-25,07:00,약한 눈 연속적,10.6,10.0,8.0,0.8,0.0,-1.9,1.8,0.2,95.0,북동,2.3,1023.0
2024-02-25,08:00,약한 눈 연속적,9.5,10.0,7.0,0.9,0.0,0.9,1.8,0.2,94.0,북북동,1.1,1023.7
2024-02-25,09:00,약한 진눈깨비,13.4,10.0,8.0,1.4,0.3,1.4,1.8,0.1,93.0,정온,0.3,1023.6
2024-02-25,10:00,약한 진눈깨비,20 이상,9.0,7.0,2.4,0.7,0.8,1.8,,89.0,북동,1.6,1023.4
2024-02-25,11:00,진눈깨비 끝,20 이상,9.0,9.0,3.5,1.0,3.5,1.8,,84.0,북북동,1.1,1023.1
2024-02-25,12:00,구름많음,20 이상,8.0,8.0,4.7,0.4,4.7,1.8,,74.0,동,1.3,1022.7
2024-02-25,13:00,흐림,20 이상,9.0,9.0,5.2,0.3,5.2,1.8,,71.0,서,1.3,1022.3
2024-02-25,14:00,흐림,20 이상,9.0,9.0,4.9,1.0,3.1,1.8,,76.0,서북서,2.1,1022.4
2024-02-25,15:00,구름많음,20 이상,8.0,8.0,5.0,-0.4,2.2,1.8,,68.0,서북서,3.4,1022.5
2024-02-25,16:00,구름많음,20 이상,8.0,8.0,5.7,-0.5,3.9,1.8,,64.0,서,2.3,1022.3
2024-02-25,17:00,구름조금,20 이상,4.0,4.0,5.3,-0.1,3.2,1.8,,68.0,북북동,2.6,1022.4
2024-02-25,18:00,구름조금,20 이상,5.0,5.0,4.9,-0.5,4.9,1.8,,68.0,서,1.2,1022.9
2024-02-25,19:00,,20 이상,,,4.4,-1.4,1.8,1.8,,66.0,북북서,3.0,1023.5
2024-02-25,20:00,,20 이상,,,3.9,-1.2,2.7,1.8,,69.0,서북서,1.5,1024.2
2024-02-25,21:00,맑음,16.4,0.0,0.0,3.0,-1.3,1.0,1.8,,73.0,서북서,2.0,1024.8
2024-02-25,22:00,,13.1,,,2.5,-1.4,0.1,1.8,,75.0,서북서,2.3,1025.5
2024-02-25,23:00,,12.2,,,1.7,-1.9,0.3,1.8,,77.0,서,1.4,1025.6
2024-02-26,06:00,박무,8.7,0.0,0.0,-0.9,-2.3,-0.9,,,90.0,북북동,1.2,1027.1
2024-02-26,07:00,박무,7.8,0.0,0.0,-1.2,-2.6,-4.0,,,90.0,북북동,2.1,1027.8
2024-02-26,08:00,박무,9.8,2.0,2.0,-0.9,-2.1,-3.3,,,91.0,북동,1.8,1028.3
2024-02-26,09:00,맑음,11.9,1.0,1.0,1.4,-0.6,1.4,,,86.0,동북동,1.0,1028.6
2024-02-26,10:00,맑음,17.4,0.0,0.0,3.7,-0.8,1.2,,,72.0,북동,2.7,1028.4
2024-02-26,11:00,맑음,20 이상,0.0,0.0,5.5,-1.4,3.2,,,61.0,북동,2.8,1028.5
2024-02-26,12:00,맑음,20 이상,2.0,2.0,7.1,-1.8,5.3,,,53.0,북동,2.6,1027.9
2024-02-26,13:00,구름많음,20 이상,6.0,6.0,8.5,-1.6,7.3,,,49.0,동북동,2.2,1027.1
2024-02-26,14:00,구름많음,20 이상,7.0,7.0,8.4,-2.8,8.4,,,45.0,북동,0.7,1026.7
2024-02-26,15:00,구름많음,20 이상,7.0,7.0,8.5,-3.0,8.5,,,44.0,북북동,1.3,1026.7
2024-02-26,16:00,구름많음,20 이상,8.0,6.0,8.9,-3.0,7.2,,,43.0,북북동,3.0,1026.4
2024-02-26,17:00,구름많음,20 이상,6.0,6.0,8.4,-3.4,7.3,,,43.0,북동,2.0,1026.5
2024-02-26,18:00,구름조금,20 이상,4.0,4.0,7.2,-3.0,4.9,,,48.0,북북서,3.3,1027.0
2024-02-26,19:00,,20 이상,,,6.3,-3.6,3.8,,,49.0,서북서,3.4,1027.5
2024-02-26,20:00,,20 이상,,,5.4,-3.1,3.4,,,54.0,북북동,2.5,1027.8
2024-02-26,21:00,맑음,20 이상,2.0,0.0,4.7,-3.5,2.7,,,55.0,북북동,2.3,1028.2
2024-02-26,22:00,,20 이상,,,3.8,-3.9,1.8,,,57.0,북동,2.1,1029.0
2024-02-26,23:00,,20 이상,,,3.2,-3.8,1.0,,,60.0,북동,2.2,1028.9
2024-02-27,06:00,흐림,20 이상,9.0,0.0,1.3,-4.7,-3.0,,,64.0,동북동,4.4,1030.6
2024-02-27,07:00,구름많음,20 이상,8.0,0.0,1.2,-5.0,-3.0,,,63.0,북동,4.3,1030.6
2024-02-27,08:00,구름조금,20 이상,3.0,0.0,1.5,-4.7,-2.8,,,63.0,북동,4.5,1030.5
2024-02-27,09:00,구름많음,20 이상,8.0,0.0,2.3,-4.9,-1.2,,,59.0,동북동,3.6,1031.1
2024-02-27,10:00,흐림,20 이상,9.0,0.0,3.6,-4.8,0.0,,,54.0,북동,4.2,1031.2
2024-02-27,11:00,구름많음,20 이상,8.0,0.0,5.0,-4.8,2.0,,,49.0,동북동,3.8,1031.0
2024-02-27,12:00,흐림,20 이상,9.0,0.0,6.2,-4.5,3.6,,,46.0,북동,3.5,1030.7
2024-02-27,13:00,구름많음,20 이상,8.0,0.0,7.7,-3.8,5.7,,,44.0,동북동,3.0,1029.5
2024-02-27,14:00,흐림,20 이상,9.0,0.0,8.2,-4.2,6.5,,,41.0,동북동,2.8,1029.0
2024-02-27,15:00,구름많음,20 이상,7.0,0.0,9.6,-4.0,8.1,,,38.0,남동,2.8,1028.3
2024-02-27,16:00,구름조금,20 이상,4.0,1.0,9.5,-4.1,8.1,,,38.0,남동,2.6,1028.1
2024-02-27,17:00,구름많음,20 이상,6.0,4.0,8.9,-3.6,8.4,,,41.0,남동,1.5,1027.9
2024-02-27,18:00,구름많음,20 이상,8.0,4.0,8.1,-3.1,8.1,,,45.0,남남서,0.5,1028.2
2024-02-27,19:00,,20 이상,,,7.5,-3.1,6.8,,,47.0,남동,1.5,1028.3
2024-02-27,20:00,,20 이상,,,7.3,-3.0,6.2,,,48.0,남동,1.8,1028.6
2024-02-27,21:00,구름많음,20 이상,8.0,8.0,7.0,-3.0,5.6,,,49.0,남동,2.1,1028.5
2024-02-27,22:00,,20 이상,,,6.7,-3.5,4.8,,,48.0,동남동,2.6,1028.9
2024-02-27,23:00,,20 이상,,,6.3,-3.1,4.4,,,51.0,동남동,2.5,1029.4
2024-02-28,06:00,구름많음,20 이상,7.0,7.0,3.7,-2.9,1.0,,,62.0,북동,2.9,1028.3
2024-02-28,07:00,구름많음,20 이상,7.0,7.0,3.3,-3.0,0.8,,,63.0,북동,2.6,1028.6
2024-02-28,08:00,구름많음,20 이상,7.0,7.0,3.4,-2.5,0.6,,,65.0,북동,2.9,1028.8
2024-02-28,09:00,구름많음,20 이상,7.0,7.0,4.4,-2.2,1.9,,,62.0,북동,2.8,1029.4
2024-02-28,10:00,구름많음,20 이상,8.0,5.0,5.8,-2.0,4.4,,,57.0,동북동,1.9,1029.4
2024-02-28,11:00,흐림,20 이상,10.0,0.0,7.1,-1.8,5.8,,,53.0,동남동,2.0,1029.3
2024-02-28,12:00,흐림,20 이상,10.0,2.0,8.1,-1.1,7.3,,,52.0,남남서,1.7,1028.8
2024-02-28,13:00,흐림,20 이상,10.0,0.0,9.0,-1.1,8.6,,,49.0,남남서,1.4,1028.2
2024-02-28,14:00,흐림,20 이상,10.0,2.0,9.7,-0.2,9.3,,,50.0,북북동,1.5,1027.4
2024-02-28,15:00,흐림,20 이상,10.0,2.0,9.9,-0.3,9.9,,,49.0,남서,0.8,1026.7
2024-02-28,16:00,흐림,19.9,10.0,2.0,9.8,-0.1,8.7,,,50.0,서북서,2.3,1026.7
2024-02-28,17:00,흐림,17.7,10.0,1.0,9.4,-0.2,9.0,,,51.0,북서,1.5,1026.6
2024-02-28,18:00,흐림,20 이상,10.0,10.0,8.7,-0.1,7.8,,,54.0,서,1.8,1026.4
2024-02-28,19:00,,18.0,,,8.1,0.5,7.3,,,59.0,서북서,1.7,1026.4
2024-02-28,20:00,,13.9,,,7.4,1.4,6.0,,,66.0,서남서,2.2,1026.5
2024-02-28,21:00,흐림,13.1,9.0,9.0,6.9,1.3,5.6,,,68.0,서,2.0,1026.5
2024-02-28,22:00,,12.5,,,6.3,1.2,5.2,,,70.0,서,1.7,1027.0
2024-02-28,23:00,,11.9,,,5.7,0.6,5.7,,,70.0,동남동,0.7,1027.1
2024-02-29,06:00,박무,9.4,10.0,10.0,3.3,0.1,3.3,,,80.0,정온,0.3,1025.3
2024-02-29,07:00,박무,8.7,9.0,8.0,3.0,-0.1,1.0,,,80.0,북동,2.0,1024.7
2024-02-29,08:00,흐림,12.0,9.0,8.0,3.0,-1.0,3.0,,,75.0,정온,0.1,1024.3
2024-02-29,09:00,흐림,10.3,9.0,7.0,3.8,0.3,3.8,,,78.0,남서,1.1,1025.1
2024-02-29,10:00,흐림,12.2,9.0,8.0,5.1,0.2,3.9,,,71.0,동북동,1.6,1024.6
2024-02-29,11:00,흐림,11.7,10.0,10.0,6.0,-0.3,6.0,,,64.0,북동,1.2,1024.0
2024-02-29,12:00,흐림,12.7,10.0,10.0,6.8,-0.6,6.8,,,59.0,북북동,0.8,1023.0
2024-02-29,13:00,흐림,14.3,10.0,5.0,7.4,-1.5,7.4,,,53.0,북동,1.2,1021.8
2024-02-29,14:00,흐림,11.3,10.0,6.0,8.4,-0.1,8.4,,,55.0,서,1.2,1020.7
2024-02-29,15:00,흐림,10.8,9.0,7.0,8.7,-0.1,8.7,,,54.0,남서,1.1,1019.7
2024-02-29,16:00,구름많음,10.5,8.0,6.0,9.3,-0.6,7.7,,,50.0,서,2.9,1019.2
2024-02-29,17:00,연무,8.7,7.0,4.0,8.7,-0.3,7.0,,,53.0,서남서,2.9,1019.1
2024-02-29,18:00,구름많음,11.8,7.0,3.0,7.6,-2.1,5.1,,,50.0,서남서,3.9,1019.6
2024-02-29,19:00,,15.3,,,6.6,-3.6,4.2,,,48.0,서북서,3.4,1020.0
2024-02-29,20:00,구름많음,9.1,8.0,8.0,5.3,-1.4,1.8,,,62.0,서,4.8,1019.9
2024-02-29,21:00,연무,7.8,6.0,0.0,4.1,-3.2,-0.3,,,59.0,북서,6.2,1020.0
2024-02-29,22:00,구름많음,20 이상,8.0,8.0,2.5,-8.8,-1.4,,,43.0,서북서,4.3,1020.6
2024-02-29,23:00,,19.2,,,1.5,-7.8,-2.1,,,50.0,서북서,3.5,1021.2
2024-03-01,06:00,맑음,20 이상,0.0,0.0,-3.8,-16.3,-9.1,,,37.0,서,4.2,1023.6
2024-03-01,07:00,맑음,20 이상,0.0,0.0,-4.8,-17.6,-10.5,,,36.0,서북서,4.4,1024.3
2024-03-01,08:00,맑음,20 이상,0.0,0.0,-5.3,-17.4,-10.0,,,38.0,서,3.1,1024.9
2024-03-01,09:00,맑음,20 이상,0.0,0.0,-4.8,-17.6,-11.1,,,36.0,서북서,5.2,1024.9
2024-03-01,10:00,맑음,20 이상,0.0,0.0,-4.5,-19.1,-10.9,,,31.0,서북서,5.5,1025.0
2024-03-01,11:00,맑음,20 이상,0.0,0.0,-3.3,-16.6,-8.3,,,35.0,서북서,3.9,1024.8
2024-03-01,12:00,맑음,20 이상,0.0,0.0,-3.0,-17.0,-8.4,,,33.0,서북서,4.6,1024.6
2024-03-01,13:00,맑음,20 이상,0.0,0.0,-2.7,-18.3,-8.2,,,29.0,서,4.9,1024.0
2024-03-01,14:00,맑음,20 이상,0.0,0.0,-2.3,-19.2,-8.9,,,26.0,서,7.1,1023.5
2024-03-01,15:00,맑음,20 이상,0.0,0.0,-2.2,-18.7,-8.4,,,27.0,서북서,6.2,1023.1
2024-03-01,16:00,맑음,20 이상,1.0,1.0,-2.2,-15.9,-8.1,,,34.0,서북서,5.7,1022.9
2024-03-01,17:00,맑음,20 이상,0.0,0.0,-2.4,-16.8,-7.5,,,32.0,서,4.4,1023.1
2024-03-01,18:00,맑음,20 이상,0.0,0.0,-3.9,-17.8,-10.4,,,33.0,서북서,6.0,1023.4
2024-03-01,19:00,,20 이상,,,-5.0,-16.5,-11.0,,,40.0,서북서,4.7,1024.2
2024-03-01,20:00,,20 이상,,,-5.6,-16.2,-10.1,,,43.0,서북서,2.9,1025.0
2024-03-01,21:00,맑음,20 이상,0.0,0.0,-6.0,-16.3,-12.0,,,44.0,서북서,4.4,1025.6
2024-03-01,22:00,,20 이상,,,-6.5,-15.9,-11.7,,,47.0,서,3.4,1026.2
2024-03-01,23:00,,20 이상,,,-6.8,-15.7,-11.9,,,49.0,서북서,3.2,1026.4
2024-03-02,06:00,맑음,20 이상,0.0,0.0,-7.9,-15.1,-11.3,,,56.0,북동,1.8,1023.5
2024-03-02,07:00,맑음,20 이상,0.0,0.0,-8.0,-14.8,-11.3,,,58.0,북북동,1.7,1023.3
2024-03-02,08:00,맑음,20 이상,0.0,0.0,-7.4,-13.8,-7.4,,,60.0,동북동,1.1,1023.5
2024-03-02,09:00,맑음,20 이상,0.0,0.0,-4.2,-11.4,-7.8,,,57.0,동남동,2.3,1023.2
2024-03-02,10:00,맑음,20 이상,0.0,0.0,-2.1,-10.4,-5.4,,,53.0,남남동,2.4,1022.4
2024-03-02,11:00,맑음,20 이상,2.0,2.0,0.2,-8.2,-2.6,,,53.0,남서,2.3,1021.8
2024-03-02,12:00,구름많음,20 이상,7.0,7.0,1.9,-6.4,-2.4,,,54.0,남남서,4.7,1020.4
2024-03-02,13:00,눈 끝,20 이상,7.0,7.0,2.2,-5.6,-2.4,0.0,,56.0,남남서,5.4,1019.1
2024-03-02,14:00,구름많음,20 이상,6.0,6.0,2.9,-6.0,-2.0,0.0,,52.0,남남서,6.4,1017.7
2024-03-02,15:00,구름많음,20 이상,8.0,8.0,3.2,-5.4,-1.5,0.0,,53.0,남서,6.3,1017.2
2024-03-02,16:00,흐림,20 이상,9.0,9.0,3.1,-4.3,-1.7,0.0,,58.0,남남서,6.5,1017.0
2024-03-02,17:00,구름조금,20 이상,4.0,4.0,3.7,-3.8,-0.4,0.0,,58.0,남서,5.2,1016.1
2024-03-02,18:00,구름조금,20 이상,4.0,4.0,3.4,-3.2,-1.1,0.0,,62.0,남남서,5.9,1015.9
2024-03-02,19:00,,18.8,,,3.5,-2.4,-0.7,0.0,,65.0,남남서,5.2,1015.7
2024-03-02,20:00,약한 눈 단속적,16.4,8.0,8.0,3.3,-2.0,-0.3,0.0,,68.0,남남서,4.1,1015.7
2024-03-02,21:00,눈 끝,16.7,9.0,9.0,3.3,-1.8,0.4,0.0,,69.0,남남서,3.1,1016.0
2024-03-02,22:00,,14.5,,,3.4,-1.3,0.6,0.0,,71.0,남남서,3.0,1015.9
2024-03-02,23:00,,13.3,,,3.4,-1.1,0.7,0.0,,72.0,남남서,2.8,1015.6
2024-03-03,06:00,박무,3.7,0.0,0.0,0.9,-1.9,-1.9,,,81.0,서,2.4,1016.8
2024-03-03,07:00,박무,3.4,0.0,0.0,0.5,-2.0,-2.2,,,83.0,서남서,2.3,1017.3
2024-03-03,08:00,박무,3.3,0.0,0.0,0.7,-1.5,-1.9,,,85.0,서남서,2.2,1017.7
2024-03-03,09:00,박무,3.8,0.0,0.0,2.0,-1.2,0.5,,,79.0,서북서,1.5,1017.9
2024-03-03,10:00,연무,5.2,0.0,0.0,3.5,-2.8,1.6,,,63.0,서,2.0,1017.9
2024-03-03,11:00,연무,9.6,0.0,0.0,4.9,-4.9,2.4,,,49.0,서북서,2.9,1017.8
2024-03-03,12:00,연무,9.7,7.0,7.0,6.7,-4.1,4.7,,,46.0,서남서,2.8,1017.7
2024-03-03,13:00,연무,7.4,3.0,3.0,7.3,-2.4,4.7,,,50.0,서남서,4.0,1016.9
2024-03-03,14:00,연무,5.5,9.0,9.0,7.3,0.0,4.6,,,60.0,남서,4.1,1016.2
2024-03-03,15:00,연무,5.0,4.0,4.0,7.3,0.4,4.7,,,62.0,서,4.0,1015.9
2024-03-03,16:00,연무,5.0,4.0,4.0,7.2,0.8,4.7,,,64.0,서,3.8,1015.8
2024-03-03,17:00,연무,4.8,3.0,3.0,6.8,0.6,3.7,,,65.0,서,4.8,1015.9
2024-03-03,18:00,연무,4.7,0.0,0.0,6.0,0.1,4.0,,,66.0,서,2.6,1016.2
2024-03-03,19:00,맑음,4.6,0.0,0.0,5.0,0.1,2.8,,,71.0,서남서,2.6,1016.7
2024-03-03,20:00,맑음,4.1,0.0,0.0,4.4,0.3,1.4,,,75.0,서북서,3.5,1017.8
2024-03-03,21:00,연무,3.8,0.0,0.0,3.6,0.0,1.8,,,77.0,서남서,1.9,1018.6
2024-03-03,22:00,맑음,3.7,0.0,0.0,2.9,-0.3,1.7,,,79.0,서,1.4,1019.2
2024-03-03,23:00,맑음,3.7,0.0,0.0,2.5,-0.2,0.8,,,82.0,서북서,1.7,1019.4
2024-03-04,06:00,맑음,12.1,0.0,0.0,-1.3,-5.8,-3.6,,,71.0,북북동,1.7,1022.0
2024-03-04,07:00,맑음,14.4,0.0,0.0,-1.7,-6.2,-3.9,,,71.0,북동,1.6,1022.4
2024-03-04,08:00,맑음,14.2,0.0,0.0,-1.4,-6.7,-4.1,,,67.0,북동,2.0,1022.8
2024-03-04,09:00,맑음,17.3,0.0,0.0,1.3,-8.0,-1.3,,,50.0,동북동,2.3,1023.5
2024-03-04,10:00,맑음,20 이상,0.0,0.0,3.8,-8.2,1.5,,,41.0,북동,2.5,1023.3
2024-03-04,11:00,맑음,20 이상,0.0,0.0,6.1,-10.6,4.6,,,29.0,동북동,2.0,1022.9
2024-03-04,12:00,맑음,20 이상,2.0,0.0,8.0,-8.9,7.0,,,29.0,남남동,1.8,1021.9
2024-03-04,13:00,구름조금,20 이상,3.0,0.0,10.2,-10.0,10.2,,,23.0,동남동,1.4,1020.9
2024-03-04,14:00,구름많음,20 이상,6.0,0.0,11.1,-11.7,11.1,,,19.0,남,2.7,1020.0
2024-03-04,15:00,구름많음,20 이상,8.0,0.0,11.5,-8.9,11.5,,,23.0,남서,1.6,1019.1
2024-03-04,16:00,흐림,20 이상,9.0,0.0,11.1,-8.2,11.1,,,25.0,서남서,2.3,1018.9
2024-03-04,17:00,구름많음,17.1,8.0,0.0,11.2,-7.6,11.2,,,26.0,서,1.8,1018.8
2024-03-04,18:00,구름많음,18.4,8.0,0.0,9.9,-7.3,8.8,,,29.0,서북서,2.4,1019.3
2024-03-04,19:00,,16.2,,,8.4,-6.2,7.6,,,35.0,서,1.7,1019.4
2024-03-04,20:00,,15.2,,,7.7,-5.4,6.5,,,39.0,서북서,2.0,1019.1
2024-03-04,21:00,흐림,16.2,9.0,7.0,6.9,-5.7,6.9,,,40.0,북북서,1.0,1018.7
2024-03-04,22:00,,18.7,,,6.1,-6.5,5.2,,,40.0,북동,1.5,1019.1
2024-03-04,23:00,,20 이상,,,5.8,-7.1,4.6,,,39.0,북동,1.7,1018.7
2024-03-05,06:00,흐림,20 이상,10.0,10.0,6.5,-7.8,4.5,,,35.0,동북동,2.7,1015.8
2024-03-05,07:00,흐림,20 이상,10.0,10.0,6.5,-7.5,4.5,,,36.0,동북동,2.7,1015.7
2024-03-05,08:00,흐림,20 이상,10.0,10.0,6.4,-6.9,4.7,,,38.0,북동,2.3,1016.0
2024-03-05,09:00,흐림,20 이상,10.0,7.0,6.9,-5.7,4.6,,,40.0,북동,3.3,1016.5
2024-03-05,10:00,흐림,16.5,9.0,9.0,8.2,-4.6,6.7,,,40.0,동북동,2.5,1016.0
2024-03-05,11:00,흐림,14.3,10.0,3.0,8.8,-3.7,7.1,,,41.0,동북동,2.9,1015.5
2024-03-05,12:00,흐림,17.1,10.0,10.0,10.4,-3.6,10.4,,,37.0,동북동,3.2,1014.6
2024-03-05,13:00,흐림,14.9,10.0,10.0,10.8,-3.3,10.8,,,37.0,동,3.4,1013.1
2024-03-05,14:00,흐림,15.3,10.0,5.0,10.9,-2.5,10.9,,,39.0,동북동,2.3,1012.7
2024-03-05,15:00,흐림,15.5,10.0,3.0,10.8,-1.9,10.8,,,41.0,북동,2.0,1012.7
2024-03-05,16:00,흐림,14.5,10.0,2.0,10.7,-1.7,10.7,,,42.0,북,2.7,1012.7
2024-03-05,17:00,구름많음,13.8,8.0,8.0,10.9,-1.5,10.9,,,42.0,동북동,2.4,1010.8
2024-03-05,18:00,구름많음,15.5,8.0,0.0,10.1,0.1,10.1,,,50.0,북동,3.1,1011.8
2024-03-05,19:00,,20 이상,,,8.9,1.3,6.4,,,59.0,북동,4.5,1012.7
2024-03-05,20:00,,20 이상,,,8.1,1.0,5.6,,,61.0,동북동,4.1,1013.5
2024-03-05,21:00,구름많음,20 이상,8.0,0.0,7.3,0.0,5.1,,,60.0,북동,3.3,1014.6
2024-03-05,22:00,,20 이상,,,6.3,-0.2,3.7,,,63.0,북동,3.5,1014.9
2024-03-05,23:00,,20 이상,,,5.8,-0.4,2.7,,,64.0,북동,4.2,1015.0
2024-03-06,06:00,맑음,20 이상,2.0,0.0,2.7,-1.4,0.2,,,74.0,동북동,2.5,1015.7
2024-03-06,07:00,구름조금,20 이상,3.0,3.0,2.5,-1.6,0.1,,,74.0,북동,2.3,1016.6
2024-03-06,08:00,구름조금,20 이상,3.0,3.0,3.3,-1.2,0.9,,,72.0,동북동,2.5,1016.9
2024-03-06,09:00,구름많음,20 이상,8.0,8.0,4.5,-0.9,1.3,,,68.0,북동,3.9,1017.2
2024-03-06,10:00,구름많음,20 이상,8.0,8.0,5.8,-0.9,3.3,,,62.0,북동,3.2,1017.2
2024-03-06,11:00,구름많음,20 이상,6.0,3.0,7.5,-0.7,5.5,,,56.0,북동,3.0,1017.0
2024-03-06,12:00,구름많음,20 이상,8.0,8.0,9.2,-0.7,8.1,,,50.0,동북동,2.2,1016.8
2024-03-06,13:00,구름많음,20 이상,7.0,7.0,9.4,-0.7,8.8,,,49.0,동,1.6,1016.1
2024-03-06,14:00,구름많음,20 이상,8.0,8.0,9.6,-0.3,8.4,,,50.0,북,2.4,1015.7
2024-03-06,15:00,구름많음,20 이상,7.0,7.0,10.0,-0.5,9.1,,,48.0,북동,2.1,1015.5
2024-03-06,16:00,구름많음,20 이상,7.0,7.0,10.0,-0.5,9.7,,,48.0,동북동,1.4,1015.3
2024-03-06,17:00,구름많음,20 이상,6.0,6.0,9.5,-0.9,8.4,,,48.0,북동,2.3,1015.3
2024-03-06,18:00,구름많음,20 이상,7.0,7.0,9.1,-1.0,7.8,,,49.0,북동,2.4,1015.4
2024-03-06,19:00,,20 이상,,,8.2,-1.0,6.3,,,52.0,북동,3.0,1016.1
2024-03-06,20:00,,20 이상,,,7.2,-2.0,4.2,,,52.0,북동,4.8,1016.8
2024-03-06,21:00,구름조금,20 이상,5.0,5.0,6.1,-2.5,3.2,,,54.0,북동,4.0,1017.4
2024-03-06,22:00,,20 이상,,,5.1,-2.7,1.4,,,57.0,북동,5.1,1018.0
2024-03-06,23:00,,20 이상,,,4.6,-3.2,1.0,,,57.0,북동,4.6,1018.1
2024-03-07,06:00,눈 끝,20 이상,7.0,7.0,3.0,-3.1,-0.1,0.0,,64.0,북동,3.3,1017.5
2024-03-07,07:00,흐림,20 이상,9.0,9.0,3.0,-2.9,-0.1,0.0,,65.0,북동,3.2,1017.6
2024-03-07,08:00,흐림,20 이상,9.0,9.0,3.2,-2.9,0.4,0.0,,64.0,북동,2.9,1017.4
2024-03-07,09:00,흐림,20 이상,9.0,9.0,3.8,-2.1,2.7,0.0,,65.0,동북동,1.4,1017.2
2024-03-07,10:00,흐림,20 이상,9.0,9.0,5.1,-1.3,3.9,0.0,,63.0,남동,1.6,1017.2
2024-03-07,11:00,비 끝,19.9,8.0,8.0,5.4,0.0,3.2,0.0,,68.0,남남서,2.7,1016.9
2024-03-07,12:00,약한 진눈깨비,8.3,8.0,8.0,5.4,-0.4,2.9,0.0,,66.0,남서,3.1,1016.4
2024-03-07,13:00,진눈깨비 끝,18.9,6.0,6.0,8.2,-0.5,6.2,0.0,,54.0,남,3.3,1015.3
2024-03-07,14:00,구름많음,19.9,8.0,8.0,7.6,-2.1,4.8,0.0,,50.0,남남서,4.5,1014.8
2024-03-07,15:00,약한 비 단속적,13.8,9.0,9.0,5.8,1.7,4.0,0.0,,75.0,서,2.3,1014.9
2024-03-07,16:00,약한 비 단속적,6.6,8.0,8.0,4.3,2.1,1.8,2.1,,86.0,남서,2.8,1015.0
2024-03-07,17:00,비 끝,11.2,5.0,5.0,5.3,1.2,3.7,2.1,,75.0,서,2.0,1014.9
2024-03-07,18:00,맑음,20 이상,0.0,0.0,5.2,-3.6,2.6,2.1,,53.0,서,3.2,1015.3
2024-03-07,19:00,,20 이상,,,4.0,-3.5,1.0,2.1,,58.0,서남서,3.4,1015.5
2024-03-07,20:00,,20 이상,,,3.6,-4.6,0.6,2.1,,55.0,서남서,3.3,1015.8
2024-03-07,21:00,맑음,20 이상,0.0,0.0,3.1,-3.9,0.7,2.1,,60.0,서남서,2.4,1016.1
2024-03-07,22:00,,20 이상,,,2.5,-6.3,-0.3,2.1,,52.0,서남서,2.7,1016.7
2024-03-07,23:00,,20 이상,,,1.9,-8.2,-0.7,2.1,,47.0,서남서,2.4,1017.4
2024-03-08,06:00,연무,7.2,0.0,0.0,-0.4,-3.6,-3.1,,,79.0,서남서,2.1,1017.3
2024-03-08,07:00,연무,8.1,0.0,0.0,-0.4,-3.7,-2.9,,,78.0,서,2.0,1017.4
2024-03-08,08:00,연무,9.4,0.0,0.0,-0.2,-4.2,-2.3,,,74.0,남서,1.7,1017.8
2024-03-08,09:00,맑음,14.4,0.0,0.0,1.4,-5.7,-1.2,,,59.0,서,2.3,1017.9
2024-03-08,10:00,맑음,20 이상,0.0,0.0,3.2,-8.2,-0.7,,,43.0,서북서,4.6,1017.9
2024-03-08,11:00,맑음,20 이상,0.0,0.0,3.9,-10.9,-0.4,,,33.0,서북서,5.7,1017.6
2024-03-08,12:00,맑음,20 이상,0.0,0.0,4.6,-10.7,0.6,,,32.0,서북서,5.4,1017.2
2024-03-08,13:00,맑음,20 이상,1.0,1.0,5.9,-9.5,2.4,,,32.0,서,5.1,1016.8
2024-03-08,14:00,맑음,20 이상,1.0,1.0,6.0,-9.8,2.4,,,31.0,서,5.4,1016.2
2024-03-08,15:00,구름조금,20 이상,3.0,3.0,6.1,-8.6,2.7,,,34.0,서,5.1,1016.3
2024-03-08,16:00,맑음,20 이상,1.0,1.0,6.2,-8.9,3.0,,,33.0,서북서,4.7,1016.2
2024-03-08,17:00,맑음,20 이상,0.0,0.0,5.4,-11.6,1.6,,,28.0,서,5.5,1016.6
2024-03-08,18:00,맑음,20 이상,0.0,0.0,4.1,-10.0,0.2,,,35.0,서북서,4.9,1017.3
2024-03-08,19:00,,20 이상,,,2.4,-8.6,-1.4,,,44.0,서,4.1,1018.4
2024-03-08,20:00,,20 이상,,,1.5,-8.8,-1.5,,,46.0,서북서,2.7,1019.3
2024-03-08,21:00,맑음,20 이상,0.0,0.0,1.0,-8.5,-2.4,,,49.0,서,3.1,1019.8
2024-03-08,22:00,,20 이상,,,0.5,-9.2,-2.4,,,48.0,서북서,2.5,1020.4
2024-03-08,23:00,,20 이상,,,0.4,-9.6,-3.4,,,47.0,북서,3.4,1020.9
2024-03-09,06:00,맑음,20 이상,0.0,0.0,-1.8,-8.5,-5.8,,,60.0,서북서,3.1,1022.6
2024-03-09,07:00,맑음,20 이상,0.0,0.0,-2.0,-8.9,-5.2,,,59.0,서북서,2.3,1023.1
2024-03-09,08:00,맑음,20 이상,0.0,0.0,-1.8,-8.9,-5.1,,,58.0,서북서,2.4,1023.6
2024-03-09,09:00,맑음,20 이상,0.0,0.0,-0.4,-9.0,-4.2,,,52.0,서북서,3.2,1024.2
2024-03-09,10:00,맑음,20 이상,0.0,0.0,0.8,-10.0,-2.3,,,44.0,서,2.7,1024.5
2024-03-09,11:00,맑음,20 이상,0.0,0.0,2.3,-10.9,-0.4,,,37.0,서북서,2.6,1024.5
2024-03-09,12:00,맑음,20 이상,0.0,0.0,4.2,-10.6,1.4,,,33.0,남서,3.2,1024.2
2024-03-09,13:00,맑음,20 이상,0.0,0.0,5.2,-11.4,2.9,,,29.0,서남서,2.8,1023.6
2024-03-09,14:00,맑음,20 이상,0.0,0.0,6.1,-11.0,3.7,,,28.0,서북서,3.1,1022.8
2024-03-09,15:00,맑음,20 이상,0.0,0.0,6.8,-11.4,4.5,,,26.0,서남서,3.2,1022.5
2024-03-09,16:00,맑음,20 이상,0.0,0.0,6.7,-9.6,3.8,,,30.0,서,4.3,1022.9
2024-03-09,17:00,맑음,20 이상,0.0,0.0,6.2,-7.7,3.4,,,36.0,서남서,3.8,1023.0
2024-03-09,18:00,맑음,20 이상,0.0,0.0,5.0,-7.5,2.3,,,40.0,서,3.2,1023.5
2024-03-09,19:00,,20 이상,,,3.4,-7.7,0.3,,,44.0,서,3.4,1024.1
2024-03-09,20:00,,20 이상,,,2.6,-5.0,-0.6,,,57.0,서남서,3.2,1025.0
2024-03-09,21:00,맑음,20 이상,0.0,0.0,2.1,-4.0,-0.6,,,64.0,서남서,2.5,1025.2
2024-03-09,22:00,,20 이상,,,1.8,-3.0,-0.5,,,70.0,서남서,2.1,1025.7
2024-03-09,23:00,,20 이상,,,1.4,-3.2,-0.2,,,71.0,남서,1.5,1026.1
2024-03-10,06:00,맑음,20 이상,0.0,0.0,-1.7,-8.2,-1.7,,,61.0,정온,0.2,1028.1
2024-03-10,07:00,맑음,20 이상,0.0,0.0,-1.8,-8.3,-3.8,,,61.0,북북동,1.5,1028.3
2024-03-10,08:00,맑음,20 이상,0.0,0.0,-1.1,-6.6,-1.1,,,66.0,동북동,1.0,1028.8
2024-03-10,09:00,맑음,18.3,0.0,0.0,1.6,-3.6,-0.9,,,68.0,북동,2.3,1029.1
2024-03-10,10:00,맑음,20 이상,0.0,0.0,4.1,-4.3,3.0,,,54.0,동,1.4,1029.5
2024-03-10,11:00,맑음,20 이상,0.0,0.0,6.3,-5.6,5.2,,,42.0,남남서,1.7,1029.3
2024-03-10,12:00,맑음,20 이상,0.0,0.0,7.8,-7.9,5.8,,,32.0,서,3.1,1028.9
2024-03-10,13:00,맑음,20 이상,0.0,0.0,8.9,-8.6,7.2,,,28.0,서남서,2.9,1028.5
2024-03-10,14:00,맑음,20 이상,0.0,0.0,9.9,-7.3,7.9,,,29.0,서남서,4.0,1027.7
2024-03-10,15:00,맑음,20 이상,0.0,0.0,10.4,-6.0,10.4,,,31.0,서,2.8,1027.2
2024-03-10,16:00,맑음,20 이상,0.0,0.0,10.4,-4.8,10.4,,,34.0,서남서,2.8,1027.2
2024-03-10,17:00,맑음,20 이상,0.0,0.0,9.2,-4.7,7.2,,,37.0,서,3.7,1026.6
2024-03-10,18:00,맑음,20 이상,0.0,0.0,7.8,-4.9,5.7,,,40.0,서북서,3.3,1026.8
2024-03-10,19:00,,20 이상,,,6.3,-3.1,3.9,,,51.0,서북서,3.2,1027.0
2024-03-10,20:00,,20 이상,,,5.3,-1.6,3.2,,,61.0,서,2.5,1027.7
2024-03-10,21:00,맑음,20 이상,0.0,0.0,4.8,-0.8,3.6,,,67.0,서,1.6,1028.0
2024-03-10,22:00,,20 이상,,,4.4,-0.6,4.4,,,70.0,서남서,0.9,1028.0
2024-03-10,23:00,,17.1,,,3.6,-0.6,2.2,,,74.0,북북동,1.6,1027.0
2024-03-11,06:00,구름조금,12.9,5.0,0.0,2.1,-2.2,,,,73.0,,,1023.8
2024-03-11,07:00,구름많음,18.1,8.0,0.0,2.2,-2.7,,,,70.0,,,1022.9
2024-03-11,08:00,구름많음,17.4,8.0,0.0,2.7,-2.2,,,,70.0,,,1022.2
2024-03-11,09:00,흐림,20 이상,9.0,4.0,3.7,-2.9,,,,62.0,,,1021.8
2024-03-11,10:00,흐림,20 이상,9.0,7.0,4.7,-3.1,,,,57.0,,,1022.2
2024-03-11,11:00,흐림,19.0,9.0,7.0,5.9,-3.2,4.0,,,52.0,동북동,2.4,1021.5
2024-03-11,12:00,흐림,20 이상,9.0,7.0,6.8,-3.4,5.4,,,48.0,북동,2.1,1021.2
2024-03-11,13:00,흐림,20 이상,9.0,7.0,7.5,-4.2,7.5,,,43.0,남,0.7,1020.2
2024-03-11,14:00,흐림,20 이상,9.0,6.0,8.7,-5.5,7.1,,,36.0,남남서,2.8,1018.7
2024-03-11,15:00,흐림,20 이상,9.0,5.0,9.7,-2.9,8.3,,,41.0,남남서,2.7,1017.9
2024-03-11,16:00,구름많음,20 이상,8.0,4.0,10.4,0.6,10.4,,,51.0,남서,2.6,1017.1
2024-03-11,17:00,구름많음,20 이상,8.0,1.0,10.6,1.4,10.6,,,53.0,남서,2.6,1016.7
2024-03-11,18:00,맑음,20 이상,2.0,1.0,10.0,1.6,,,,56.0,,,1016.5
2024-03-11,19:00,,20 이상,,,9.1,2.1,,,,62.0,,,1016.4
2024-03-11,20:00,,20 이상,,,8.4,2.1,,,,65.0,,,1016.3
2024-03-11,21:00,구름조금,20 이상,5.0,2.0,7.6,1.8,,,,67.0,,,1016.3
2024-03-11,22:00,,20 이상,,,7.0,2.2,,,,72.0,,,1016.3
2024-03-11,23:00,,20 이상,,,6.7,2.7,,,,76.0,,,1016.0
2024-03-12,06:00,구름많음,13.7,8.0,8.0,5.3,2.8,,,,84.0,,,1014.1
2024-03-12,07:00,약한 비 단속적,13.7,10.0,7.0,5.5,3.1,,0.0,,85.0,,,1014.1
2024-03-12,08:00,약한 비 단속적,10.5,10.0,8.0,5.5,3.3,,0.0,,86.0,,,1014.7
2024-03-12,09:00,약한 비 연속적,6.2,10.0,8.0,5.7,4.1,,0.3,,90.0,,,1014.8
2024-03-12,10:00,비 끝,10.7,10.0,8.0,5.9,3.7,,0.4,,86.0,,,1015.1
2024-03-12,11:00,구름많음,13.6,8.0,8.0,7.1,4.2,,0.4,,82.0,,,1015.0
2024-03-12,12:00,흐림,14.4,9.0,9.0,8.5,3.9,,0.4,,73.0,,,1014.7
2024-03-12,13:00,흐림,16.8,9.0,9.0,7.8,3.8,,0.4,,76.0,,,1014.5
2024-03-12,14:00,약한 비 단속적,14.2,10.0,9.0,7.9,3.3,,0.4,,73.0,,,1014.0
2024-03-12,15:00,비 끝,20 이상,8.0,8.0,9.4,3.5,,0.4,,67.0,,,1013.7
2024-03-12,16:00,우박 끝,15.0,7.0,5.0,9.2,3.5,,0.4,,68.0,,,1014.0
2024-03-12,17:00,약한 비 단속적,13.1,8.0,6.0,8.5,3.9,,0.7,,73.0,,,1014.6
2024-03-12,18:00,비 끝,11.9,7.0,7.0,7.5,3.9,7.5,2.1,,78.0,동북동,0.7,1015.1
2024-03-12,19:00,구름조금,5.3,5.0,5.0,6.4,4.2,6.4,2.1,,86.0,서남서,1.3,1015.7
2024-03-12,20:00,맑음,6.0,0.0,0.0,5.8,3.7,5.8,2.1,,87.0,서,1.0,1016.2
2024-03-12,21:00,박무,8.9,3.0,3.0,5.9,3.8,4.5,2.1,,87.0,서북서,1.9,1017.0
2024-03-12,22:00,맑음,15.8,0.0,0.0,5.5,0.6,3.9,2.1,,71.0,서북서,2.0,1017.5
2024-03-12,23:00,,20 이상,,,5.1,-0.9,3.0,2.1,,65.0,서북서,2.5,1018.2
2024-03-13,06:00,구름조금,20 이상,3.0,0.0,1.6,-3.2,0.1,,,70.0,서,1.5,1020.3
2024-03-13,07:00,구름조금,20 이상,5.0,0.0,1.5,-3.1,0.1,,,71.0,북서,1.4,1020.4
2024-03-13,08:00,맑음,20 이상,1.0,0.0,2.0,-2.1,2.0,,,74.0,정온,0.1,1020.7
2024-03-13,09:00,맑음,16.5,0.0,0.0,4.5,-1.1,2.5,,,67.0,남,2.3,1021.0
2024-03-13,10:00,맑음,14.5,0.0,0.0,6.6,0.4,4.6,,,65.0,남남서,2.8,1021.3
2024-03-13,11:00,맑음,16.9,0.0,0.0,8.6,0.7,6.9,,,58.0,남남서,2.8,1020.9
2024-03-13,12:00,맑음,20 이상,0.0,0.0,10.6,0.5,10.6,,,50.0,남남서,2.6,1020.1
2024-03-13,13:00,맑음,20 이상,0.0,0.0,11.6,-5.4,11.6,,,30.0,남서,4.4,1019.6
2024-03-13,14:00,맑음,20 이상,0.0,0.0,11.3,-4.8,11.3,,,32.0,서남서,5.1,1019.3
2024-03-13,15:00,맑음,14.4,0.0,0.0,11.5,-3.4,11.5,,,35.0,남서,4.5,1018.9
2024-03-13,16:00,맑음,13.1,0.0,0.0,10.7,-3.4,10.7,,,37.0,남서,4.7,1018.8
2024-03-13,17:00,맑음,11.9,0.0,0.0,10.3,-3.7,10.3,,,37.0,남서,4.6,1018.7
2024-03-13,18:00,맑음,13.5,0.0,0.0,9.0,-2.3,6.4,,,45.0,남서,4.9,1019.0
2024-03-13,19:00,,13.0,,,7.7,-2.3,5.4,,,49.0,서남서,3.5,1019.7
2024-03-13,20:00,,13.4,,,7.0,-2.2,5.0,,,52.0,서남서,2.9,1020.1
2024-03-13,21:00,맑음,12.1,0.0,0.0,6.5,-1.1,5.0,,,58.0,남서,2.1,1020.4
2024-03-13,22:00,,11.6,,,5.9,-0.6,4.3,,,63.0,남남서,2.1,1020.7
2024-03-13,23:00,,11.4,,,5.5,-0.3,3.7,,,66.0,남서,2.2,1020.7
2024-03-14,06:00,박무,8.1,6.0,6.0,3.7,0.7,3.7,,,81.0,북북서,0.6,1020.7
2024-03-14,07:00,박무,6.9,8.0,8.0,3.5,1.0,3.5,,,84.0,동북동,1.1,1021.0
2024-03-14,08:00,박무,7.6,4.0,4.0,4.2,1.5,4.2,,,83.0,남,1.2,1021.4
2024-03-14,09:00,박무,7.2,2.0,2.0,5.6,2.4,5.6,,,80.0,남,0.9,1021.7
2024-03-14,10:00,박무,7.5,1.0,0.0,8.2,3.2,7.3,,,71.0,남,1.8,1021.9
2024-03-14,11:00,연무,8.2,0.0,0.0,10.1,2.4,10.1,,,59.0,남,1.5,1021.5
2024-03-14,12:00,맑음,10.2,0.0,0.0,11.8,0.8,11.8,,,47.0,서,2.1,1021.3
2024-03-14,13:00,맑음,14.6,0.0,0.0,13.1,-2.4,13.1,,,34.0,서남서,0.9,1020.7
2024-03-14,14:00,연무,9.6,0.0,0.0,14.5,0.0,14.5,,,37.0,남남서,1.3,1019.8
2024-03-14,15:00,맑음,19.4,0.0,0.0,15.4,-4.0,15.4,,,26.0,서남서,2.8,1020.1
2024-03-14,16:00,맑음,18.4,0.0,0.0,14.9,-3.0,14.9,,,29.0,서남서,3.2,1020.3
2024-03-14,17:00,맑음,15.7,0.0,0.0,14.2,-2.2,14.2,,,32.0,서,3.2,1020.2
2024-03-14,18:00,맑음,20 이상,0.0,0.0,12.7,-5.3,12.7,,,28.0,서,2.8,1020.5
2024-03-14,19:00,,16.7,,,10.6,-4.2,10.6,,,35.0,서남서,3.6,1021.1
2024-03-14,20:00,,14.3,,,9.2,-3.0,7.4,,,42.0,서남서,3.2,1021.6
2024-03-14,21:00,맑음,10.7,0.0,0.0,8.1,-0.9,6.6,,,53.0,남서,2.5,1022.2
2024-03-14,22:00,맑음,9.9,0.0,0.0,7.3,0.2,5.1,,,61.0,서남서,3.2,1022.6
2024-03-14,23:00,맑음,9.4,0.0,0.0,6.8,1.8,4.7,,,71.0,서남서,3.0,1023.0
2024-03-15,06:00,박무,7.4,0.0,0.0,4.2,1.5,4.2,,,83.0,정온,0.3,1023.5
2024-03-15,07:00,박무,7.8,0.0,0.0,4.1,1.4,4.1,,,83.0,남남동,0.5,1023.9
2024-03-15,08:00,박무,8.8,0.0,0.0,5.0,2.6,3.8,,,85.0,남서,1.6,1024.4
2024-03-15,09:00,박무,9.9,0.0,0.0,7.1,3.8,5.5,,,80.0,남남서,2.4,1024.4
2024-03-15,10:00,맑음,10.7,0.0,0.0,9.1,3.9,7.5,,,70.0,남남서,2.9,1024.5
2024-03-15,11:00,연무,9.3,0.0,0.0,10.6,4.0,10.6,,,64.0,남서,2.7,1024.3
2024-03-15,12:00,맑음,10.5,0.0,0.0,12.2,2.8,12.2,,,53.0,남남서,3.2,1024.3
2024-03-15,13:00,맑음,14.8,0.0,0.0,13.2,1.5,13.2,,,45.0,남서,3.2,1023.6
2024-03-15,14:00,맑음,14.2,0.0,0.0,13.9,2.4,13.9,,,46.0,남서,3.9,1023.1
2024-03-15,15:00,맑음,16.7,0.0,0.0,14.1,2.0,14.1,,,44.0,남남서,4.4,1022.7
2024-03-15,16:00,맑음,14.4,0.0,0.0,14.1,2.9,14.1,,,47.0,서,4.0,1022.6
2024-03-15,17:00,맑음,13.5,0.0,0.0,13.7,2.8,13.7,,,48.0,남남서,3.3,1022.6
2024-03-15,18:00,맑음,10.6,0.0,0.0,12.1,3.5,12.1,,,56.0,서남서,3.2,1023.1
2024-03-15,19:00,맑음,9.8,0.0,0.0,10.4,3.8,10.4,,,64.0,남서,2.6,1023.7
2024-03-15,20:00,맑음,8.0,0.0,0.0,9.5,4.0,8.1,,,69.0,서남서,2.7,1024.3
2024-03-15,21:00,연무,7.3,0.0,0.0,8.8,3.8,8.3,,,71.0,서남서,1.5,1024.5
2024-03-15,22:00,맑음,7.5,0.0,0.0,8.2,4.3,7.1,,,77.0,남남서,2.0,1024.9
2024-03-15,23:00,맑음,8.7,0.0,0.0,7.6,4.1,6.3,,,79.0,남서,2.1,1025.4
2024-03-16,06:00,박무,3.5,0.0,0.0,4.8,3.1,2.8,,,89.0,북동,2.3,1024.6
2024-03-16,07:00,박무,3.3,0.0,0.0,4.6,3.0,2.2,,,90.0,북동,2.7,1024.1
2024-03-16,08:00,박무,4.2,0.0,0.0,5.7,3.8,4.3,,,88.0,북동,1.9,1024.4
2024-03-16,09:00,박무,5.5,0.0,0.0,7.9,4.2,6.9,,,78.0,북동,1.8,1024.4
2024-03-16,10:00,연무,7.2,0.0,0.0,10.0,4.3,10.0,,,68.0,남,1.0,1024.3
2024-03-16,11:00,연무,7.8,0.0,0.0,12.5,4.4,12.5,,,58.0,남,1.7,1023.1
2024-03-16,12:00,연무,9.4,0.0,0.0,14.4,3.2,14.4,,,47.0,남남서,1.7,1022.0
2024-03-16,13:00,맑음,15.4,2.0,0.0,16.2,1.0,16.2,,,36.0,남남동,1.6,1020.8
2024-03-16,14:00,구름많음,14.5,7.0,0.0,17.7,0.7,17.7,,,32.0,남,1.4,1019.7
2024-03-16,15:00,구름많음,15.5,7.0,0.0,17.6,-1.1,17.6,,,28.0,남서,1.8,1018.3
2024-03-16,16:00,구름많음,20 이상,7.0,0.0,17.9,-4.1,17.9,,,22.0,남서,3.8,1017.7
2024-03-16,17:00,구름많음,20 이상,8.0,3.0,16.6,-3.5,16.6,,,25.0,서남서,4.2,1018.1
2024-03-16,18:00,구름많음,20 이상,8.0,6.0,14.8,-3.0,14.8,,,29.0,서,4.0,1018.0
2024-03-16,19:00,,20 이상,,,13.5,-4.2,13.5,,,29.0,서북서,2.8,1018.2
2024-03-16,20:00,,20 이상,,,12.6,-3.6,12.6,,,32.0,서북서,2.8,1018.6
2024-03-16,21:00,구름많음,20 이상,7.0,7.0,11.2,-2.9,11.2,,,37.0,서남서,2.8,1018.6
2024-03-16,22:00,,20 이상,,,10.5,-2.5,10.5,,,40.0,서남서,2.3,1018.2
2024-03-16,23:00,,20 이상,,,10.4,-1.3,10.4,,,44.0,서,2.6,1018.2
2024-03-17,06:00,약한 비 단속적,1.9,10.0,8.0,8.7,6.6,7.4,0.1,,87.0,서,2.3,1015.8
2024-03-17,07:00,비 끝,3.3,10.0,10.0,8.6,7.0,7.5,0.1,,90.0,남서,2.1,1015.8
2024-03-17,08:00,박무,6.1,10.0,10.0,8.7,6.8,6.9,0.1,,88.0,서남서,3.1,1016.1
2024-03-17,09:00,박무,8.7,6.0,6.0,8.6,4.4,5.8,0.1,,75.0,서,5.1,1016.6
2024-03-17,10:00,구름조금,11.6,4.0,0.0,9.2,1.8,6.5,0.1,,60.0,서북서,5.1,1016.5
2024-03-17,11:00,황사,13.7,5.0,0.0,9.6,0.0,7.4,0.1,,51.0,서북서,4.2,1016.6
2024-03-17,12:00,황사,13.9,3.0,0.0,9.6,-3.7,6.9,0.1,,39.0,북서,5.6,1016.3
2024-03-17,13:00,황사,10.7,3.0,0.0,10.7,-4.1,10.7,0.1,,35.0,서북서,4.3,1016.3
2024-03-17,14:00,황사,10.8,5.0,0.0,11.6,-4.5,11.6,0.1,,32.0,서북서,4.4,1015.5
2024-03-17,15:00,황사,13.0,5.0,0.0,11.7,-5.3,11.7,0.1,,30.0,서북서,4.7,1015.4
2024-03-17,16:00,황사,15.1,7.0,0.0,11.4,-5.1,11.4,0.1,,31.0,서,5.2,1015.8
2024-03-17,17:00,황사,20 이상,1.0,0.0,11.4,-6.5,11.4,0.1,,28.0,서북서,3.7,1015.7
2024-03-17,18:00,황사,20 이상,6.0,0.0,10.2,-7.0,10.2,0.1,,29.0,서북서,5.2,1016.3
2024-03-17,19:00,맑음,20 이상,0.0,0.0,8.9,-6.5,6.6,0.1,,33.0,서,4.0,1017.8
2024-03-17,20:00,,20 이상,,,7.7,-5.4,4.5,0.1,,39.0,서북서,5.5,1019.4
2024-03-17,21:00,구름많음,20 이상,6.0,0.0,6.6,-5.4,3.7,0.1,,42.0,서북서,4.2,1020.3
2024-03-17,22:00,,20 이상,,,5.9,-6.0,3.8,0.1,,42.0,북서,2.7,1021.1
2024-03-17,23:00,,20 이상,,,5.5,-6.7,2.8,0.1,,41.0,북서,3.4,1021.1
2024-03-18,06:00,맑음,20 이상,0.0,0.0,1.7,-11.1,0.0,,,38.0,북북동,1.6,1023.1
2024-03-18,07:00,맑음,20 이상,0.0,0.0,1.6,-11.5,0.2,,,37.0,북북서,1.4,1023.7
2024-03-18,08:00,맑음,20 이상,0.0,0.0,2.2,-10.3,2.2,,,39.0,정온,0.0,1024.1
2024-03-18,09:00,맑음,20 이상,0.0,0.0,5.1,-9.1,5.1,,,35.0,서남서,1.0,1024.2
2024-03-18,10:00,맑음,20 이상,0.0,0.0,7.4,-9.9,7.4,,,28.0,서북서,1.3,1024.1
2024-03-18,11:00,맑음,20 이상,0.0,0.0,9.6,-10.0,8.3,,,24.0,남,2.6,1023.4
2024-03-18,12:00,맑음,20 이상,0.0,0.0,11.0,-10.5,11.0,,,21.0,남서,2.8,1022.7
2024-03-18,13:00,맑음,20 이상,0.0,0.0,11.9,-13.1,11.9,,,16.0,남서,2.5,1021.6
2024-03-18,14:00,맑음,20 이상,0.0,0.0,13.1,-11.4,13.1,,,17.0,남남서,3.9,1020.6
2024-03-18,15:00,맑음,20 이상,0.0,0.0,13.0,-11.5,13.0,,,17.0,서,3.2,1020.3
2024-03-18,16:00,맑음,20 이상,0.0,0.0,12.8,-12.4,12.8,,,16.0,서,3.6,1020.0
2024-03-18,17:00,맑음,20 이상,1.0,0.0,11.5,-15.1,11.5,,,14.0,서,3.6,1020.1
2024-03-18,18:00,맑음,20 이상,2.0,0.0,10.0,-13.9,8.7,,,17.0,서,2.7,1020.1
2024-03-18,19:00,,20 이상,,,8.3,-14.6,6.1,,,18.0,서북서,3.6,1020.3
2024-03-18,20:00,,20 이상,,,7.3,-13.0,5.5,,,22.0,서북서,2.7,1020.4
2024-03-18,21:00,구름많음,20 이상,8.0,0.0,6.6,-10.2,5.3,,,29.0,서,1.9,1020.8
2024-03-18,22:00,흐림,20 이상,9.0,9.0,6.2,-9.7,3.9,,,31.0,서,3.0,1020.9
2024-03-18,23:00,,20 이상,,,6.0,-9.0,4.6,,,33.0,서,1.9,1020.3
2024-03-19,06:00,구름많음,20 이상,6.0,2.0,5.4,-3.4,3.5,,,53.0,남동,2.3,1017.6
2024-03-19,07:00,구름많음,20 이상,7.0,4.0,5.4,-3.1,4.3,,,54.0,남동,1.6,1017.1
2024-03-19,08:00,비 끝,20 이상,8.0,6.0,5.8,-1.3,4.1,0.0,,60.0,동남동,2.2,1016.8
2024-03-19,09:00,구름조금,20 이상,3.0,1.0,7.1,-0.1,5.4,0.0,,60.0,남남동,2.5,1015.8
2024-03-19,10:00,구름많음,20 이상,8.0,8.0,7.9,0.5,5.9,0.0,,60.0,남남동,3.1,1014.5
2024-03-19,11:00,약한 비 단속적,12.3,10.0,7.0,8.1,3.5,5.6,0.0,,73.0,남남서,4.1,1014.2
2024-03-19,12:00,비 끝,14.5,10.0,7.0,8.6,4.2,5.9,0.2,,74.0,남남서,4.8,1013.3
2024-03-19,13:00,연무,8.1,7.0,7.0,9.2,2.7,6.0,0.2,,64.0,남서,6.5,1012.2
2024-03-19,14:00,연무,6.0,8.0,8.0,9.5,3.2,6.8,0.2,,65.0,남남서,5.5,1011.4
2024-03-19,15:00,연무,5.5,6.0,6.0,9.8,3.5,7.0,0.2,,65.0,남서,6.0,1011.0
2024-03-19,16:00,맑음,10.1,1.0,1.0,9.2,2.0,6.0,0.2,,61.0,남남서,6.5,1010.7
2024-03-19,17:00,구름조금,10.1,4.0,4.0,8.4,1.5,5.3,0.2,,62.0,남서,5.7,1011.6
2024-03-19,18:00,연무,9.8,6.0,6.0,7.6,2.0,4.3,0.2,,68.0,남서,5.7,1012.3
2024-03-19,19:00,구름조금,9.7,5.0,5.0,6.9,-1.2,3.6,0.2,,56.0,서,5.2,1013.7
2024-03-19,20:00,구름많음,10.0,7.0,7.0,5.9,-2.2,2.2,0.2,,56.0,서북서,5.6,1015.0
2024-03-19,21:00,구름많음,14.4,8.0,8.0,5.3,-2.7,2.6,0.2,,56.0,서,3.3,1016.0
2024-03-19,22:00,,13.5,,,5.0,-2.3,2.0,0.2,,59.0,서,3.7,1016.7
2024-03-19,23:00,비 끝,14.0,5.0,5.0,4.7,-2.1,1.5,0.2,,61.0,서북서,3.9,1017.0
2024-03-20,06:00,맑음,15.0,0.0,0.0,1.5,-3.9,-1.1,,,67.0,서북서,2.3,1020.3
2024-03-20,07:00,맑음,16.6,0.0,0.0,1.2,-4.6,-1.8,,,65.0,서북서,2.7,1021.1
2024-03-20,08:00,맑음,17.9,0.0,0.0,1.9,-4.6,-0.7,,,62.0,서북서,2.4,1021.6
2024-03-20,09:00,맑음,18.5,0.0,0.0,3.3,-4.8,0.0,,,55.0,서북서,3.6,1022.2
2024-03-20,10:00,맑음,20 이상,1.0,1.0,4.8,-6.7,1.5,,,43.0,서북서,4.2,1022.2
2024-03-20,11:00,구름조금,20 이상,5.0,5.0,6.2,-7.4,2.8,,,37.0,서북서,5.0,1022.0
2024-03-20,12:00,구름많음,20 이상,7.0,7.0,6.6,-7.8,3.9,,,35.0,서,3.9,1021.6
2024-03-20,13:00,구름많음,20 이상,6.0,6.0,6.7,-7.7,3.7,,,35.0,서,4.4,1020.9
2024-03-20,14:00,구름많음,20 이상,6.0,6.0,6.8,-8.3,3.4,,,33.0,서북서,5.3,1019.8
2024-03-20,15:00,구름많음,20 이상,6.0,6.0,8.1,-8.4,5.9,,,30.0,서,3.6,1019.2
2024-03-20,16:00,구름조금,20 이상,5.0,5.0,7.8,-9.1,5.0,,,29.0,서북서,4.7,1019.1
2024-03-20,17:00,구름조금,20 이상,3.0,3.0,7.7,-6.1,5.1,,,37.0,남서,4.1,1018.9
2024-03-20,18:00,맑음,20 이상,1.0,1.0,6.8,-4.3,4.1,,,45.0,서남서,3.9,1018.7
2024-03-20,19:00,,20 이상,,,5.3,-4.0,2.9,,,51.0,서남서,3.0,1019.2
2024-03-20,20:00,,20 이상,,,4.6,-5.2,2.2,,,49.0,서남서,2.8,1019.6
2024-03-20,21:00,맑음,20 이상,0.0,0.0,4.2,-11.4,0.9,,,31.0,서,4.0,1020.1
2024-03-20,22:00,,20 이상,,,3.4,-10.6,1.0,,,35.0,서남서,2.5,1020.9
2024-03-20,23:00,,20 이상,,,2.8,-9.8,0.6,,,39.0,서북서,2.2,1020.9
2024-03-21,06:00,맑음,20 이상,0.0,0.0,-0.9,-7.7,-0.9,,,60.0,서,1.0,1019.8
2024-03-21,07:00,맑음,20 이상,0.0,0.0,-0.8,-7.6,-0.8,,,60.0,정온,0.4,1019.9
2024-03-21,08:00,맑음,20 이상,0.0,0.0,1.0,-6.3,1.0,,,58.0,남남동,0.5,1019.9
2024-03-21,09:00,맑음,20 이상,0.0,0.0,3.3,-4.8,2.0,,,55.0,서북서,1.5,1019.9
2024-03-21,10:00,맑음,20 이상,0.0,0.0,5.3,-5.4,3.0,,,46.0,서,2.8,1019.9
2024-03-21,11:00,맑음,20 이상,0.0,0.0,7.6,-6.1,6.4,,,37.0,남서,2.0,1019.7
2024-03-21,12:00,맑음,20 이상,0.0,0.0,8.6,-8.0,7.5,,,30.0,서남서,2.1,1019.0
2024-03-21,13:00,맑음,20 이상,0.0,0.0,10.4,-7.3,10.4,,,28.0,남서,2.8,1018.2
2024-03-21,14:00,맑음,20 이상,0.0,0.0,10.8,-7.9,10.8,,,26.0,서북서,3.1,1017.3
2024-03-21,15:00,맑음,20 이상,0.0,0.0,11.2,-4.5,11.2,,,33.0,남서,3.7,1016.6
2024-03-21,16:00,맑음,20 이상,0.0,0.0,10.9,-4.3,10.9,,,34.0,서남서,3.0,1016.4
2024-03-21,17:00,맑음,20 이상,0.0,0.0,10.1,-3.2,10.1,,,39.0,서남서,3.4,1016.2
2024-03-21,18:00,맑음,20 이상,0.0,0.0,8.6,-6.0,6.4,,,35.0,서,3.7,1016.2
2024-03-21,19:00,,20 이상,,,7.0,-5.7,4.9,,,40.0,서,3.0,1016.5
2024-03-21,20:00,,20 이상,,,6.0,-5.6,4.1,,,43.0,서,2.5,1016.7
2024-03-21,21:00,구름조금,20 이상,4.0,0.0,5.2,-4.3,5.2,,,50.0,서북서,1.3,1017.4
2024-03-21,22:00,,20 이상,,,4.6,-4.1,4.6,,,53.0,북북서,0.6,1017.9
2024-03-21,23:00,,20 이상,,,3.9,-4.3,2.4,,,55.0,서,1.7,1018.4
2024-03-22,06:00,맑음,20 이상,0.0,0.0,4.1,-4.8,0.7,,,52.0,북동,4.1,1016.8
2024-03-22,07:00,구름많음,20 이상,6.0,0.0,4.1,-4.6,0.7,,,53.0,북동,4.1,1016.7
2024-03-22,08:00,구름많음,20 이상,7.0,0.0,5.0,-4.0,2.0,,,52.0,북동,3.8,1015.7
2024-03-22,09:00,구름조금,20 이상,4.0,4.0,7.3,-3.5,5.1,,,46.0,동북동,3.3,1015.4
2024-03-22,10:00,구름조금,20 이상,4.0,0.0,10.4,-2.9,10.4,,,39.0,동북동,3.5,1014.8
2024-03-22,11:00,구름조금,20 이상,3.0,0.0,12.7,-2.7,12.7,,,34.0,동북동,3.2,1014.0
2024-03-22,12:00,구름많음,20 이상,8.0,3.0,14.2,-2.2,14.2,,,32.0,동남동,3.2,1012.9
2024-03-22,13:00,흐림,20 이상,9.0,5.0,14.6,-1.5,14.6,,,33.0,남남동,4.7,1011.5
2024-03-22,14:00,흐림,20 이상,10.0,4.0,14.8,-1.3,14.8,,,33.0,남,4.2,1010.0
2024-03-22,15:00,흐림,20 이상,10.0,5.0,14.9,0.0,14.9,,,36.0,남,3.7,1009.3
2024-03-22,16:00,약한 비 단속적,20 이상,10.0,7.0,15.0,1.8,15.0,0.0,,41.0,남,3.4,1008.4
2024-03-22,17:00,약한 비 단속적,20 이상,10.0,7.0,15.1,4.1,15.1,0.0,,48.0,남남서,3.7,1007.7
2024-03-22,18:00,약한 비 연속적,12.8,10.0,7.0,14.0,7.7,14.0,0.1,,66.0,남,6.5,1007.8
2024-03-22,19:00,약한 비 연속적,10.8,10.0,8.0,12.8,8.4,12.8,0.9,,75.0,남남서,4.3,1008.1
2024-03-22,20:00,약한 비 연속적,7.7,10.0,8.0,12.1,9.4,12.1,2.7,,84.0,동남동,2.2,1008.5
2024-03-22,21:00,약한 비 연속적,10.0,10.0,8.0,11.5,9.0,11.5,4.9,,85.0,남남동,1.4,1008.6
2024-03-22,22:00,비 끝,19.3,9.0,9.0,11.8,8.9,11.8,5.0,,83.0,남남서,2.5,1008.9
2024-03-22,23:00,약한 비 단속적,18.0,10.0,8.0,12.2,9.2,12.2,5.0,,82.0,남남서,3.6,1009.0
2024-03-23,06:00,박무,4.4,7.0,7.0,9.8,7.9,9.3,0.1,,88.0,서,1.6,1013.1
2024-03-23,07:00,박무,4.0,6.0,6.0,9.4,7.6,8.6,0.1,,89.0,서,1.9,1014.0
2024-03-23,08:00,박무,4.9,4.0,1.0,9.6,8.0,8.6,0.1,,90.0,서,2.1,1014.9
2024-03-23,09:00,박무,5.0,9.0,9.0,10.0,7.9,8.3,0.1,,87.0,서북서,3.4,1015.7
2024-03-23,10:00,박무,6.4,8.0,8.0,11.2,8.4,11.2,0.1,,83.0,서,1.6,1016.3
2024-03-23,11:00,박무,7.7,7.0,7.0,12.9,8.3,12.9,0.1,,74.0,남서,2.3,1016.6
2024-03-23,12:00,연무,8.3,5.0,5.0,13.7,7.8,13.7,0.1,,68.0,남남서,3.6,1016.9
2024-03-23,13:00,맑음,11.8,1.0,1.0,15.0,7.0,15.0,0.1,,59.0,서북서,3.0,1016.3
2024-03-23,14:00,구름많음,13.8,6.0,0.0,15.9,6.5,15.9,0.1,,54.0,서북서,2.3,1015.8
2024-03-23,15:00,맑음,17.6,0.0,0.0,17.7,6.8,17.7,0.1,,49.0,서,1.9,1015.1
2024-03-23,16:00,맑음,20 이상,0.0,0.0,18.0,5.8,18.0,0.1,,45.0,서,2.2,1014.6
2024-03-23,17:00,맑음,20 이상,0.0,0.0,17.8,5.3,17.8,0.1,,44.0,서북서,2.5,1014.6
2024-03-23,18:00,구름조금,20 이상,4.0,0.0,16.9,4.8,16.9,0.1,,45.0,서,2.9,1015.3
2024-03-23,19:00,,20 이상,,,15.6,4.3,15.6,0.1,,47.0,서북서,2.2,1016.4
2024-03-23,20:00,,20 이상,,,14.7,3.7,14.7,0.1,,48.0,북서,2.5,1016.9
2024-03-23,21:00,구름많음,20 이상,8.0,0.0,13.4,3.4,13.4,0.1,,51.0,서,1.3,1017.3
2024-03-23,22:00,,20 이상,,,12.5,3.9,12.5,0.1,,56.0,북동,1.0,1017.3
2024-03-23,23:00,,20 이상,,,11.8,2.7,11.8,0.1,,54.0,북동,0.9,1017.6
2024-03-24,06:00,구름많음,20 이상,8.0,0.0,10.8,3.0,10.8,,,59.0,동북동,3.0,1016.9
2024-03-24,07:00,구름많음,20 이상,8.0,0.0,10.8,2.8,10.8,,,58.0,동북동,3.4,1017.6
2024-03-24,08:00,흐림,20 이상,9.0,0.0,11.8,3.0,11.8,,,55.0,북동,2.9,1018.3
2024-03-24,09:00,구름많음,20 이상,8.0,0.0,13.0,2.2,13.0,,,48.0,동북동,3.5,1018.7
2024-03-24,10:00,구름많음,20 이상,7.0,0.0,15.4,2.5,15.4,,,42.0,동북동,2.7,1018.7
2024-03-24,11:00,구름많음,20 이상,7.0,0.0,17.0,2.5,17.0,,,38.0,북동,3.1,1018.7
2024-03-24,12:00,구름많음,20 이상,8.0,4.0,19.2,2.9,19.2,,,34.0,동북동,2.4,1017.9
2024-03-24,13:00,구름조금,20 이상,5.0,5.0,20.1,2.8,20.1,,,32.0,북동,3.0,1017.0
2024-03-24,14:00,맑음,20 이상,2.0,2.0,21.7,2.3,21.7,,,28.0,동북동,2.3,1015.6
2024-03-24,15:00,맑음,20 이상,0.0,0.0,22.7,2.7,22.7,,,27.0,동남동,2.3,1014.6
2024-03-24,16:00,맑음,20 이상,0.0,0.0,23.1,0.1,23.1,,,22.0,북동,3.1,1013.9
2024-03-24,17:00,맑음,20 이상,0.0,0.0,23.2,0.8,23.2,,,23.0,남동,1.2,1013.5
2024-03-24,18:00,맑음,20 이상,0.0,0.0,22.1,0.0,22.1,,,23.0,북북서,1.9,1013.8
2024-03-24,19:00,,20 이상,,,19.9,0.8,19.9,,,28.0,서,0.7,1014.0
2024-03-24,20:00,,20 이상,,,17.8,3.6,17.8,,,39.0,서남서,1.9,1014.5
2024-03-24,21:00,맑음,17.6,0.0,0.0,16.8,4.1,16.8,,,43.0,서,2.1,1015.1
2024-03-24,22:00,,15.4,,,16.2,4.2,16.2,,,45.0,남남서,1.6,1015.6
2024-03-24,23:00,,15.3,,,15.5,3.9,15.5,,,46.0,서남서,1.8,1016.4
2024-03-25,06:00,흐림,20 이상,9.0,9.0,12.4,1.0,12.4,,,46.0,동,1.4,1015.6
2024-03-25,07:00,흐림,20 이상,9.0,9.0,12.1,1.6,12.1,,,49.0,동북동,3.9,1015.4
2024-03-25,08:00,흐림,20 이상,9.0,9.0,12.5,0.8,12.5,,,45.0,북동,3.8,1016.7
2024-03-25,09:00,흐림,20 이상,9.0,9.0,12.4,-0.5,12.4,,,41.0,동북동,3.7,1017.2
2024-03-25,10:00,흐림,20 이상,9.0,9.0,12.6,0.9,12.6,,,45.0,동북동,3.4,1017.1
2024-03-25,11:00,흐림,20 이상,9.0,9.0,12.8,1.7,12.8,,,47.0,동북동,4.3,1016.2
2024-03-25,12:00,흐림,20 이상,10.0,10.0,13.0,2.8,13.0,,,50.0,북동,5.7,1016.0
2024-03-25,13:00,약한 비 단속적,20 이상,10.0,7.0,12.8,2.8,12.8,0.0,,51.0,북동,4.2,1016.8
2024-03-25,14:00,약한 비 연속적,20 이상,10.0,7.0,10.4,6.7,10.4,1.9,,78.0,북동,4.8,1016.1
2024-03-25,15:00,약한 비 연속적,20 이상,10.0,7.0,10.4,6.5,10.4,2.2,,77.0,북동,5.1,1015.2
2024-03-25,16:00,약한 비 연속적,20 이상,10.0,5.0,9.9,6.4,7.5,2.6,,79.0,북동,5.0,1015.6
2024-03-25,17:00,약한 비 연속적,20 이상,10.0,4.0,9.5,5.6,6.7,2.8,,77.0,북동,5.6,1016.0
2024-03-25,18:00,약한 비 연속적,20 이상,10.0,6.0,9.2,5.9,6.7,2.9,,80.0,북동,4.8,1016.4
2024-03-25,19:00,약한 비 연속적,20 이상,10.0,7.0,8.6,5.5,5.7,3.4,,81.0,북동,5.4,1015.9
2024-03-25,20:00,약한 비 연속적,20 이상,10.0,6.0,8.3,5.0,5.2,3.6,,80.0,북동,5.6,1016.1
2024-03-25,21:00,약한 비 연속적,20 이상,10.0,7.0,7.9,4.6,5.2,4.0,,80.0,동북동,4.5,1017.0
2024-03-25,22:00,약한 비 연속적,20 이상,10.0,6.0,7.3,4.7,4.2,4.7,,84.0,북동,5.0,1016.0
2024-03-25,23:00,약한 비 단속적,20 이상,10.0,4.0,6.8,4.1,3.1,5.1,,83.0,북동,6.3,1015.5
2024-03-26,06:00,약한 비 연속적,16.7,10.0,8.0,3.5,2.1,0.5,8.4,,91.0,북동,3.2,1016.9
2024-03-26,07:00,약한 비 연속적,13.9,10.0,9.0,3.6,2.1,1.7,9.9,,90.0,북동,2.0,1018.7
2024-03-26,08:00,약한 비 연속적,20 이상,10.0,7.0,3.2,1.8,-0.0,11.3,,91.0,북동,3.5,1019.0
2024-03-26,09:00,약한 비 연속적,20 이상,10.0,5.0,3.7,2.6,1.3,11.5,,93.0,북동,2.5,1019.9
2024-03-26,10:00,약한 비 단속적,20 이상,9.0,7.0,5.1,3.4,2.3,11.5,,89.0,동북동,3.5,1020.6
2024-03-26,11:00,비 끝,20 이상,8.0,7.0,6.0,3.3,3.8,11.5,,83.0,북동,2.8,1020.9
2024-03-26,12:00,구름많음,20 이상,7.0,7.0,7.7,3.9,6.2,11.5,,77.0,동북동,2.4,1020.9
2024-03-26,13:00,구름많음,20 이상,7.0,7.0,8.5,3.3,6.6,11.5,,70.0,북서,3.1,1021.4
2024-03-26,14:00,구름많음,20 이상,7.0,7.0,10.9,3.6,10.9,11.5,,61.0,동,2.3,1020.7
2024-03-26,15:00,구름조금,20 이상,3.0,3.0,11.9,3.8,11.9,11.5,,58.0,북동,2.7,1020.2
2024-03-26,16:00,구름조금,20 이상,5.0,5.0,12.1,4.0,12.1,11.5,,58.0,북동,1.9,1020.3
2024-03-26,17:00,구름많음,20 이상,8.0,8.0,11.4,3.4,11.4,11.5,,58.0,북서,1.1,1020.7
2024-03-26,18:00,구름많음,20 이상,8.0,8.0,10.9,3.1,10.9,11.5,,59.0,북서,1.6,1021.3
2024-03-26,19:00,,20 이상,,,10.4,3.6,10.4,11.5,,63.0,북서,1.9,1021.8
2024-03-26,20:00,,20 이상,,,10.0,3.7,10.0,11.5,,65.0,북북동,1.0,1022.4
2024-03-26,21:00,맑음,20 이상,1.0,1.0,9.2,3.1,8.8,11.5,,66.0,북서,1.4,1022.8
2024-03-26,22:00,,20 이상,,,8.2,3.8,7.1,11.5,,74.0,서남서,2.0,1023.6
2024-03-26,23:00,,20 이상,,,7.5,4.4,6.9,11.5,,81.0,서,1.4,1024.3
2024-03-27,06:00,맑음,20 이상,0.0,0.0,4.6,2.7,2.9,,,88.0,북북동,2.0,1024.6
2024-03-27,07:00,맑음,17.4,0.0,0.0,4.5,2.9,2.5,,,90.0,북동,2.3,1024.9
2024-03-27,08:00,맑음,20 이상,0.0,0.0,6.1,3.5,4.6,,,84.0,북동,2.0,1024.6
2024-03-27,09:00,맑음,20 이상,0.0,0.0,8.2,4.2,6.8,,,76.0,북동,2.3,1024.7
2024-03-27,10:00,맑음,19.1,0.0,0.0,10.4,4.7,10.4,,,68.0,동남동,1.7,1024.5
2024-03-27,11:00,구름조금,17.1,4.0,2.0,12.4,5.3,12.4,,,62.0,남,1.8,1024.5
2024-03-27,12:00,구름많음,16.7,7.0,0.0,13.6,4.9,13.6,,,56.0,서남서,3.1,1023.7
2024-03-27,13:00,흐림,18.3,10.0,0.0,14.4,4.6,14.4,,,52.0,남서,1.3,1023.2
2024-03-27,14:00,흐림,16.6,10.0,0.0,15.6,5.1,15.6,,,50.0,남,1.5,1022.1
2024-03-27,15:00,흐림,15.3,10.0,0.0,16.0,4.3,16.0,,,46.0,서,2.5,1021.7
2024-03-27,16:00,흐림,14.6,10.0,0.0,15.7,5.2,15.7,,,50.0,서,3.8,1021.4
2024-03-27,17:00,흐림,17.0,10.0,0.0,14.2,5.5,14.2,,,56.0,서북서,3.6,1021.1
2024-03-27,18:00,구름많음,14.6,8.0,0.0,13.1,5.9,13.1,,,62.0,서,3.3,1021.1
2024-03-27,19:00,흐림,13.5,9.0,0.0,12.0,5.8,12.0,,,66.0,서남서,2.5,1020.6
2024-03-27,20:00,구름많음,20 이상,8.0,0.0,11.5,4.6,11.5,,,63.0,남서,2.1,1021.0
2024-03-27,21:00,구름많음,20 이상,8.0,0.0,11.1,4.5,11.1,,,64.0,남남서,1.7,1020.9
2024-03-27,22:00,흐림,20 이상,10.0,0.0,10.7,4.5,10.7,,,66.0,남남서,0.8,1020.4
2024-03-27,23:00,흐림,20 이상,10.0,0.0,10.9,4.7,10.9,,,66.0,남,1.4,1019.9
2024-03-28,06:00,약한 비 연속적,3.3,10.0,8.0,9.8,7.7,8.9,1.1,,87.0,북동,2.0,1014.3
2024-03-28,07:00,약한 비 단속적,4.8,10.0,5.0,9.5,7.6,8.3,1.1,,88.0,북북동,2.4,1013.2
2024-03-28,08:00,약한 비 연속적,4.9,10.0,7.0,9.6,7.8,9.0,1.2,,89.0,북동,1.7,1013.2
2024-03-28,09:00,약한 비 연속적,5.8,10.0,8.0,10.1,8.1,10.1,1.5,,88.0,북동,1.5,1012.7
2024-03-28,10:00,약한 비 단속적,9.4,10.0,7.0,10.6,8.0,10.6,1.5,,84.0,북동,0.6,1011.7
2024-03-28,11:00,비 끝,15.4,10.0,5.0,11.0,7.1,11.0,1.5,,77.0,동,1.0,1010.7
2024-03-28,12:00,약한 비 연속적,14.5,10.0,7.0,11.2,7.1,11.2,1.5,,76.0,남동,1.8,1010.1
2024-03-28,13:00,약한 비 연속적,15.6,10.0,7.0,11.5,7.4,11.5,1.5,,76.0,동남동,2.4,1009.1
2024-03-28,14:00,약한 비 연속적,17.6,10.0,6.0,11.2,7.6,11.2,1.5,,79.0,남동,2.3,1007.8
2024-03-28,15:00,비 끝,13.7,10.0,5.0,11.7,8.1,11.7,1.5,,79.0,동북동,0.8,1006.4
2024-03-28,16:00,흐림,15.5,10.0,7.0,12.0,8.0,12.0,1.5,,77.0,동,1.1,1005.8
2024-03-28,17:00,흐림,14.4,10.0,8.0,12.1,7.9,12.1,1.5,,76.0,동남동,1.7,1005.1
2024-03-28,18:00,흐림,14.3,10.0,7.0,11.8,7.8,11.8,1.5,,77.0,정온,0.3,1005.2
2024-03-28,19:00,약한 비 단속적,11.2,10.0,6.0,11.7,8.1,11.7,1.5,,79.0,남서,2.7,1005.5
2024-03-28,20:00,약한 비 연속적,2.6,10.0,8.0,10.6,8.8,10.6,1.8,,89.0,서,2.9,1006.0
2024-03-28,21:00,비 끝,4.8,8.0,8.0,10.0,8.4,9.1,1.9,,90.0,서남서,2.1,1006.2
2024-03-28,22:00,맑음,8.4,0.0,0.0,9.6,7.5,7.4,1.9,,87.0,서,4.3,1006.8
2024-03-28,23:00,맑음,8.7,0.0,0.0,8.7,5.9,6.6,1.9,,83.0,서북서,3.5,1007.4
2024-03-29,06:00,황사,5.6,9.0,4.0,5.7,3.0,3.3,,,83.0,남남서,3.1,1006.5
2024-03-29,07:00,황사,6.0,7.0,7.0,5.8,1.8,3.5,,,76.0,동남동,3.0,1004.1
2024-03-29,08:00,황사,5.6,9.0,3.0,6.1,1.9,4.1,,,75.0,북동,2.6,1004.0
2024-03-29,09:00,황사,6.0,9.0,9.0,6.9,0.5,5.0,,,64.0,서남서,2.7,1005.5
2024-03-29,10:00,약한 비 연속적,4.6,10.0,8.0,6.7,2.9,5.8,0.6,,77.0,서,1.6,1005.3
2024-03-29,11:00,약한 비 연속적,6.6,10.0,9.0,6.8,4.4,5.6,1.2,,85.0,남동,1.8,1004.4
2024-03-29,12:00,약한 비 연속적,6.9,10.0,8.0,7.4,5.8,6.2,1.4,,90.0,남,1.9,1003.9
2024-03-29,13:00,약한 이슬비 연속적,1.8,10.0,10.0,9.4,8.9,7.4,1.4,,97.0,남서,3.7,1003.9
2024-03-29,14:00,비 끝,2.3,9.0,9.0,9.8,8.8,8.1,1.4,,94.0,서남서,3.3,1004.3
2024-03-29,15:00,박무,4.6,8.0,8.0,10.8,7.6,10.8,1.4,,81.0,서남서,3.6,1004.7
2024-03-29,16:00,박무,6.3,2.0,2.0,12.0,6.7,12.0,1.4,,70.0,서남서,3.4,1004.5
2024-03-29,17:00,연무,9.6,1.0,1.0,12.1,4.5,12.1,1.4,,60.0,남서,4.5,1005.0
2024-03-29,18:00,황사,9.3,2.0,2.0,11.2,4.4,11.2,1.4,,63.0,서남서,4.2,1005.8
2024-03-29,19:00,황사,8.4,1.0,1.0,9.7,4.6,7.7,1.4,,71.0,남서,3.8,1007.4
2024-03-29,20:00,황사,13.6,0.0,0.0,8.4,2.4,6.6,1.4,,66.0,서남서,3.0,1009.3
2024-03-29,21:00,황사,19.6,0.0,0.0,7.6,0.7,5.1,1.4,,62.0,서남서,3.8,1010.9
2024-03-29,22:00,황사,20 이상,0.0,0.0,6.9,-1.5,4.9,1.4,,55.0,서남서,2.8,1012.3
2024-03-29,23:00,황사,20 이상,0.0,0.0,5.9,-3.7,5.9,1.4,,50.0,남서,1.1,1012.9
2024-03-30,06:00,황사,15.7,0.0,0.0,3.0,0.2,0.6,,,82.0,북동,2.4,1013.2
2024-03-30,07:00,황사,14.0,7.0,0.0,3.3,0.6,1.0,,,83.0,북동,2.4,1013.3
2024-03-30,08:00,황사,15.5,7.0,0.0,4.5,0.6,2.0,,,76.0,북동,2.8,1013.5
2024-03-30,09:00,황사,17.1,8.0,0.0,6.9,0.3,4.9,,,63.0,북동,2.8,1013.5
2024-03-30,10:00,황사,20 이상,9.0,9.0,7.7,-0.5,5.8,,,56.0,북동,2.9,1013.7
2024-03-30,11:00,황사,19.6,8.0,8.0,9.2,-1.2,7.3,,,48.0,북동,3.4,1011.7
2024-03-30,12:00,황사,20 이상,8.0,8.0,11.5,-0.3,11.5,,,44.0,북동,2.3,1011.2
2024-03-30,13:00,황사,20 이상,8.0,8.0,12.7,-0.5,12.7,,,40.0,남,1.6,1010.0
2024-03-30,14:00,황사,20 이상,7.0,7.0,15.1,-0.2,15.1,,,35.0,서남서,2.6,1008.9
2024-03-30,15:00,황사,16.4,8.0,8.0,15.3,-1.7,15.3,,,31.0,서남서,3.3,1008.3
2024-03-30,16:00,황사,11.9,8.0,8.0,14.9,2.7,14.9,,,44.0,남서,5.1,1008.0
2024-03-30,17:00,황사,12.3,8.0,8.0,14.0,3.1,14.0,,,48.0,서,3.2,1008.3
2024-03-30,18:00,황사,15.2,0.0,0.0,13.1,1.1,13.1,,,44.0,남서,3.2,1008.5
2024-03-30,19:00,황사,15.9,0.0,0.0,11.5,-0.3,11.5,,,44.0,서남서,3.0,1009.8
2024-03-30,20:00,황사,15.7,2.0,2.0,10.1,1.7,10.1,,,56.0,서,2.7,1011.3
2024-03-30,21:00,황사,14.5,0.0,0.0,9.0,2.0,7.8,,,62.0,서북서,2.2,1012.7
2024-03-30,22:00,황사,20 이상,0.0,0.0,8.1,-1.9,7.1,,,49.0,서,1.9,1013.6
2024-03-30,23:00,맑음,20 이상,2.0,2.0,7.1,-2.1,5.8,,,52.0,북북서,2.0,1014.5
2024-03-31,06:00,맑음,20 이상,0.0,0.0,3.5,-3.5,3.5,,,60.0,북북동,1.0,1014.5
2024-03-31,07:00,맑음,20 이상,1.0,0.0,3.7,-2.9,3.7,,,62.0,북,0.8,1015.7
2024-03-31,08:00,맑음,20 이상,0.0,0.0,5.1,-2.0,3.3,,,60.0,북동,2.2,1015.3
2024-03-31,09:00,맑음,20 이상,0.0,0.0,7.9,-1.1,7.9,,,53.0,동북동,1.2,1015.5
2024-03-31,10:00,맑음,20 이상,0.0,0.0,9.9,-4.5,9.6,,,36.0,북동,1.4,1014.9
2024-03-31,11:00,맑음,20 이상,0.0,0.0,12.3,-6.2,12.3,,,27.0,동,2.0,1013.9
2024-03-31,12:00,맑음,20 이상,0.0,0.0,14.1,-5.1,14.1,,,26.0,동,1.7,1013.2
2024-03-31,13:00,맑음,20 이상,1.0,0.0,15.4,-5.1,15.4,,,24.0,서북서,1.2,1012.1
2024-03-31,14:00,구름조금,20 이상,3.0,0.0,16.1,-7.5,16.1,,,19.0,서,3.0,1011.0
2024-03-31,15:00,맑음,20 이상,2.0,0.0,16.6,-7.8,16.6,,,18.0,북서,4.1,1010.0
2024-03-31,16:00,흐림,20 이상,9.0,0.0,17.2,-6.6,17.2,,,19.0,서북서,2.8,1009.4
2024-03-31,17:00,흐림,20 이상,9.0,0.0,16.7,-5.7,16.7,,,21.0,북동,3.4,1009.1
2024-03-31,18:00,흐림,20 이상,9.0,9.0,15.4,-5.1,15.4,,,24.0,북북동,3.0,1009.5
2024-03-31,19:00,흐림,20 이상,9.0,9.0,14.3,-3.9,14.3,,,28.0,북동,2.4,1009.9
2024-03-31,20:00,,20 이상,,,13.4,-3.4,13.4,,,31.0,서,1.5,1010.2
2024-03-31,21:00,맑음,20 이상,2.0,2.0,13.0,-3.7,13.0,,,31.0,서북서,2.5,1011.0
2024-03-31,22:00,,20 이상,,,12.2,-3.2,12.2,,,34.0,서북서,2.0,1011.6
2024-03-31,23:00,,20 이상,,,10.6,-0.2,10.6,,,47.0,서북서,4.0,1012.3
2024-04-01,06:00,맑음,20 이상,0.0,0.0,5.8,-2.0,5.8,,,57.0,서남서,1.0,1014.5
2024-04-01,07:00,맑음,20 이상,0.0,0.0,5.7,-1.9,5.7,,,58.0,서,0.7,1015.4
2024-04-01,08:00,맑음,20 이상,0.0,0.0,7.5,-0.7,7.5,,,56.0,정온,0.4,1015.9
2024-04-01,09:00,맑음,20 이상,0.0,0.0,10.9,-2.1,10.9,,,40.0,동,1.0,1015.9
2024-04-01,10:00,맑음,20 이상,1.0,0.0,13.6,-4.6,13.6,,,28.0,동,1.8,1016.0
2024-04-01,11:00,맑음,20 이상,0.0,0.0,15.6,-3.8,15.6,,,26.0,남,2.3,1015.8
2024-04-01,12:00,맑음,20 이상,1.0,0.0,16.9,-5.6,16.9,,,21.0,남,2.7,1015.3
2024-04-01,13:00,맑음,20 이상,1.0,0.0,17.8,-8.4,17.8,,,16.0,서남서,2.6,1014.5
2024-04-01,14:00,맑음,20 이상,0.0,0.0,18.0,-7.4,18.0,,,17.0,서북서,3.2,1014.2
2024-04-01,15:00,맑음,20 이상,1.0,0.0,18.9,-4.5,18.9,,,20.0,남서,3.8,1014.0
2024-04-01,16:00,구름조금,20 이상,3.0,1.0,18.1,-5.2,18.1,,,20.0,남서,3.8,1014.0
2024-04-01,17:00,맑음,20 이상,2.0,1.0,17.3,-6.5,17.3,,,19.0,서남서,3.4,1014.1
2024-04-01,18:00,맑음,20 이상,0.0,0.0,16.2,-9.6,16.2,,,16.0,서남서,2.2,1014.4
2024-04-01,19:00,,20 이상,,,14.3,-8.4,14.3,,,20.0,서,2.4,1014.3
2024-04-01,20:00,,20 이상,,,12.7,-9.7,12.7,,,20.0,서북서,1.8,1014.7
2024-04-01,21:00,맑음,20 이상,0.0,0.0,11.8,-11.1,11.8,,,19.0,서남서,2.1,1014.8
2024-04-01,22:00,,20 이상,,,10.9,-10.6,10.9,,,21.0,서남서,0.5,1014.7
2024-04-01,23:00,,20 이상,,,10.2,-9.5,10.2,,,24.0,북,0.8,1014.4
2024-04-02,06:00,구름많음,20 이상,6.0,0.0,7.0,-4.1,5.4,,,45.0,북동,2.3,1014.7
2024-04-02,07:00,구름많음,20 이상,8.0,0.0,7.8,-4.3,6.1,,,42.0,동북동,2.6,1014.8
2024-04-02,08:00,구름많음,20 이상,8.0,0.0,10.0,-4.4,9.2,,,36.0,동북동,2.0,1015.4
2024-04-02,09:00,맑음,20 이상,1.0,0.0,13.4,-4.7,13.4,,,28.0,북동,2.8,1015.2
2024-04-02,10:00,맑음,20 이상,1.0,0.0,16.4,-2.1,16.4,,,28.0,북동,2.6,1015.1
2024-04-02,11:00,맑음,20 이상,1.0,0.0,18.8,-2.7,18.8,,,23.0,북동,2.8,1014.8
2024-04-02,12:00,구름많음,20 이상,6.0,0.0,20.5,-2.6,20.5,,,21.0,서북서,1.8,1013.8
2024-04-02,13:00,구름조금,20 이상,5.0,0.0,22.2,-1.8,22.2,,,20.0,남,1.7,1012.8
2024-04-02,14:00,맑음,20 이상,2.0,0.0,23.5,-0.7,23.5,,,20.0,남남서,2.3,1011.9
2024-04-02,15:00,구름많음,19.6,6.0,0.0,23.6,0.6,23.6,,,22.0,서,3.6,1011.3
2024-04-02,16:00,구름많음,16.2,7.0,0.0,21.1,3.7,21.1,,,32.0,서북서,3.3,1011.2
2024-04-02,17:00,구름많음,16.7,8.0,2.0,20.3,4.7,20.3,,,36.0,서북서,2.3,1010.7
2024-04-02,18:00,구름많음,16.6,6.0,1.0,20.0,6.6,20.0,,,42.0,서북서,2.5,1010.5
2024-04-02,19:00,,19.1,,,18.6,7.6,18.6,,,49.0,서북서,0.9,1010.1
2024-04-02,20:00,,17.8,,,17.7,7.4,17.7,,,51.0,서,0.7,1010.1
2024-04-02,21:00,맑음,16.5,0.0,0.0,16.5,6.0,16.5,,,50.0,북북동,1.2,1010.1
2024-04-02,22:00,,15.6,,,15.5,5.9,15.5,,,53.0,북서,0.7,1010.2
2024-04-02,23:00,,16.0,,,14.8,5.5,14.8,,,54.0,정온,0.4,1009.8
2024-04-03,06:00,흐림,20 이상,9.0,7.0,14.7,3.4,14.7,,,47.0,북동,1.8,1006.6
2024-04-03,07:00,흐림,20 이상,10.0,10.0,14.8,2.9,14.8,,,45.0,동북동,2.1,1007.1
2024-04-03,08:00,흐림,20 이상,10.0,10.0,15.5,3.9,15.5,,,46.0,동,2.0,1007.0
2024-04-03,09:00,흐림,20 이상,10.0,6.0,16.5,3.8,16.5,,,43.0,동북동,2.0,1006.8
2024-04-03,10:00,흐림,20 이상,10.0,2.0,17.1,4.0,17.1,,,42.0,동북동,2.8,1006.6
2024-04-03,11:00,흐림,20 이상,10.0,8.0,17.5,5.7,17.5,,,46.0,북동,2.2,1006.6
2024-04-03,12:00,약한 비 단속적,20 이상,10.0,4.0,18.1,8.0,18.1,0.0,,52.0,동,2.3,1006.0
2024-04-03,13:00,비 끝,20 이상,10.0,3.0,18.9,8.8,18.9,0.0,,52.0,동,2.1,1005.1
2024-04-03,14:00,흐림,20 이상,10.0,7.0,19.7,8.9,19.7,0.0,,50.0,북동,1.4,1004.4
2024-04-03,15:00,흐림,20 이상,10.0,7.0,19.3,9.7,19.3,0.0,,54.0,남남동,2.6,1003.8
2024-04-03,16:00,흐림,20 이상,10.0,7.0,19.1,9.8,19.1,0.0,,55.0,동남동,1.7,1003.7
2024-04-03,17:00,흐림,20 이상,10.0,8.0,18.6,10.6,18.6,0.0,,60.0,남남서,1.3,1004.0
2024-04-03,18:00,구름많음,20 이상,7.0,3.0,18.5,10.0,18.5,0.0,,58.0,남남동,1.6,1004.4
2024-04-03,19:00,,20 이상,,,17.8,9.4,17.8,0.0,,58.0,남남서,1.6,1005.4
2024-04-03,20:00,,20 이상,,,16.7,9.1,16.7,0.0,,61.0,서남서,1.4,1007.0
2024-04-03,21:00,맑음,14.0,0.0,0.0,16.1,11.2,16.1,0.0,,73.0,남남서,1.8,1008.2
2024-04-03,22:00,,12.3,,,15.7,11.0,15.7,0.0,,74.0,남남서,1.5,1009.1
2024-04-03,23:00,,14.4,,,15.3,10.4,15.3,0.0,,73.0,정온,0.3,1009.6
2024-04-04,06:00,흐림,20 이상,9.0,5.0,12.5,4.6,12.5,,,59.0,북동,3.5,1012.6
2024-04-04,07:00,흐림,20 이상,9.0,4.0,12.5,4.6,12.5,,,59.0,북동,4.1,1013.1
2024-04-04,08:00,흐림,20 이상,9.0,9.0,13.1,4.7,13.1,,,57.0,동북동,4.3,1014.0
2024-04-04,09:00,구름많음,20 이상,6.0,1.0,14.5,3.8,14.5,,,49.0,북동,4.7,1014.4
2024-04-04,10:00,구름많음,20 이상,8.0,2.0,16.3,3.6,16.3,,,43.0,동,4.1,1014.6
2024-04-04,11:00,맑음,20 이상,2.0,2.0,18.2,4.7,18.2,,,41.0,동북동,4.2,1014.4
2024-04-04,12:00,구름많음,20 이상,7.0,4.0,19.3,6.0,19.3,,,42.0,동북동,2.3,1014.7
2024-04-04,13:00,구름조금,20 이상,4.0,4.0,19.4,6.8,19.4,,,44.0,동남동,2.9,1014.4
2024-04-04,14:00,구름많음,20 이상,7.0,4.0,20.1,7.1,20.1,,,43.0,동북동,2.8,1014.2
2024-04-04,15:00,구름많음,20 이상,7.0,7.0,19.3,6.7,19.3,,,44.0,남남동,2.1,1013.7
2024-04-04,16:00,구름많음,20 이상,6.0,6.0,19.4,6.4,19.4,,,43.0,동,2.4,1013.6
2024-04-04,17:00,구름많음,20 이상,6.0,6.0,18.7,6.5,18.7,,,45.0,남동,3.9,1014.1
2024-04-04,18:00,구름많음,20 이상,6.0,6.0,17.5,6.6,17.5,,,49.0,남동,3.0,1014.6
2024-04-04,19:00,,20 이상,,,16.4,5.9,16.4,,,50.0,남동,3.3,1015.3
2024-04-04,20:00,,20 이상,,,15.4,6.1,15.4,,,54.0,남동,2.8,1016.4
2024-04-04,21:00,구름조금,20 이상,4.0,0.0,14.6,5.9,14.6,,,56.0,동남동,3.0,1017.5
2024-04-04,22:00,,20 이상,,,14.1,5.4,14.1,,,56.0,동남동,3.5,1018.3
2024-04-04,23:00,,20 이상,,,13.5,4.6,13.5,,,55.0,동,2.4,1018.2
2024-04-05,06:00,흐림,20 이상,9.0,9.0,12.1,2.2,12.1,,,51.0,남동,2.1,1018.8
2024-04-05,07:00,흐림,20 이상,9.0,9.0,12.1,2.7,12.1,,,53.0,동북동,2.3,1019.1
2024-04-05,08:00,흐림,20 이상,9.0,9.0,12.3,2.7,12.3,,,52.0,북동,3.2,1019.6
2024-04-05,09:00,흐림,20 이상,9.0,9.0,12.4,2.8,12.4,,,52.0,남동,2.8,1020.2
2024-04-05,10:00,구름많음,20 이상,7.0,7.0,13.3,3.0,13.3,,,50.0,동남동,3.0,1020.1
2024-04-05,11:00,맑음,20 이상,2.0,2.0,15.9,3.9,15.9,,,45.0,동,1.8,1019.5
2024-04-05,12:00,흐림,20 이상,9.0,9.0,16.7,5.0,16.7,,,46.0,남,1.8,1018.7
2024-04-05,13:00,구름조금,19.2,3.0,3.0,17.3,6.1,17.3,,,48.0,남남서,3.7,1018.4
2024-04-05,14:00,구름많음,18.8,6.0,6.0,18.1,6.9,18.1,,,48.0,남남서,3.5,1017.6
2024-04-05,15:00,구름조금,20 이상,3.0,3.0,18.4,7.7,18.4,,,50.0,남서,4.5,1017.0
2024-04-05,16:00,맑음,18.2,0.0,0.0,17.9,6.1,17.9,,,46.0,남서,4.5,1016.9
2024-04-05,17:00,맑음,20 이상,0.0,0.0,17.7,4.2,17.7,,,41.0,남서,3.9,1017.0
2024-04-05,18:00,맑음,20 이상,0.0,0.0,16.4,2.7,16.4,,,40.0,서남서,3.6,1017.5
2024-04-05,19:00,,20 이상,,,14.9,2.0,14.9,,,42.0,서남서,1.7,1017.8
2024-04-05,20:00,,20 이상,,,13.9,2.1,13.9,,,45.0,남남서,2.8,1018.6
2024-04-05,21:00,맑음,18.9,0.0,0.0,12.8,3.7,12.8,,,54.0,서,2.2,1019.6
2024-04-05,22:00,,15.9,,,11.6,4.7,11.6,,,63.0,서북서,2.1,1020.4
2024-04-05,23:00,,14.4,,,10.9,4.1,10.9,,,63.0,정온,0.4,1020.2
2024-04-06,06:00,박무,7.1,4.0,0.0,8.2,4.9,7.6,,,80.0,서,1.5,1020.6
2024-04-06,07:00,박무,7.3,9.0,0.0,8.3,5.0,8.3,,,80.0,서,1.0,1020.9
2024-04-06,08:00,박무,7.5,10.0,0.0,9.4,5.3,9.4,,,76.0,북북서,1.3,1020.6
2024-04-06,09:00,박무,8.2,8.0,0.0,11.0,5.7,11.0,,,70.0,남서,0.6,1020.7
2024-04-06,10:00,흐림,13.1,9.0,0.0,12.7,2.2,12.7,,,49.0,남남서,1.2,1020.6
2024-04-06,11:00,흐림,14.2,9.0,0.0,14.1,2.3,14.1,,,45.0,남서,1.7,1020.7
2024-04-06,12:00,구름많음,15.7,8.0,0.0,15.6,-0.6,15.6,,,33.0,서북서,1.5,1019.8
2024-04-06,13:00,구름많음,14.1,8.0,0.0,18.2,2.0,18.2,,,34.0,서,3.4,1018.7
2024-04-06,14:00,흐림,15.5,9.0,0.0,18.2,2.0,18.2,,,34.0,서남서,3.1,1017.9
2024-04-06,15:00,구름많음,14.5,7.0,0.0,18.7,0.7,18.7,,,30.0,남서,3.7,1017.6
2024-04-06,16:00,구름많음,15.7,6.0,0.0,17.4,0.5,17.4,,,32.0,서,4.6,1017.3
2024-04-06,17:00,맑음,15.7,0.0,0.0,16.7,-0.5,16.7,,,31.0,서남서,3.4,1017.0
2024-04-06,18:00,맑음,15.7,0.0,0.0,16.1,-1.5,16.1,,,30.0,남서,1.9,1016.6
2024-04-06,19:00,,15.2,,,14.3,-0.9,14.3,,,35.0,서,2.8,1016.8
2024-04-06,20:00,맑음,14.4,0.0,0.0,12.9,-1.4,12.9,,,37.0,서,2.0,1017.5
2024-04-06,21:00,맑음,15.5,0.0,0.0,12.0,-1.9,12.0,,,38.0,서북서,1.0,1018.2
2024-04-06,22:00,,17.7,,,11.0,-3.5,11.0,,,36.0,서남서,1.0,1018.5
2024-04-06,23:00,,17.3,,,10.6,-3.8,10.6,,,36.0,서,1.9,1018.7
2024-04-07,06:00,맑음,14.9,0.0,0.0,7.9,-1.9,6.6,,,50.0,북북동,2.2,1018.6
2024-04-07,07:00,맑음,15.5,0.0,0.0,7.9,-1.3,7.0,,,52.0,북동,1.7,1019.0
2024-04-07,08:00,맑음,14.0,0.0,0.0,9.8,-0.1,9.8,,,50.0,북북동,1.2,1019.4
2024-04-07,09:00,맑음,12.8,0.0,0.0,12.7,0.4,12.7,,,43.0,동,0.8,1019.6
2024-04-07,10:00,맑음,11.8,0.0,0.0,15.6,0.5,15.6,,,36.0,남동,1.2,1019.3
2024-04-07,11:00,맑음,14.3,0.0,0.0,17.4,-0.8,17.4,,,29.0,서남서,1.8,1018.8
2024-04-07,12:00,맑음,15.8,0.0,0.0,19.4,-1.1,19.4,,,25.0,남남서,2.7,1018.1
2024-04-07,13:00,맑음,13.8,0.0,0.0,20.3,-1.5,20.3,,,23.0,서,2.5,1017.4
2024-04-07,14:00,맑음,12.9,0.0,0.0,22.0,-0.1,22.0,,,23.0,남남서,2.0,1016.3
2024-04-07,15:00,맑음,13.0,1.0,0.0,22.9,0.0,22.9,,,22.0,남남서,3.3,1015.4
2024-04-07,16:00,맑음,11.7,1.0,0.0,23.2,0.8,23.2,,,23.0,서,3.0,1014.7
2024-04-07,17:00,맑음,14.3,0.0,0.0,22.7,1.0,22.7,,,24.0,서남서,3.3,1014.8
2024-04-07,18:00,맑음,16.3,0.0,0.0,19.9,-0.1,19.9,,,26.0,서남서,5.2,1015.8
2024-04-07,19:00,,20 이상,,,17.4,-0.3,17.4,,,30.0,서,3.4,1016.6
2024-04-07,20:00,맑음,20 이상,0.0,0.0,15.6,-1.4,15.6,,,31.0,서남서,2.8,1017.6
2024-04-07,21:00,맑음,20 이상,0.0,0.0,14.3,-4.9,14.3,,,26.0,서,2.1,1017.7
2024-04-07,22:00,,20 이상,,,13.4,-4.3,13.4,,,29.0,서남서,1.7,1017.9
2024-04-07,23:00,,20 이상,,,12.5,-4.2,12.5,,,31.0,서남서,2.0,1017.9
2024-04-08,06:00,구름많음,20 이상,8.0,0.0,11.1,1.0,11.1,,,50.0,서,1.0,1017.8
2024-04-08,07:00,흐림,19.3,9.0,0.0,11.1,1.0,11.1,,,50.0,북북동,1.3,1018.0
2024-04-08,08:00,흐림,18.9,9.0,0.0,12.1,1.6,12.1,,,49.0,동북동,0.8,1017.9
2024-04-08,09:00,흐림,18.7,9.0,0.0,14.2,1.1,14.2,,,41.0,북,1.6,1017.5
2024-04-08,10:00,흐림,15.0,9.0,0.0,16.3,2.6,16.3,,,40.0,남,1.8,1017.3
2024-04-08,11:00,흐림,15.6,10.0,0.0,17.7,2.8,17.7,,,37.0,남서,1.6,1017.4
2024-04-08,12:00,흐림,16.0,10.0,0.0,18.8,2.1,18.8,,,33.0,서북서,2.2,1017.0
2024-04-08,13:00,흐림,14.1,9.0,0.0,20.4,2.6,20.4,,,31.0,서남서,1.7,1016.2
2024-04-08,14:00,구름많음,12.5,8.0,0.0,22.0,3.1,22.0,,,29.0,남남서,2.2,1015.4
2024-04-08,15:00,구름많음,13.2,8.0,0.0,22.5,6.2,22.5,,,35.0,서,2.7,1014.8
2024-04-08,16:00,흐림,12.1,10.0,0.0,21.9,6.5,21.9,,,37.0,서,2.8,1014.3
2024-04-08,17:00,흐림,10.8,10.0,0.0,21.3,7.1,21.3,,,40.0,서,3.5,1014.7
2024-04-08,18:00,흐림,14.3,10.0,0.0,19.8,7.5,19.8,,,45.0,서,3.8,1014.9
2024-04-08,19:00,,18.9,,,18.1,7.7,18.1,,,51.0,서북서,4.1,1015.3
2024-04-08,20:00,,17.3,,,16.8,7.9,16.8,,,56.0,서북서,4.2,1015.8
2024-04-08,21:00,흐림,16.6,10.0,0.0,16.4,8.3,16.4,,,59.0,서북서,4.0,1016.2
2024-04-08,22:00,,15.2,,,16.2,8.1,16.2,,,59.0,서북서,3.7,1015.9
2024-04-08,23:00,,12.8,,,15.8,8.2,15.8,,,61.0,서,3.6,1015.6
2024-04-09,06:00,맑음,20 이상,0.0,0.0,10.9,-3.9,10.9,,,35.0,동북동,5.6,1018.7
2024-04-09,07:00,맑음,20 이상,0.0,0.0,10.7,-3.7,10.7,,,36.0,북동,7.5,1019.9
2024-04-09,08:00,맑음,20 이상,0.0,0.0,11.5,-3.0,11.5,,,36.0,북동,6.4,1021.0
2024-04-09,09:00,맑음,20 이상,0.0,0.0,12.9,-2.6,12.9,,,34.0,동북동,5.4,1021.2
2024-04-09,10:00,맑음,20 이상,0.0,0.0,14.6,-2.3,14.6,,,31.0,동북동,4.5,1021.4
2024-04-09,11:00,맑음,20 이상,0.0,0.0,16.3,-2.7,16.3,,,27.0,동,4.4,1021.7
2024-04-09,12:00,맑음,20 이상,0.0,0.0,17.6,-3.2,17.6,,,24.0,북동,4.2,1021.6
2024-04-09,13:00,맑음,20 이상,0.0,0.0,18.9,-3.3,18.9,,,22.0,동북동,4.0,1021.1
2024-04-09,14:00,맑음,20 이상,0.0,0.0,20.0,-1.7,20.0,,,23.0,동북동,3.4,1020.7
2024-04-09,15:00,맑음,20 이상,1.0,0.0,20.2,-2.2,20.2,,,22.0,동,3.3,1020.7
2024-04-09,16:00,맑음,20 이상,1.0,0.0,20.7,-1.8,20.7,,,22.0,북동,1.9,1019.9
2024-04-09,17:00,맑음,20 이상,0.0,0.0,20.5,-3.9,20.5,,,19.0,북,2.2,1019.8
2024-04-09,18:00,맑음,20 이상,0.0,0.0,19.7,-2.6,19.7,,,22.0,북북서,2.4,1019.7
2024-04-09,19:00,,20 이상,,,17.9,-3.5,17.9,,,23.0,북북서,1.9,1020.1
2024-04-09,20:00,,20 이상,,,16.4,-2.1,16.4,,,28.0,서북서,1.4,1020.7
2024-04-09,21:00,맑음,20 이상,0.0,0.0,15.0,-2.4,15.0,,,30.0,북북동,2.3,1021.8
2024-04-09,22:00,,20 이상,,,13.9,-2.9,13.9,,,31.0,북동,2.1,1022.3
2024-04-09,23:00,,20 이상,,,13.4,-2.9,13.4,,,32.0,북동,4.0,1022.4
2024-04-10,06:00,맑음,19.1,0.0,0.0,10.4,3.1,10.4,,,61.0,동남동,2.1,1025.1
2024-04-10,07:00,맑음,14.7,0.0,0.0,10.8,5.3,10.8,,,69.0,남남서,2.5,1025.8
2024-04-10,08:00,구름많음,13.9,8.0,8.0,11.8,6.9,11.8,,,72.0,남,3.3,1026.1
2024-04-10,09:00,구름많음,14.4,8.0,8.0,12.7,7.5,12.7,,,71.0,남,3.1,1026.1
2024-04-10,10:00,구름많음,16.2,7.0,7.0,13.9,7.6,13.9,,,66.0,남서,2.6,1026.4
2024-04-10,11:00,구름많음,14.9,7.0,7.0,15.3,8.0,15.3,,,62.0,남,2.8,1026.0
2024-04-10,12:00,구름많음,15.5,8.0,8.0,16.5,7.6,16.5,,,56.0,남서,2.9,1025.5
2024-04-10,13:00,구름많음,16.6,8.0,7.0,17.2,7.7,17.2,,,54.0,남남서,1.6,1024.8
2024-04-10,14:00,구름많음,18.6,7.0,4.0,18.1,7.5,18.1,,,50.0,남,3.1,1024.0
2024-04-10,15:00,흐림,17.7,10.0,1.0,18.0,7.4,18.0,,,50.0,남,3.3,1023.3
2024-04-10,16:00,구름많음,17.3,7.0,1.0,18.1,7.5,18.1,,,50.0,서,2.7,1023.0
2024-04-10,17:00,구름많음,17.5,6.0,6.0,17.1,7.9,17.1,,,55.0,서,3.8,1023.1
2024-04-10,18:00,구름조금,18.7,5.0,2.0,15.2,8.4,15.2,,,64.0,서북서,4.0,1023.7
2024-04-10,19:00,,17.1,,,14.1,8.4,14.1,,,69.0,서,2.7,1023.8
2024-04-10,20:00,,17.5,,,13.4,8.6,13.4,,,73.0,서,2.0,1023.7
2024-04-10,21:00,구름많음,14.8,8.0,8.0,13.2,8.8,13.2,,,75.0,서,1.9,1024.2
2024-04-10,22:00,,14.4,,,13.1,8.7,13.1,,,75.0,서북서,1.5,1024.3
2024-04-10,23:00,,14.0,,,12.8,8.4,12.8,,,75.0,서북서,1.3,1024.4
2024-04-11,06:00,흐림,13.5,10.0,10.0,11.8,8.4,11.8,,,80.0,북동,1.4,1022.9
2024-04-11,07:00,흐림,13.8,10.0,6.0,11.9,8.3,11.9,,,79.0,북동,1.3,1022.9
2024-04-11,08:00,약한 비 단속적,12.2,10.0,7.0,12.5,9.1,12.5,0.0,,80.0,동북동,1.9,1023.0
2024-04-11,09:00,비 끝,12.9,10.0,7.0,13.2,9.2,13.2,0.0,,77.0,북북동,1.3,1023.2
2024-04-11,10:00,흐림,14.2,9.0,6.0,15.3,9.6,15.3,0.0,,69.0,북동,1.9,1023.1
2024-04-11,11:00,흐림,15.1,9.0,7.0,16.6,9.0,16.6,0.0,,61.0,동,1.4,1022.4
2024-04-11,12:00,흐림,15.0,9.0,5.0,17.6,8.4,17.6,0.0,,55.0,동북동,1.8,1021.8
2024-04-11,13:00,흐림,19.3,9.0,9.0,19.0,7.4,19.0,0.0,,47.0,남남동,1.2,1021.0
2024-04-11,14:00,구름많음,13.9,8.0,3.0,19.6,8.2,19.6,0.0,,48.0,북,1.2,1020.5
2024-04-11,15:00,구름조금,13.0,4.0,4.0,19.9,7.9,19.9,0.0,,46.0,남서,2.1,1019.8
2024-04-11,16:00,구름조금,14.1,4.0,0.0,21.0,7.9,21.0,0.0,,43.0,남서,2.1,1019.0
2024-04-11,17:00,맑음,14.2,0.0,0.0,20.9,7.4,20.9,0.0,,42.0,서,1.9,1018.4
2024-04-11,18:00,맑음,13.3,0.0,0.0,20.1,7.4,20.1,0.0,,44.0,서남서,2.3,1018.4
2024-04-11,19:00,,16.5,,,18.7,6.8,18.7,0.0,,46.0,북서,2.5,1018.7
2024-04-11,20:00,,17.1,,,17.2,6.6,17.2,0.0,,50.0,서남서,2.4,1019.3
2024-04-11,21:00,맑음,19.1,0.0,0.0,15.9,6.0,15.9,0.0,,52.0,서남서,3.3,1020.2
2024-04-11,22:00,,20 이상,,,15.2,5.3,15.2,0.0,,52.0,서,2.6,1020.6
2024-04-11,23:00,,20 이상,,,14.3,5.1,14.3,0.0,,54.0,서,0.7,1020.5
2024-04-12,06:00,구름많음,11.6,8.0,8.0,12.3,7.1,12.3,,,71.0,북북동,2.2,1019.9
2024-04-12,07:00,구름조금,10.2,3.0,3.0,12.3,7.5,12.3,,,73.0,북북동,2.0,1019.9
2024-04-12,08:00,연무,9.9,7.0,7.0,13.7,8.3,13.7,,,70.0,북동,1.8,1020.0
2024-04-12,09:00,연무,9.4,4.0,4.0,16.0,9.1,16.0,,,64.0,북동,2.3,1019.9
2024-04-12,10:00,구름조금,11.8,4.0,4.0,17.6,9.9,17.6,,,61.0,남남서,1.6,1019.8
2024-04-12,11:00,맑음,14.5,1.0,1.0,19.2,10.7,19.2,,,58.0,서북서,1.9,1019.1
2024-04-12,12:00,맑음,16.2,1.0,0.0,20.5,9.7,20.5,,,50.0,서,2.5,1018.4
2024-04-12,13:00,맑음,18.6,2.0,0.0,22.2,9.6,22.2,,,45.0,남남서,3.5,1017.6
2024-04-12,14:00,맑음,18.9,0.0,0.0,23.2,8.4,23.2,,,39.0,서남서,3.1,1016.9
2024-04-12,15:00,맑음,19.6,0.0,0.0,24.0,8.7,24.0,,,38.0,서남서,2.6,1016.3
2024-04-12,16:00,맑음,20 이상,0.0,0.0,24.0,5.8,24.0,,,31.0,서남서,2.4,1015.8
2024-04-12,17:00,맑음,20 이상,0.0,0.0,22.9,8.9,22.9,,,41.0,서,3.7,1015.5
2024-04-12,18:00,맑음,20 이상,0.0,0.0,21.7,9.8,21.7,,,47.0,서,3.1,1015.6
2024-04-12,19:00,,20 이상,,,19.6,10.0,19.6,,,54.0,서,2.5,1015.9
2024-04-12,20:00,,20 이상,,,17.9,10.5,17.9,,,62.0,서,2.7,1016.6
2024-04-12,21:00,맑음,17.0,0.0,0.0,16.7,10.7,16.7,,,68.0,서남서,2.2,1017.2
2024-04-12,22:00,,17.2,,,16.0,10.3,16.0,,,69.0,서남서,2.5,1017.5
2024-04-12,23:00,,17.0,,,15.3,10.2,15.3,,,72.0,서,2.4,1017.8
2024-04-13,06:00,맑음,20 이상,0.0,0.0,11.3,7.4,11.3,,,77.0,서북서,0.7,1018.6
2024-04-13,07:00,맑음,18.8,0.0,0.0,11.4,7.8,11.4,,,79.0,북북동,1.5,1019.1
2024-04-13,08:00,맑음,18.1,0.0,0.0,13.6,8.6,13.6,,,72.0,북북동,0.5,1019.1
2024-04-13,09:00,맑음,17.0,0.0,0.0,16.1,9.2,16.1,,,64.0,서,0.8,1019.1
2024-04-13,10:00,맑음,15.2,0.0,0.0,19.3,9.4,19.3,,,53.0,동,1.6,1018.7
2024-04-13,11:00,맑음,17.5,0.0,0.0,21.8,9.9,21.8,,,47.0,남남동,1.3,1018.4
2024-04-13,12:00,맑음,16.1,0.0,0.0,23.7,10.0,23.7,,,42.0,남,2.4,1017.4
2024-04-13,13:00,맑음,20 이상,0.0,0.0,25.4,8.8,25.4,,,35.0,남남동,1.6,1016.5
2024-04-13,14:00,맑음,20 이상,0.0,0.0,26.6,8.0,26.6,,,31.0,남서,2.8,1015.9
2024-04-13,15:00,맑음,20 이상,0.0,0.0,26.7,6.1,26.7,,,27.0,서,4.0,1015.6
2024-04-13,16:00,맑음,20 이상,0.0,0.0,27.0,4.6,27.0,,,24.0,서남서,3.6,1015.4
2024-04-13,17:00,맑음,20 이상,0.0,0.0,26.2,6.2,26.2,,,28.0,서북서,3.3,1015.4
2024-04-13,18:00,맑음,20 이상,0.0,0.0,25.0,7.5,25.0,,,33.0,서,3.9,1015.6
2024-04-13,19:00,,20 이상,,,23.2,8.4,23.2,,,39.0,서,2.8,1015.9
2024-04-13,20:00,,20 이상,,,21.1,9.3,21.1,,,47.0,서,1.9,1016.4
2024-04-13,21:00,맑음,20 이상,0.0,0.0,19.8,8.4,19.8,,,48.0,서,1.6,1017.0
2024-04-13,22:00,,20 이상,,,18.9,8.8,18.9,,,52.0,남,1.4,1017.0
2024-04-13,23:00,,20 이상,,,18.2,9.0,18.2,,,55.0,남남서,1.7,1017.1
2024-04-14,06:00,맑음,20 이상,0.0,0.0,13.7,8.7,13.7,,,72.0,정온,0.1,1018.2
2024-04-14,07:00,맑음,20 이상,0.0,0.0,13.8,8.8,13.8,,,72.0,북,0.9,1018.8
2024-04-14,08:00,맑음,16.9,0.0,0.0,15.9,9.7,15.9,,,67.0,북동,2.0,1018.8
2024-04-14,09:00,맑음,16.3,0.0,0.0,18.7,9.9,18.7,,,57.0,북동,2.6,1018.3
2024-04-14,10:00,맑음,15.6,0.0,0.0,21.5,10.9,21.5,,,51.0,동북동,2.2,1017.9
2024-04-14,11:00,맑음,18.8,0.0,0.0,23.7,8.9,23.7,,,39.0,동남동,2.1,1017.5
2024-04-14,12:00,구름조금,20 이상,3.0,0.0,25.8,6.8,25.8,,,30.0,동,2.3,1016.9
2024-04-14,13:00,구름많음,20 이상,7.0,0.0,27.2,7.6,27.2,,,29.0,동북동,2.4,1015.8
2024-04-14,14:00,구름많음,20 이상,7.0,0.0,28.9,9.0,28.9,,,29.0,동,2.2,1014.8
2024-04-14,15:00,구름조금,15.0,4.0,0.0,28.7,8.3,28.7,,,28.0,서,4.0,1014.1
2024-04-14,16:00,구름많음,14.9,8.0,0.0,27.8,8.1,27.8,,,29.0,서북서,3.0,1013.7
2024-04-14,17:00,구름조금,20 이상,4.0,0.0,27.4,7.2,27.4,,,28.0,서남서,3.3,1014.1
2024-04-14,18:00,구름많음,20 이상,8.0,0.0,25.5,7.1,25.5,,,31.0,서북서,4.6,1014.4
2024-04-14,19:00,,20 이상,,,22.6,7.1,22.6,,,37.0,서,2.5,1014.2
2024-04-14,20:00,,20 이상,,,21.3,7.1,21.3,,,40.0,남서,1.7,1014.4
2024-04-14,21:00,구름조금,20 이상,3.0,0.0,20.7,7.6,20.7,,,43.0,남서,1.3,1014.5
2024-04-14,22:00,,20 이상,,,19.8,7.8,19.8,,,46.0,북북동,1.8,1014.1
2024-04-14,23:00,,20 이상,,,18.9,7.6,18.9,,,48.0,북북동,2.2,1013.8
2024-04-15,06:00,구름많음,20 이상,6.0,3.0,19.2,7.6,19.2,,,47.0,동,2.7,1009.8
2024-04-15,07:00,구름많음,20 이상,8.0,5.0,19.5,8.4,19.5,,,49.0,동,2.0,1009.5
2024-04-15,08:00,약한 비 단속적,20 이상,10.0,7.0,20.0,8.9,20.0,0.0,,49.0,남동,2.2,1009.7
2024-04-15,09:00,약한 비 연속적,5.8,10.0,7.0,18.0,13.2,18.0,1.9,,74.0,북동,2.5,1009.8
2024-04-15,10:00,보통 비 연속적,6.5,10.0,9.0,16.3,14.3,16.3,9.0,,88.0,동북동,2.8,1010.6
2024-04-15,11:00,보통 비 연속적,11.2,10.0,7.0,15.9,14.2,15.9,13.2,,90.0,북동,3.1,1010.0
2024-04-15,12:00,약한 비 단속적,20 이상,10.0,9.0,16.8,14.7,16.8,13.5,,88.0,동,3.0,1009.5
2024-04-15,13:00,약한 비 단속적,2.6,10.0,8.0,16.8,15.1,16.8,14.1,,90.0,동남동,3.1,1009.6
2024-04-15,14:00,약한 비 연속적,5.6,10.0,8.0,16.8,15.4,16.8,16.1,,92.0,남동,1.6,1009.7
2024-04-15,15:00,약한 비 연속적,6.9,10.0,8.0,16.7,15.2,16.7,16.4,,91.0,남남동,2.6,1008.8
2024-04-15,16:00,약한 비 단속적,9.2,10.0,7.0,16.9,15.4,16.9,16.6,,91.0,남동,1.7,1008.3
2024-04-15,17:00,약한 비 연속적,2.4,10.0,7.0,15.9,14.4,15.9,17.0,,91.0,서,3.1,1008.7
2024-04-15,18:00,약한 비 연속적,4.7,10.0,7.0,14.8,13.5,14.8,17.1,,92.0,남서,3.6,1009.3
2024-04-15,19:00,비 끝,2.8,9.0,9.0,13.6,12.1,13.6,17.1,,91.0,서남서,3.5,1010.0
2024-04-15,20:00,구름많음,6.2,8.0,8.0,12.1,10.5,12.1,17.1,,90.0,남서,4.2,1011.1
2024-04-15,21:00,약한 이슬비 단속적,6.9,10.0,10.0,11.8,10.3,11.8,17.1,,91.0,서,2.9,1012.0
2024-04-15,22:00,약한 이슬비 연속적,6.7,10.0,10.0,11.9,10.4,11.9,17.1,,91.0,서,1.9,1012.3
2024-04-15,23:00,이슬비 끝,9.6,9.0,9.0,12.2,10.4,12.2,17.1,,89.0,정온,0.3,1011.8
2024-04-16,06:00,박무,4.6,10.0,10.0,11.9,10.7,11.9,0.5,,93.0,서남서,1.7,1011.0
2024-04-16,07:00,약한 비 연속적,2.2,10.0,7.0,11.8,11.0,11.8,0.8,,95.0,서,2.3,1011.9
2024-04-16,08:00,약한 비 연속적,1.8,10.0,9.0,12.0,11.3,12.0,1.6,,96.0,서,2.1,1012.1
2024-04-16,09:00,비 끝,7.5,10.0,6.0,12.0,11.0,12.0,2.3,,94.0,서남서,2.5,1012.2
2024-04-16,10:00,이슬비 끝,7.8,10.0,10.0,12.2,10.9,12.2,2.3,,92.0,남남서,2.7,1012.4
2024-04-16,11:00,박무,7.3,10.0,10.0,12.4,10.7,12.4,2.3,,90.0,남남서,3.2,1012.6
2024-04-16,12:00,박무,6.7,10.0,10.0,13.2,10.3,13.2,2.3,,83.0,남서,2.8,1012.3
2024-04-16,13:00,황사,8.3,9.0,9.0,15.7,10.8,15.7,2.3,,73.0,남남서,2.2,1012.0
2024-04-16,14:00,황사,7.5,9.0,9.0,16.5,9.8,16.5,2.3,,65.0,남서,3.2,1011.7
2024-04-16,15:00,황사,6.1,8.0,8.0,17.0,9.8,17.0,2.3,,63.0,서남서,3.6,1011.4
2024-04-16,16:00,황사,7.5,1.0,0.0,17.6,9.9,17.6,2.3,,61.0,서남서,2.3,1011.2
2024-04-16,17:00,황사,6.5,0.0,0.0,17.1,10.2,17.1,2.3,,64.0,남,3.8,1011.5
2024-04-16,18:00,황사,7.1,0.0,0.0,16.2,9.6,16.2,2.3,,65.0,남남서,2.7,1011.7
2024-04-16,19:00,황사,5.3,0.0,0.0,14.9,10.2,14.9,2.3,,74.0,서,2.5,1012.3
2024-04-16,20:00,황사,5.0,0.0,0.0,13.8,10.0,13.8,2.3,,78.0,서,1.2,1012.6
2024-04-16,21:00,황사,4.1,2.0,2.0,12.9,9.8,12.9,2.3,,82.0,서남서,2.3,1013.2
2024-04-16,22:00,황사,3.8,0.0,0.0,12.4,9.9,12.4,2.3,,85.0,서,2.0,1013.4
2024-04-16,23:00,황사,3.1,0.0,0.0,12.0,9.7,12.0,2.3,,86.0,서,1.5,1013.1
2024-04-17,06:00,황사,2.9,10.0,10.0,9.8,8.3,9.5,,,91.0,서북서,1.4,1014.4
2024-04-17,07:00,박무,3.7,10.0,10.0,9.9,8.1,9.4,,,89.0,남남서,1.6,1014.8
2024-04-17,08:00,박무,4.1,6.0,6.0,10.7,8.6,10.7,,,87.0,북,1.5,1014.3
2024-04-17,09:00,박무,5.0,1.0,0.0,12.8,9.0,12.8,,,78.0,북동,1.8,1014.3
2024-04-17,10:00,연무,7.5,7.0,0.0,15.1,8.0,15.1,,,63.0,동북동,1.3,1013.9
2024-04-17,11:00,연무,8.3,6.0,0.0,17.4,8.7,17.4,,,57.0,남남동,1.4,1013.2
2024-04-17,12:00,황사,7.7,5.0,0.0,18.6,8.8,18.6,,,53.0,남남서,2.8,1012.7
2024-04-17,13:00,황사,9.5,6.0,0.0,19.8,7.8,19.8,,,46.0,서,2.8,1012.0
2024-04-17,14:00,황사,9.7,6.0,0.0,20.7,8.3,20.7,,,45.0,서남서,2.6,1011.1
2024-04-17,15:00,황사,7.9,7.0,0.0,21.7,5.9,21.7,,,36.0,서,3.1,1010.1
2024-04-17,16:00,황사,10.0,7.0,0.0,21.2,7.7,21.2,,,42.0,서남서,2.5,1009.7
2024-04-17,17:00,황사,11.3,7.0,0.0,20.7,7.6,20.7,,,43.0,서남서,3.6,1009.5
2024-04-17,18:00,황사,12.0,5.0,0.0,19.0,6.7,19.0,,,45.0,서남서,3.5,1009.3
2024-04-17,19:00,황사,11.9,1.0,0.0,17.5,6.6,17.5,,,49.0,서남서,2.6,1009.7
2024-04-17,20:00,황사,13.5,3.0,0.0,15.9,7.3,15.9,,,57.0,서,2.3,1010.5
2024-04-17,21:00,황사,15.2,3.0,0.0,14.5,6.8,14.5,,,60.0,서남서,2.6,1011.0
2024-04-17,22:00,황사,13.6,0.0,0.0,13.7,6.0,13.7,,,60.0,서남서,2.2,1011.0
2024-04-17,23:00,황사,13.8,0.0,0.0,13.3,6.6,13.3,,,64.0,서남서,2.1,1010.9
2024-04-18,06:00,황사,11.2,0.0,0.0,10.8,7.4,10.8,,,80.0,서,0.5,1010.3
2024-04-18,07:00,황사,10.7,0.0,0.0,11.0,7.8,11.0,,,81.0,서,0.5,1010.9
2024-04-18,08:00,황사,10.9,0.0,0.0,13.0,9.2,13.0,,,78.0,북북동,1.8,1011.1
2024-04-18,09:00,황사,10.4,0.0,0.0,15.6,9.7,15.6,,,68.0,동북동,1.5,1010.9
2024-04-18,10:00,황사,10.1,0.0,0.0,17.9,10.5,17.9,,,62.0,남,1.9,1011.0
2024-04-18,11:00,황사,10.9,0.0,0.0,19.9,10.8,19.9,,,56.0,남,2.3,1011.0
2024-04-18,12:00,황사,11.3,0.0,0.0,21.9,10.3,21.9,,,48.0,서남서,2.4,1010.4
2024-04-18,13:00,황사,14.8,0.0,0.0,22.4,7.3,22.4,,,38.0,서북서,3.2,1009.8
2024-04-18,14:00,황사,13.3,0.0,0.0,24.3,9.0,24.3,,,38.0,서남서,2.8,1008.8
2024-04-18,15:00,황사,16.8,0.0,0.0,24.9,7.9,24.9,,,34.0,서남서,3.2,1007.9
2024-04-18,16:00,황사,20 이상,0.0,0.0,24.7,7.7,24.7,,,34.0,서남서,3.3,1007.6
2024-04-18,17:00,황사,20 이상,0.0,0.0,23.5,5.8,23.5,,,32.0,서,3.7,1008.0
2024-04-18,18:00,황사,20 이상,0.0,0.0,21.2,2.9,21.2,,,30.0,서북서,4.5,1008.6
2024-04-18,19:00,황사,20 이상,0.0,0.0,19.2,0.2,19.2,,,28.0,서,3.1,1009.5
2024-04-18,20:00,황사,20 이상,0.0,0.0,17.7,0.7,17.7,,,32.0,서,3.6,1010.3
2024-04-18,21:00,맑음,20 이상,0.0,0.0,17.0,1.8,17.0,,,36.0,서,3.2,1010.9
2024-04-18,22:00,,20 이상,,,16.1,3.5,16.1,,,43.0,서,2.5,1011.5
2024-04-18,23:00,,20 이상,,,15.5,4.5,15.5,,,48.0,서남서,1.3,1011.9
2024-04-19,06:00,맑음,16.8,0.0,0.0,11.7,5.5,11.7,,,66.0,북북동,1.4,1012.8
2024-04-19,07:00,맑음,17.1,0.0,0.0,11.8,6.0,11.8,,,68.0,북동,2.2,1013.2
2024-04-19,08:00,맑음,17.1,0.0,0.0,14.0,6.3,14.0,,,60.0,북동,2.5,1013.5
2024-04-19,09:00,맑음,13.8,0.0,0.0,16.1,5.6,16.1,,,50.0,서남서,1.4,1013.7
2024-04-19,10:00,맑음,11.8,0.0,0.0,18.3,6.1,18.3,,,45.0,남남서,2.4,1013.8
2024-04-19,11:00,맑음,10.7,1.0,0.0,20.2,6.8,20.2,,,42.0,서남서,2.5,1013.0
2024-04-19,12:00,연무,9.4,8.0,0.0,21.8,7.5,21.8,,,40.0,남서,1.8,1012.3
2024-04-19,13:00,연무,8.6,8.0,0.0,23.3,8.1,23.3,,,38.0,남서,2.8,1011.5
2024-04-19,14:00,연무,9.7,8.0,0.0,23.8,8.6,23.8,,,38.0,남,3.7,1011.1
2024-04-19,15:00,연무,9.5,1.0,0.0,24.1,8.4,24.1,,,37.0,남서,2.8,1010.4
2024-04-19,16:00,구름조금,10.5,5.0,0.0,23.4,7.0,23.4,,,35.0,남서,3.0,1010.2
2024-04-19,17:00,흐림,11.5,9.0,0.0,22.6,6.3,22.6,,,35.0,서남서,3.5,1010.3
2024-04-19,18:00,흐림,10.7,9.0,0.0,21.1,7.3,21.1,,,41.0,서,3.1,1010.7
2024-04-19,19:00,,11.1,,,19.5,9.3,19.5,,,52.0,서,2.1,1011.2
2024-04-19,20:00,,10.6,,,18.2,9.5,18.2,,,57.0,서,2.4,1011.9
2024-04-19,21:00,구름많음,11.0,7.0,0.0,17.2,8.8,17.2,,,58.0,서,3.1,1012.5
2024-04-19,22:00,,13.2,,,16.4,6.5,16.4,,,52.0,서남서,1.1,1012.9
2024-04-19,23:00,,13.0,,,16.0,6.6,16.0,,,54.0,남남서,0.8,1012.4
2024-04-20,06:00,연무,6.9,10.0,5.0,15.6,9.0,15.6,,,65.0,동북동,1.9,1010.1
2024-04-20,07:00,연무,7.6,10.0,5.0,15.6,8.8,15.6,,,64.0,동북동,2.3,1010.1
2024-04-20,08:00,연무,7.8,10.0,5.0,16.1,8.8,16.1,,,62.0,북동,2.9,1010.1
2024-04-20,09:00,연무,7.8,10.0,6.0,16.6,8.7,16.6,,,60.0,동,1.4,1011.6
2024-04-20,10:00,약한 비 단속적,8.3,10.0,6.0,17.2,9.1,17.2,0.0,,59.0,동북동,0.8,1012.2
2024-04-20,11:00,약한 비 연속적,20 이상,10.0,7.0,16.8,11.9,16.8,0.5,,73.0,동북동,1.0,1011.7
2024-04-20,12:00,약한 비 단속적,20 이상,10.0,6.0,16.9,11.3,16.9,0.5,,70.0,동북동,2.9,1011.1
2024-04-20,13:00,약한 비 연속적,13.6,10.0,7.0,16.4,11.5,16.4,0.5,,73.0,동북동,2.6,1010.7
2024-04-20,14:00,약한 비 단속적,12.5,10.0,6.0,16.1,12.0,16.1,0.7,,77.0,북동,3.3,1009.6
2024-04-20,15:00,약한 비 연속적,4.3,10.0,8.0,15.0,12.6,15.0,1.2,,86.0,동북동,3.9,1009.2
2024-04-20,16:00,약한 비 연속적,6.1,10.0,8.0,14.4,12.6,14.4,2.0,,89.0,동북동,3.4,1008.8
2024-04-20,17:00,약한 비 연속적,4.3,10.0,8.0,14.1,12.6,14.1,2.9,,91.0,북동,3.6,1008.6
2024-04-20,18:00,약한 비 연속적,7.7,10.0,8.0,13.7,12.4,13.7,3.2,,92.0,북동,4.6,1008.8
2024-04-20,19:00,약한 비 연속적,4.5,10.0,8.0,13.5,12.3,13.5,4.2,,93.0,북동,3.7,1009.6
2024-04-20,20:00,약한 비 연속적,11.7,10.0,8.0,13.3,12.1,13.3,4.8,,93.0,동북동,4.7,1009.6
2024-04-20,21:00,약한 비 연속적,14.5,10.0,8.0,13.2,11.9,13.2,4.8,,92.0,북동,4.4,1010.0
2024-04-20,22:00,약한 비 연속적,13.4,10.0,8.0,13.0,11.5,13.0,4.8,,91.0,북동,5.2,1010.1
2024-04-20,23:00,약한 비 연속적,18.7,10.0,7.0,13.0,11.3,13.0,4.8,,90.0,북동,4.7,1009.7
2024-04-21,06:00,구름많음,20 이상,8.0,7.0,13.7,9.9,13.7,,,78.0,북동,3.8,1009.9
2024-04-21,07:00,구름많음,20 이상,8.0,8.0,14.1,10.1,14.1,,,77.0,북동,3.3,1010.3
2024-04-21,08:00,구름많음,20 이상,8.0,8.0,15.1,10.4,15.1,,,74.0,동북동,3.2,1010.7
2024-04-21,09:00,흐림,20 이상,9.0,9.0,16.6,10.8,16.6,,,69.0,동북동,3.1,1011.2
2024-04-21,10:00,흐림,20 이상,9.0,9.0,17.9,11.2,17.9,,,65.0,동북동,3.7,1011.2
2024-04-21,11:00,구름많음,20 이상,8.0,8.0,19.6,11.8,19.6,,,61.0,동북동,4.4,1010.7
2024-04-21,12:00,구름많음,20 이상,8.0,8.0,21.4,12.2,21.4,,,56.0,동북동,3.9,1010.2
2024-04-21,13:00,흐림,20 이상,9.0,9.0,21.1,12.2,21.1,,,57.0,동북동,3.5,1010.2
2024-04-21,14:00,흐림,20 이상,9.0,9.0,20.7,11.8,20.7,,,57.0,동북동,3.3,1010.5
2024-04-21,15:00,흐림,20 이상,9.0,9.0,19.9,11.3,19.9,,,58.0,북동,3.7,1010.5
2024-04-21,16:00,흐림,20 이상,10.0,5.0,19.5,11.0,19.5,,,58.0,북동,4.2,1010.4
2024-04-21,17:00,흐림,20 이상,10.0,5.0,19.2,10.7,19.2,,,58.0,북동,4.2,1010.7
2024-04-21,18:00,흐림,20 이상,10.0,6.0,18.6,10.1,18.6,,,58.0,북동,3.9,1010.9
2024-04-21,19:00,,20 이상,,,18.0,10.1,18.0,,,60.0,동북동,3.9,1011.3
2024-04-21,20:00,,20 이상,,,17.5,9.8,17.5,,,61.0,동북동,3.4,1011.5
2024-04-21,21:00,흐림,20 이상,9.0,9.0,17.0,9.6,17.0,,,62.0,북동,5.1,1011.8
2024-04-21,22:00,,20 이상,,,16.6,9.5,16.6,,,63.0,동북동,4.1,1012.2
2024-04-21,23:00,,20 이상,,,16.4,9.3,16.4,,,63.0,동북동,3.5,1012.6
2024-04-22,06:00,흐림,20 이상,9.0,8.0,15.0,6.7,15.0,,,58.0,동북동,2.8,1012.9
2024-04-22,07:00,흐림,20 이상,9.0,8.0,15.1,6.8,15.1,,,58.0,동북동,1.7,1013.3
2024-04-22,08:00,구름많음,20 이상,8.0,8.0,16.0,6.9,16.0,,,55.0,동북동,2.6,1013.4
2024-04-22,09:00,흐림,20 이상,9.0,9.0,16.7,6.2,16.7,,,50.0,북동,4.1,1013.8
2024-04-22,10:00,구름많음,20 이상,8.0,8.0,17.4,6.2,17.4,,,48.0,북동,4.4,1013.8
2024-04-22,11:00,구름많음,20 이상,8.0,8.0,18.1,7.2,18.1,,,49.0,북동,3.4,1014.1
2024-04-22,12:00,흐림,20 이상,9.0,9.0,19.8,7.8,19.8,,,46.0,북동,3.6,1013.6
2024-04-22,13:00,구름조금,20 이상,5.0,0.0,21.3,8.5,21.3,,,44.0,북동,3.4,1012.9
2024-04-22,14:00,구름조금,20 이상,5.0,3.0,21.9,9.4,21.9,,,45.0,북동,4.1,1012.3
2024-04-22,15:00,맑음,20 이상,2.0,0.0,23.3,9.2,23.3,,,41.0,동북동,2.8,1011.6
2024-04-22,16:00,맑음,20 이상,1.0,0.0,23.9,9.8,23.9,,,41.0,북동,2.8,1011.1
2024-04-22,17:00,맑음,20 이상,2.0,0.0,24.0,9.1,24.0,,,39.0,동남동,1.5,1011.2
2024-04-22,18:00,구름많음,20 이상,6.0,6.0,23.4,9.3,23.4,,,41.0,동북동,2.8,1011.4
2024-04-22,19:00,,20 이상,,,22.2,9.3,22.2,,,44.0,북동,2.1,1011.8
2024-04-22,20:00,,20 이상,,,21.4,9.2,21.4,,,46.0,동북동,2.5,1012.7
2024-04-22,21:00,구름많음,20 이상,7.0,7.0,20.4,8.0,20.4,,,45.0,북동,4.6,1013.5
2024-04-22,22:00,,20 이상,,,19.3,7.6,19.3,,,47.0,북동,4.0,1014.3
2024-04-22,23:00,,20 이상,,,18.0,7.4,18.0,,,50.0,동북동,3.4,1014.4
2024-04-23,06:00,구름많음,20 이상,6.0,2.0,13.3,7.0,13.3,,,66.0,동북동,3.4,1014.1
2024-04-23,07:00,구름많음,20 이상,8.0,8.0,14.0,7.5,14.0,,,65.0,북동,3.9,1014.1
2024-04-23,08:00,구름많음,20 이상,8.0,8.0,15.0,8.2,15.0,,,64.0,북동,3.8,1014.2
2024-04-23,09:00,구름많음,20 이상,8.0,8.0,16.2,8.4,16.2,,,60.0,북동,5.0,1013.3
2024-04-23,10:00,구름많음,20 이상,7.0,0.0,18.5,8.7,18.5,,,53.0,북동,3.1,1012.5
2024-04-23,11:00,구름조금,20 이상,5.0,0.0,20.3,9.5,20.3,,,50.0,동북동,4.1,1012.0
2024-04-23,12:00,구름조금,20 이상,5.0,0.0,21.2,8.7,21.2,,,45.0,동북동,3.2,1011.3
2024-04-23,13:00,구름많음,20 이상,7.0,0.0,22.4,8.8,22.4,,,42.0,동,2.6,1010.4
2024-04-23,14:00,구름많음,20 이상,8.0,6.0,24.1,8.4,24.1,,,37.0,동북동,2.7,1009.5
2024-04-23,15:00,흐림,20 이상,10.0,5.0,22.6,8.3,22.6,,,40.0,동북동,2.8,1008.5
2024-04-23,16:00,흐림,20 이상,10.0,7.0,21.6,8.4,21.6,,,43.0,북동,3.2,1007.9
2024-04-23,17:00,흐림,20 이상,10.0,6.0,20.8,8.4,20.8,,,45.0,북동,3.5,1007.8
2024-04-23,18:00,흐림,20 이상,10.0,8.0,19.9,7.9,19.9,,,46.0,동북동,3.0,1008.2
2024-04-23,19:00,약한 비 단속적,20 이상,10.0,9.0,18.7,7.4,18.7,0.0,,48.0,동북동,3.2,1008.8
2024-04-23,20:00,약한 비 연속적,20 이상,10.0,9.0,17.0,7.8,17.0,0.0,,55.0,북동,4.3,1009.1
2024-04-23,21:00,약한 비 단속적,20 이상,10.0,8.0,16.2,7.4,16.2,0.0,,56.0,동북동,4.0,1009.7
2024-04-23,22:00,약한 비 단속적,20 이상,10.0,7.0,15.4,6.9,15.4,0.0,,57.0,북동,5.0,1009.4
2024-04-23,23:00,비 끝,20 이상,10.0,8.0,14.9,7.1,14.9,0.0,,60.0,동북동,3.3,1009.3
2024-04-24,06:00,약한 비 연속적,6.6,10.0,9.0,11.8,10.3,11.8,3.2,,91.0,북동,2.9,1006.5
2024-04-24,07:00,보통 비 연속적,11.6,10.0,9.0,11.5,10.4,11.5,6.5,,93.0,북동,3.1,1006.4
2024-04-24,08:00,약한 비 연속적,18.5,10.0,9.0,11.6,10.1,11.6,8.0,,91.0,북동,3.0,1006.4
2024-04-24,09:00,약한 비 연속적,14.0,10.0,7.0,11.9,10.6,11.9,8.5,,92.0,북동,2.0,1006.9
2024-04-24,10:00,비 끝,20 이상,9.0,9.0,12.5,10.8,12.5,9.0,,90.0,북동,3.7,1006.9
2024-04-24,11:00,흐림,20 이상,9.0,9.0,14.1,10.6,14.1,9.0,,80.0,북동,2.5,1006.8
2024-04-24,12:00,흐림,20 이상,9.0,9.0,14.1,10.3,14.1,9.0,,78.0,북동,1.5,1007.0
2024-04-24,13:00,흐림,20 이상,9.0,9.0,14.8,9.7,14.8,9.0,,72.0,서,1.8,1006.9
2024-04-24,14:00,흐림,20 이상,9.0,9.0,16.3,10.3,16.3,9.0,,68.0,서남서,3.0,1006.9
2024-04-24,15:00,흐림,20 이상,9.0,9.0,15.8,10.1,15.8,9.0,,69.0,서남서,3.0,1007.1
2024-04-24,16:00,흐림,20 이상,9.0,9.0,16.2,10.2,16.2,9.0,,68.0,서남서,2.2,1007.0
2024-04-24,17:00,구름많음,20 이상,8.0,8.0,15.6,10.5,15.6,9.0,,72.0,서남서,4.3,1007.5
2024-04-24,18:00,구름조금,20 이상,5.0,5.0,15.3,10.0,15.3,9.0,,71.0,서,2.8,1007.8
2024-04-24,19:00,구름조금,20 이상,3.0,3.0,14.2,9.4,14.2,9.0,,73.0,서남서,4.5,1008.1
2024-04-24,20:00,,19.5,,,13.0,9.4,13.0,9.0,,79.0,서남서,2.2,1009.0
2024-04-24,21:00,맑음,11.8,2.0,2.0,12.1,9.1,12.1,9.0,,82.0,남남서,2.5,1009.8
2024-04-24,22:00,맑음,12.5,2.0,2.0,11.4,8.9,11.4,9.0,,85.0,서남서,3.4,1010.7
2024-04-24,23:00,구름많음,10.5,7.0,7.0,11.1,8.8,11.1,9.0,,86.0,서남서,2.6,1010.9
2024-04-25,06:00,박무,7.4,9.0,9.0,10.4,8.8,10.4,,,90.0,남,2.5,1012.4
2024-04-25,07:00,박무,8.8,9.0,9.0,10.5,8.5,10.5,,,88.0,남,1.0,1012.3
2024-04-25,08:00,박무,9.6,9.0,9.0,10.7,8.7,10.7,,,88.0,서남서,0.8,1013.2
2024-04-25,09:00,박무,9.4,9.0,9.0,11.1,8.8,11.1,,,86.0,남,1.2,1013.4
2024-04-25,10:00,박무,8.1,9.0,9.0,11.6,8.8,11.6,,,83.0,서,1.6,1013.4
2024-04-25,11:00,박무,8.8,9.0,9.0,12.4,9.2,12.4,,,81.0,남남동,0.9,1013.3
2024-04-25,12:00,박무,9.0,7.0,7.0,13.8,9.0,13.8,,,73.0,북북동,1.1,1012.6
2024-04-25,13:00,연무,9.3,0.0,0.0,16.4,10.0,16.4,,,66.0,서,1.8,1011.6
2024-04-25,14:00,연무,8.0,0.0,0.0,18.2,10.0,18.2,,,59.0,남,1.1,1010.7
2024-04-25,15:00,연무,9.4,0.0,0.0,19.9,10.8,19.9,,,56.0,남남서,1.6,1010.2
2024-04-25,16:00,맑음,10.7,0.0,0.0,20.5,9.1,20.5,,,48.0,서,3.0,1010.0
2024-04-25,17:00,연무,8.9,0.0,0.0,20.5,10.0,20.5,,,51.0,북서,2.5,1009.7
2024-04-25,18:00,연무,6.8,0.0,0.0,19.7,10.6,19.7,,,56.0,서,2.1,1009.7
2024-04-25,19:00,맑음,6.9,0.0,0.0,18.0,10.3,18.0,,,61.0,서,2.7,1010.5
2024-04-25,20:00,맑음,7.8,0.0,0.0,16.4,11.1,16.4,,,71.0,서,2.5,1011.2
2024-04-25,21:00,연무,8.1,0.0,0.0,15.5,11.2,15.5,,,76.0,서남서,0.7,1011.6
2024-04-25,22:00,맑음,7.1,0.0,0.0,14.6,10.7,14.6,,,78.0,서,1.5,1011.7
2024-04-25,23:00,맑음,6.9,0.0,0.0,14.0,10.5,14.0,,,80.0,서,1.1,1011.6
2024-04-26,06:00,박무,4.9,6.0,0.0,11.5,9.7,11.5,,,89.0,북북동,1.9,1011.3
2024-04-26,07:00,박무,5.8,8.0,0.0,11.7,10.1,11.7,,,90.0,북북동,2.0,1011.4
2024-04-26,08:00,박무,6.0,8.0,0.0,13.5,11.3,13.5,,,87.0,북동,1.7,1011.4
2024-04-26,09:00,박무,7.4,7.0,0.0,15.6,11.3,15.6,,,76.0,북동,2.0,1010.8
2024-04-26,10:00,연무,9.7,8.0,0.0,17.8,10.6,17.8,,,63.0,동,1.2,1010.7
2024-04-26,11:00,구름많음,14.0,6.0,0.0,19.3,10.2,19.3,,,56.0,서,0.5,1010.8
2024-04-26,12:00,구름조금,13.1,4.0,0.0,21.3,9.8,21.3,,,48.0,서남서,1.3,1010.4
2024-04-26,13:00,구름조금,12.8,5.0,0.0,23.3,8.9,23.3,,,40.0,서,2.3,1009.4
2024-04-26,14:00,구름조금,14.7,5.0,0.0,24.8,10.2,24.8,,,40.0,남서,1.8,1008.6
2024-04-26,15:00,구름많음,14.8,7.0,0.0,25.4,6.5,25.4,,,30.0,남서,2.5,1007.9
2024-04-26,16:00,황사,13.5,2.0,0.0,26.0,4.4,26.0,,,25.0,서남서,1.6,1007.7
2024-04-26,17:00,황사,12.2,3.0,0.0,25.8,5.8,25.8,,,28.0,서,1.8,1007.4
2024-04-26,18:00,황사,15.8,3.0,0.0,23.8,9.3,23.8,,,40.0,서,3.2,1007.6
2024-04-26,19:00,황사,19.4,1.0,0.0,21.5,4.5,21.5,,,33.0,서,3.7,1008.6
2024-04-26,20:00,황사,20 이상,0.0,0.0,19.3,6.7,19.3,,,44.0,서,3.3,1009.2
2024-04-26,21:00,황사,20 이상,0.0,0.0,17.4,7.7,17.4,,,53.0,서남서,2.6,1010.0
2024-04-26,22:00,맑음,17.5,0.0,0.0,16.4,8.3,16.4,,,59.0,서남서,2.0,1010.4
2024-04-26,23:00,,15.6,,,15.7,8.4,15.7,,,62.0,서남서,2.0,1010.9
2024-04-27,06:00,맑음,16.2,0.0,0.0,11.6,7.6,11.6,,,77.0,북동,1.5,1011.2
2024-04-27,07:00,맑음,17.5,0.0,0.0,12.1,8.1,12.1,,,77.0,정온,0.3,1011.8
2024-04-27,08:00,맑음,13.2,0.0,0.0,14.2,9.6,14.2,,,74.0,서,0.5,1012.0
2024-04-27,09:00,연무,8.1,0.0,0.0,16.7,10.3,16.7,,,66.0,남남서,1.6,1012.0
2024-04-27,10:00,연무,9.7,0.0,0.0,18.8,10.3,18.8,,,58.0,서,2.2,1011.8
2024-04-27,11:00,맑음,13.6,0.0,0.0,21.0,9.8,21.0,,,49.0,서남서,1.9,1011.5
2024-04-27,12:00,맑음,13.4,0.0,0.0,22.0,9.1,22.0,,,44.0,서북서,3.1,1011.4
2024-04-27,13:00,맑음,16.2,0.0,0.0,23.5,9.4,23.5,,,41.0,서북서,1.8,1010.8
2024-04-27,14:00,맑음,20 이상,0.0,0.0,24.7,8.1,24.7,,,35.0,서북서,2.7,1010.2
2024-04-27,15:00,맑음,20 이상,0.0,0.0,25.8,8.7,25.8,,,34.0,남서,3.2,1009.3
2024-04-27,16:00,맑음,20 이상,0.0,0.0,26.1,9.4,26.1,,,35.0,서남서,3.4,1009.0
2024-04-27,17:00,맑음,20 이상,0.0,0.0,24.8,10.6,24.8,,,41.0,서남서,4.0,1009.4
2024-04-27,18:00,맑음,20 이상,1.0,0.0,23.6,10.2,23.6,,,43.0,서남서,3.5,1009.7
2024-04-27,19:00,,20 이상,,,21.1,8.6,21.1,,,45.0,서,3.2,1010.8
2024-04-27,20:00,,20 이상,,,18.8,8.4,18.8,,,51.0,서남서,2.9,1011.6
2024-04-27,21:00,맑음,20 이상,0.0,0.0,17.6,7.0,17.6,,,50.0,남남서,1.3,1012.3
2024-04-27,22:00,,20 이상,,,16.9,6.9,16.9,,,52.0,서,1.3,1012.9
2024-04-27,23:00,,20 이상,,,16.0,7.2,16.0,,,56.0,서남서,1.1,1012.8
2024-04-28,06:00,맑음,20 이상,0.0,0.0,13.0,9.4,13.0,,,79.0,북북서,0.5,1013.9
2024-04-28,07:00,맑음,20 이상,2.0,0.0,13.4,9.8,13.4,,,79.0,북동,1.3,1014.2
2024-04-28,08:00,구름조금,20 이상,4.0,0.0,16.0,10.9,16.0,,,72.0,동북동,1.1,1014.5
2024-04-28,09:00,구름많음,20 이상,7.0,0.0,18.6,11.1,18.6,,,62.0,동,2.1,1013.8
2024-04-28,10:00,구름많음,20 이상,8.0,0.0,20.7,11.0,20.7,,,54.0,동북동,1.4,1013.9
2024-04-28,11:00,구름많음,20 이상,7.0,0.0,22.9,11.9,22.9,,,50.0,북북동,1.4,1013.6
2024-04-28,12:00,구름많음,20 이상,7.0,0.0,24.7,10.5,24.7,,,41.0,북동,2.4,1012.9
2024-04-28,13:00,구름많음,20 이상,7.0,0.0,26.3,10.0,26.3,,,36.0,동북동,1.0,1012.2
2024-04-28,14:00,흐림,20 이상,10.0,0.0,27.6,8.4,27.6,,,30.0,남남서,2.2,1011.8
2024-04-28,15:00,흐림,20 이상,9.0,0.0,27.9,6.0,27.9,,,25.0,남남서,2.5,1011.1
2024-04-28,16:00,구름조금,20 이상,3.0,0.0,28.9,7.4,28.9,,,26.0,남,1.1,1010.8
2024-04-28,17:00,구름많음,14.9,7.0,0.0,27.7,11.2,27.7,,,36.0,서남서,3.0,1010.9
2024-04-28,18:00,구름많음,13.4,7.0,0.0,26.1,11.8,26.1,,,41.0,서,3.1,1011.2
2024-04-28,19:00,,16.7,,,24.2,12.8,24.2,,,49.0,서북서,1.5,1011.2
2024-04-28,20:00,,15.8,,,22.6,12.5,22.6,,,53.0,서,2.0,1011.5
2024-04-28,21:00,구름많음,17.2,8.0,0.0,21.6,11.8,21.6,,,54.0,북북서,1.1,1012.0
2024-04-28,22:00,,18.6,,,20.5,11.1,20.5,,,55.0,동북동,1.5,1011.7
2024-04-28,23:00,,19.8,,,20.1,11.3,20.1,,,57.0,동북동,1.8,1011.5
2024-04-29,06:00,흐림,20 이상,9.0,0.0,16.9,6.9,16.9,,,52.0,북동,4.1,1010.4
2024-04-29,07:00,흐림,20 이상,9.0,0.0,17.2,6.9,17.2,,,51.0,북동,4.1,1010.6
2024-04-29,08:00,흐림,20 이상,9.0,0.0,17.7,7.4,17.7,,,51.0,북동,4.0,1010.2
2024-04-29,09:00,구름많음,20 이상,8.0,0.0,18.7,7.4,18.7,,,48.0,동북동,3.5,1009.9
2024-04-29,10:00,구름많음,20 이상,7.0,0.0,20.6,7.5,20.6,,,43.0,동북동,3.7,1009.9
2024-04-29,11:00,구름많음,20 이상,8.0,0.0,22.6,8.6,22.6,,,41.0,동북동,4.0,1009.2
2024-04-29,12:00,구름많음,20 이상,8.0,0.0,23.9,8.7,23.9,,,38.0,동,3.8,1008.2
2024-04-29,13:00,흐림,20 이상,9.0,0.0,24.3,9.4,24.3,,,39.0,동북동,3.2,1007.7
2024-04-29,14:00,구름많음,20 이상,7.0,0.0,25.2,9.8,25.2,,,38.0,동북동,3.1,1007.1
2024-04-29,15:00,구름많음,20 이상,8.0,0.0,26.0,10.5,26.0,,,38.0,동남동,2.1,1006.1
2024-04-29,16:00,구름많음,20 이상,8.0,0.0,25.2,10.2,25.2,,,39.0,남동,2.1,1005.3
2024-04-29,17:00,구름많음,20 이상,8.0,0.0,25.6,10.6,25.6,,,39.0,남,2.0,1005.2
2024-04-29,18:00,맑음,20 이상,2.0,0.0,25.3,10.3,25.3,,,39.0,남남서,1.8,1005.2
2024-04-29,19:00,,18.7,,,23.5,10.8,23.5,,,45.0,서,3.5,1005.5
2024-04-29,20:00,,18.5,,,21.5,10.9,21.5,,,51.0,서,2.6,1006.5
2024-04-29,21:00,맑음,18.4,2.0,2.0,20.2,11.1,20.2,,,56.0,서북서,1.6,1007.3
2024-04-29,22:00,,15.5,,,19.5,10.7,19.5,,,57.0,서,3.2,1007.6
2024-04-29,23:00,,15.4,,,18.6,10.6,18.6,,,60.0,서,2.2,1007.4
2024-04-30,06:00,구름많음,11.7,8.0,8.0,17.6,12.4,17.6,,,72.0,서,1.4,1005.1
2024-04-30,07:00,연무,8.8,8.0,8.0,16.5,11.2,16.5,,,71.0,서남서,4.3,1006.0
2024-04-30,08:00,구름많음,11.8,8.0,2.0,17.0,11.0,17.0,,,68.0,남남서,1.8,1005.8
2024-04-30,09:00,구름많음,12.5,8.0,1.0,18.2,11.0,18.2,,,63.0,남남서,2.8,1005.8
2024-04-30,10:00,구름많음,12.0,8.0,0.0,19.1,11.6,19.1,,,62.0,남남서,2.3,1005.8
2024-04-30,11:00,흐림,10.1,9.0,2.0,19.9,11.6,19.9,,,59.0,남서,2.6,1006.0
2024-04-30,12:00,연무,8.7,9.0,3.0,20.8,11.6,20.8,,,56.0,남서,2.6,1005.7
2024-04-30,13:00,흐림,10.7,9.0,4.0,21.7,10.8,21.7,,,50.0,남남서,2.4,1005.2
2024-04-30,14:00,구름많음,10.4,8.0,3.0,22.1,10.5,22.1,,,48.0,남남서,2.6,1004.7
2024-04-30,15:00,연무,10.5,8.0,2.0,22.0,10.4,22.0,,,48.0,남남서,3.2,1004.2
2024-04-30,16:00,흐림,12.7,9.0,0.0,21.3,9.2,21.3,,,46.0,남남서,2.6,1004.6
2024-04-30,17:00,흐림,11.9,10.0,0.0,20.3,10.1,20.3,,,52.0,서남서,2.9,1005.0
2024-04-30,18:00,흐림,10.1,10.0,0.0,19.6,10.8,19.6,,,57.0,서,2.2,1005.4
2024-04-30,19:00,,10.7,,,18.5,9.8,18.5,,,57.0,서남서,3.1,1006.1
2024-04-30,20:00,흐림,9.9,10.0,10.0,17.8,10.6,17.8,,,63.0,서남서,2.4,1006.9
2024-04-30,21:00,연무,10.0,8.0,3.0,17.2,10.5,17.2,,,65.0,서남서,1.5,1007.8
2024-04-30,22:00,구름많음,9.5,7.0,1.0,16.7,10.7,16.7,,,68.0,서남서,2.2,1008.2
2024-04-30,23:00,구름많음,9.4,7.0,5.0,16.3,10.5,16.3,,,69.0,서,1.1,1008.5
2024-05-01,06:00,흐림,20 이상,9.0,9.0,14.0,4.8,14.3,,0.0,54.0,북동,3.4,1010.7
2024-05-01,07:00,구름많음,20 이상,8.0,8.0,14.3,3.7,14.3,,0.0,49.0,북동,3.8,1011.2
2024-05-01,08:00,구름많음,20 이상,8.0,8.0,15.1,3.8,14.9,,0.0,47.0,북동,3.6,1011.9
2024-05-01,09:00,구름많음,20 이상,8.0,8.0,17.2,3.8,16.5,,0.0,41.0,동북동,2.9,1012.0
2024-05-01,10:00,구름많음,20 이상,7.0,7.0,18.7,4.0,17.7,,0.0,38.0,동북동,2.4,1012.1
2024-05-01,11:00,구름많음,20 이상,7.0,7.0,19.3,3.4,18.0,,0.0,35.0,동북동,2.3,1012.2
2024-05-01,12:00,맑음,20 이상,0.0,0.0,20.5,4.0,19.0,,0.0,34.0,북서,1.8,1011.7
2024-05-01,13:00,구름많음,20 이상,6.0,0.0,21.6,5.0,20.0,,0.0,34.0,동,2.0,1011.1
2024-05-01,14:00,구름많음,20 이상,6.0,2.0,22.4,4.4,20.5,,0.0,31.0,북북서,2.3,1010.6
2024-05-01,15:00,구름조금,20 이상,5.0,3.0,23.5,4.9,21.4,,0.0,30.0,동북동,2.1,1010.0
2024-05-01,16:00,구름조금,20 이상,5.0,5.0,23.8,4.1,21.5,,0.0,28.0,동북동,1.7,1009.9
2024-05-01,17:00,구름조금,20 이상,5.0,5.0,23.4,3.8,21.1,,0.0,28.0,북,2.1,1010.3
2024-05-01,18:00,구름많음,20 이상,7.0,7.0,23.1,4.0,20.9,,0.0,29.0,동,0.8,1010.6
2024-05-01,19:00,,20 이상,,,21.8,5.6,20.3,,0.0,35.0,서남서,2.0,1011.5
2024-05-01,20:00,,20 이상,,,19.7,9.2,19.6,,0.0,51.0,서남서,3.6,1012.7
2024-05-01,21:00,맑음,20 이상,0.0,0.0,18.6,9.3,18.8,,0.0,55.0,남서,1.4,1013.9
2024-05-01,22:00,,20 이상,,,17.7,9.5,18.2,,0.0,59.0,남동,0.9,1014.5
2024-05-01,23:00,,20 이상,,,16.8,8.4,17.2,,0.0,58.0,서,0.8,1015.5
2024-05-02,06:00,맑음,18.5,0.0,0.0,12.4,7.4,13.7,,0.0,72.0,북북동,2.0,1017.4
2024-05-02,07:00,맑음,20 이상,0.0,0.0,13.0,8.2,14.4,,0.0,73.0,북동,2.2,1018.2
2024-05-02,08:00,맑음,20 이상,0.0,0.0,15.6,8.5,16.4,,0.0,63.0,동남동,1.0,1018.6
2024-05-02,09:00,맑음,19.8,0.0,0.0,17.7,9.0,18.1,,0.0,57.0,서남서,1.0,1018.7
2024-05-02,10:00,맑음,16.9,0.0,0.0,19.7,9.2,19.6,,0.0,51.0,남,2.7,1018.9
2024-05-02,11:00,맑음,20 이상,0.0,0.0,20.9,8.5,20.3,,0.0,45.0,남남서,3.4,1019.1
2024-05-02,12:00,맑음,14.4,0.0,0.0,22.4,8.1,21.3,,0.0,40.0,남서,3.4,1018.7
2024-05-02,13:00,맑음,16.8,0.0,0.0,22.4,6.5,21.0,,0.0,36.0,서북서,4.0,1018.4
2024-05-02,14:00,맑음,20 이상,0.0,0.0,23.1,5.4,21.2,,0.0,32.0,서남서,4.2,1018.0
2024-05-02,15:00,맑음,20 이상,0.0,0.0,23.6,5.9,21.7,,0.0,32.0,서남서,3.6,1017.4
2024-05-02,16:00,맑음,20 이상,0.0,0.0,23.3,5.6,21.4,,0.0,32.0,서남서,3.2,1017.2
2024-05-02,17:00,맑음,20 이상,0.0,0.0,22.9,3.9,20.7,,0.0,29.0,서남서,3.4,1017.4
2024-05-02,18:00,맑음,20 이상,0.0,0.0,21.7,4.2,19.9,,0.0,32.0,서남서,3.8,1017.2
2024-05-02,19:00,,20 이상,,,20.1,4.1,18.7,,0.0,35.0,서남서,3.5,1017.2
2024-05-02,20:00,,20 이상,,,18.6,3.9,17.6,,0.0,38.0,서,2.5,1017.8
2024-05-02,21:00,맑음,20 이상,0.0,0.0,17.5,4.0,16.8,,0.0,41.0,서,2.3,1018.5
2024-05-02,22:00,,20 이상,,,16.6,4.9,16.3,,0.0,46.0,서남서,2.6,1018.5
2024-05-02,23:00,,20 이상,,,15.7,4.4,15.5,,0.0,47.0,서남서,0.7,1018.3
2024-05-03,06:00,맑음,13.9,0.0,0.0,12.2,7.4,13.6,,0.0,73.0,북,0.8,1019.9
2024-05-03,07:00,맑음,18.5,0.0,0.0,12.4,6.8,13.6,,0.0,69.0,북동,1.5,1020.1
2024-05-03,08:00,맑음,17.5,0.0,0.0,14.9,8.1,15.8,,0.0,64.0,북북동,1.3,1020.1
2024-05-03,09:00,맑음,15.7,0.0,0.0,17.9,7.8,17.9,,0.0,52.0,동북동,1.1,1019.6
2024-05-03,10:00,맑음,15.0,0.0,0.0,20.1,7.1,19.4,,0.0,43.0,남남동,1.3,1019.5
2024-05-03,11:00,맑음,15.1,0.0,0.0,21.9,6.9,20.7,,0.0,38.0,서,1.4,1019.1
2024-05-03,12:00,맑음,13.1,0.0,0.0,23.4,7.0,21.8,,0.0,35.0,북북서,1.6,1018.2
2024-05-03,13:00,맑음,15.3,0.0,0.0,25.2,7.7,23.3,,0.0,33.0,남남서,2.0,1017.3
2024-05-03,14:00,맑음,14.7,0.0,0.0,26.5,7.9,24.3,,0.0,31.0,남남서,1.3,1016.4
2024-05-03,15:00,맑음,14.4,0.0,0.0,27.3,7.1,24.7,,0.0,28.0,남남서,2.9,1015.6
2024-05-03,16:00,맑음,15.7,0.0,0.0,27.7,6.9,24.9,,0.0,27.0,남남서,2.4,1015.1
2024-05-03,17:00,맑음,16.7,0.0,0.0,27.7,7.5,25.0,,0.0,28.0,서남서,2.6,1015.0
2024-05-03,18:00,맑음,19.2,0.0,0.0,26.2,8.1,24.1,,0.0,32.0,서,3.2,1015.4
2024-05-03,19:00,,20 이상,,,22.8,7.3,21.4,,0.0,37.0,서,2.9,1016.1
2024-05-03,20:00,,20 이상,,,20.6,6.5,19.6,,0.0,40.0,서,3.2,1016.8
2024-05-03,21:00,맑음,18.9,0.0,0.0,19.6,5.9,18.7,,0.0,41.0,서남서,2.2,1017.1
2024-05-03,22:00,,17.1,,,18.7,5.8,18.0,,0.0,43.0,서북서,0.8,1017.2
2024-05-03,23:00,,16.0,,,17.8,6.3,17.5,,0.0,47.0,서남서,1.8,1017.4
2024-05-04,06:00,맑음,14.9,0.0,0.0,14.7,8.1,15.6,,0.0,65.0,북북동,1.6,1017.2
2024-05-04,07:00,맑음,15.0,0.0,0.0,14.9,8.8,15.9,,0.0,67.0,북동,1.1,1017.4
2024-05-04,08:00,맑음,12.9,0.0,0.0,17.8,9.9,18.4,,0.0,60.0,북동,2.0,1017.1
2024-05-04,09:00,구름많음,11.5,6.0,0.0,20.0,10.1,20.0,,0.0,53.0,북북동,1.4,1017.0
2024-05-04,10:00,맑음,11.1,1.0,0.0,22.4,9.5,21.6,,0.0,44.0,남서,1.9,1016.9
2024-05-04,11:00,맑음,10.1,2.0,0.0,24.4,7.9,22.7,,0.0,35.0,남,2.0,1016.3
2024-05-04,12:00,연무,8.1,2.0,0.0,26.1,9.8,24.4,,0.0,36.0,남서,1.7,1015.6
2024-05-04,13:00,연무,9.1,3.0,0.0,27.3,8.6,25.0,,0.0,31.0,남남동,2.8,1015.1
2024-05-04,14:00,구름조금,10.6,4.0,0.0,28.4,8.1,25.7,,0.0,28.0,남,2.5,1014.3
2024-05-04,15:00,연무,8.2,3.0,0.0,28.1,8.3,25.5,,0.0,29.0,서,3.3,1014.1
2024-05-04,16:00,연무,9.5,3.0,0.0,27.3,8.6,25.0,,0.0,31.0,서남서,3.0,1013.8
2024-05-04,17:00,맑음,10.6,1.0,0.0,25.9,8.3,23.9,,0.0,33.0,서남서,3.5,1013.8
2024-05-04,18:00,맑음,12.0,1.0,0.0,25.2,8.2,23.4,,0.0,34.0,서,3.7,1014.0
2024-05-04,19:00,,14.4,,,23.7,9.2,22.5,,0.0,40.0,서,3.3,1014.1
2024-05-04,20:00,,18.3,,,21.4,7.2,20.4,,0.0,40.0,서,2.3,1014.9
2024-05-04,21:00,구름많음,20 이상,8.0,8.0,20.6,5.7,19.4,,0.0,38.0,북북서,0.7,1015.0
2024-05-04,22:00,,20 이상,,,20.7,5.4,19.4,,0.0,37.0,남,0.7,1015.1
2024-05-04,23:00,,20 이상,,,20.7,5.8,19.5,,0.0,38.0,남서,0.7,1015.2
2024-05-05,06:00,비 끝,3.9,10.0,7.0,16.8,14.7,19.1,2.0,0.0,88.0,동북동,2.9,1012.7
2024-05-05,07:00,약한 비 단속적,6.4,10.0,8.0,17.0,15.1,19.4,2.0,0.0,89.0,동북동,2.9,1012.0
2024-05-05,08:00,약한 비 단속적,5.2,10.0,7.0,17.4,15.0,19.6,2.0,0.0,86.0,북동,2.6,1011.7
2024-05-05,09:00,약한 비 연속적,1.8,10.0,8.0,17.0,15.5,19.5,3.2,0.0,91.0,북동,2.7,1011.6
2024-05-05,10:00,약한 비 연속적,1.4,10.0,9.0,17.1,16.1,19.8,5.8,0.0,94.0,동북동,1.8,1011.0
2024-05-05,11:00,보통 비 연속적,2.2,10.0,9.0,17.5,16.8,20.3,10.7,0.0,96.0,북동,2.6,1010.5
2024-05-05,12:00,보통 비 연속적,4.0,10.0,9.0,18.3,17.4,21.1,15.2,0.0,95.0,동,2.5,1009.4
2024-05-05,13:00,보통 비 연속적,7.2,10.0,9.0,18.5,17.3,21.2,19.4,0.0,93.0,동,3.0,1008.3
2024-05-05,14:00,약한 비 연속적,8.7,10.0,9.0,18.5,17.3,21.2,21.4,0.0,93.0,동북동,2.4,1007.3
2024-05-05,15:00,보통 비 연속적,8.1,10.0,9.0,18.4,17.2,21.1,29.2,0.0,93.0,동,2.8,1006.1
2024-05-05,16:00,보통 비 연속적,8.0,10.0,9.0,18.6,17.6,21.3,32.2,0.0,94.0,동,2.0,1004.7
2024-05-05,17:00,약한 비 연속적,17.8,10.0,9.0,18.8,17.6,21.5,33.1,0.0,93.0,동,2.9,1004.0
2024-05-05,18:00,약한 비 연속적,7.0,10.0,9.0,18.9,17.7,21.6,34.8,0.0,93.0,동남동,2.6,1003.8
2024-05-05,19:00,약한 비 연속적,5.6,10.0,9.0,18.9,17.9,21.7,36.8,0.0,94.0,남남동,2.8,1004.2
2024-05-05,20:00,보통 비 연속적,3.6,10.0,9.0,18.6,17.7,21.4,43.5,0.0,95.0,남남서,4.4,1004.9
2024-05-05,21:00,보통 비 연속적,3.0,10.0,9.0,17.4,16.4,20.1,46.5,0.0,94.0,남서,4.0,1005.3
2024-05-05,22:00,약한 비 연속적,3.7,10.0,9.0,16.7,15.8,19.5,47.5,0.0,95.0,남서,3.4,1005.3
2024-05-05,23:00,약한 비 연속적,7.1,10.0,9.0,16.2,15.3,18.9,48.0,0.0,95.0,남남서,4.0,1005.2
2024-05-06,06:00,약한 비 단속적,15.4,10.0,8.0,14.0,13.2,16.7,8.4,0.0,95.0,남남서,3.6,1005.5
2024-05-06,07:00,약한 비 단속적,3.9,10.0,8.0,14.0,13.5,16.8,8.5,0.0,97.0,남서,2.9,1006.3
2024-05-06,08:00,약한 비 연속적,5.2,10.0,8.0,14.0,13.5,16.8,9.0,0.0,97.0,남서,3.8,1006.5
2024-05-06,09:00,약한 비 연속적,2.5,10.0,8.0,14.0,13.3,16.7,9.5,0.0,96.0,남서,2.4,1006.8
2024-05-06,10:00,약한 비 연속적,4.7,10.0,9.0,14.1,13.4,16.8,9.9,0.0,96.0,남남서,4.0,1007.2
2024-05-06,11:00,약한 비 연속적,6.3,10.0,9.0,14.1,13.3,16.8,10.3,0.0,95.0,남남서,3.8,1007.3
2024-05-06,12:00,약한 비 연속적,5.0,10.0,9.0,13.9,13.1,16.6,10.7,0.0,95.0,남서,4.5,1007.5
2024-05-06,13:00,약한 비 연속적,6.7,10.0,9.0,14.0,13.2,16.7,10.9,0.0,95.0,남남서,3.2,1007.5
2024-05-06,14:00,약한 비 연속적,8.0,10.0,8.0,13.8,12.8,16.4,11.2,0.0,94.0,남서,3.6,1007.6
2024-05-06,15:00,비 끝,10.3,10.0,8.0,13.9,12.7,16.5,11.2,0.0,93.0,남남서,3.3,1007.3
2024-05-06,16:00,비 끝,18.8,10.0,8.0,13.8,12.3,16.2,11.2,0.0,91.0,남남서,3.9,1007.3
2024-05-06,17:00,비 끝,6.2,10.0,8.0,13.6,12.4,16.2,11.2,0.0,93.0,남남서,3.3,1007.0
2024-05-06,18:00,흐림,15.3,10.0,9.0,13.5,11.8,15.9,11.2,0.0,90.0,남서,2.1,1007.0
2024-05-06,19:00,약한 이슬비 단속적,10.6,10.0,10.0,13.4,11.6,15.7,11.2,0.0,89.0,남남서,2.1,1007.0
2024-05-06,20:00,약한 이슬비 연속적,9.2,10.0,10.0,13.6,11.9,16.0,11.2,0.0,90.0,남,2.4,1007.6
2024-05-06,21:00,약한 이슬비 단속적,4.7,10.0,10.0,13.7,12.0,16.1,11.2,0.0,90.0,남남동,3.4,1007.8
2024-05-06,22:00,약한 이슬비 연속적,1.9,10.0,10.0,13.5,12.7,16.2,11.8,0.0,95.0,남,1.9,1008.0
2024-05-06,23:00,약한 이슬비 연속적,2.9,10.0,10.0,13.5,12.7,16.2,12.3,0.0,95.0,남,1.5,1007.8
2024-05-07,06:00,약한 비 연속적,1.1,10.0,9.0,12.8,12.0,15.5,1.4,0.0,95.0,동북동,1.8,1008.3
2024-05-07,07:00,약한 비 연속적,1.8,10.0,9.0,12.8,12.0,15.5,1.9,0.0,95.0,북동,1.9,1008.6
2024-05-07,08:00,약한 비 단속적,3.2,10.0,9.0,13.0,12.2,15.7,1.9,0.0,95.0,북동,2.8,1009.3
2024-05-07,09:00,약한 비 연속적,9.3,10.0,6.0,12.5,11.5,15.1,2.4,0.0,94.0,북동,3.7,1010.1
2024-05-07,10:00,비 끝,20 이상,9.0,9.0,13.1,10.8,15.2,2.4,0.0,86.0,동북동,3.6,1010.4
2024-05-07,11:00,흐림,20 이상,9.0,9.0,13.2,9.2,14.8,2.4,0.0,77.0,동북동,4.4,1010.9
2024-05-07,12:00,흐림,20 이상,9.0,9.0,13.5,9.3,15.1,2.4,0.0,76.0,북동,3.2,1011.3
2024-05-07,13:00,약한 비 단속적,20 이상,10.0,7.0,14.0,9.6,15.5,2.4,0.0,75.0,동북동,2.9,1011.3
2024-05-07,14:00,약한 비 단속적,20 이상,10.0,8.0,14.4,10.2,16.0,2.4,0.0,76.0,북동,3.1,1011.7
2024-05-07,15:00,약한 비 연속적,20 이상,10.0,8.0,14.7,9.6,16.0,2.4,0.0,72.0,북동,4.0,1011.7
2024-05-07,16:00,비 끝,20 이상,9.0,9.0,14.9,9.2,16.1,2.4,0.0,69.0,북동,3.7,1011.9
2024-05-07,17:00,약한 비 연속적,20 이상,10.0,7.0,14.9,8.3,15.8,2.4,0.0,65.0,동북동,4.0,1012.1
2024-05-07,18:00,약한 비 단속적,20 이상,10.0,8.0,14.5,7.9,15.4,2.4,0.0,65.0,북동,4.8,1013.0
2024-05-07,19:00,약한 비 단속적,20 이상,10.0,8.0,14.0,7.2,14.9,2.4,0.0,64.0,동북동,4.0,1013.8
2024-05-07,20:00,약한 비 연속적,20 이상,10.0,8.0,13.5,6.8,14.4,2.4,0.0,64.0,동북동,3.8,1014.5
2024-05-07,21:00,비 끝,20 이상,9.0,7.0,13.3,6.3,14.1,2.4,0.0,63.0,동북동,3.6,1015.4
2024-05-07,22:00,흐림,20 이상,10.0,9.0,12.9,6.0,13.7,2.4,0.0,63.0,동북동,3.2,1016.1
2024-05-07,23:00,흐림,20 이상,9.0,9.0,12.6,5.2,13.3,2.4,0.0,61.0,북동,2.7,1016.5
2024-05-08,06:00,맑음,20 이상,0.0,0.0,9.0,4.4,10.4,,0.0,73.0,북북동,1.2,1018.8
2024-05-08,07:00,맑음,20 이상,0.0,0.0,9.5,4.6,10.9,,0.0,72.0,동남동,0.6,1019.3
2024-05-08,08:00,맑음,20 이상,0.0,0.0,12.2,5.8,13.2,,0.0,65.0,동북동,2.4,1019.6
2024-05-08,09:00,맑음,20 이상,0.0,0.0,13.9,5.5,14.4,,0.0,57.0,북북동,3.6,1019.6
2024-05-08,10:00,맑음,20 이상,0.0,0.0,15.7,6.1,15.9,,0.0,53.0,북동,2.4,1019.4
2024-05-08,11:00,맑음,20 이상,0.0,0.0,17.1,5.6,16.8,,0.0,47.0,동북동,2.2,1019.3
2024-05-08,12:00,맑음,20 이상,0.0,0.0,17.9,5.7,17.4,,0.0,45.0,북서,1.6,1018.8
2024-05-08,13:00,맑음,20 이상,2.0,2.0,19.6,7.3,19.0,,0.0,45.0,남남서,2.2,1017.8
2024-05-08,14:00,구름조금,20 이상,5.0,5.0,20.0,7.6,19.4,,0.0,45.0,서,2.4,1017.4
2024-05-08,15:00,구름조금,20 이상,4.0,4.0,20.7,6.6,19.7,,0.0,40.0,서,3.4,1017.0
2024-05-08,16:00,맑음,20 이상,2.0,2.0,21.0,6.8,20.0,,0.0,40.0,서,1.6,1016.2
2024-05-08,17:00,구름조금,20 이상,4.0,4.0,21.0,7.5,20.1,,0.0,42.0,서북서,3.2,1016.0
2024-05-08,18:00,구름조금,20 이상,3.0,3.0,18.6,8.8,18.7,,0.0,53.0,서,4.3,1016.1
2024-05-08,19:00,,20 이상,,,16.7,7.3,16.9,,0.0,54.0,서남서,4.6,1016.6
2024-05-08,20:00,,20 이상,,,15.5,6.7,15.8,,0.0,56.0,서남서,2.2,1017.1
2024-05-08,21:00,맑음,20 이상,0.0,0.0,14.4,6.7,15.0,,0.0,60.0,남남서,1.7,1017.7
2024-05-08,22:00,,20 이상,,,13.8,7.3,14.7,,0.0,65.0,서북서,2.0,1018.0
2024-05-08,23:00,,20 이상,,,13.3,7.0,14.3,,0.0,66.0,서남서,2.2,1018.4
2024-05-09,06:00,맑음,14.7,0.0,0.0,10.9,9.1,13.2,,0.0,89.0,북,0.7,1019.1
2024-05-09,07:00,맑음,20 이상,0.0,0.0,11.4,8.7,13.4,,0.0,84.0,남남서,1.6,1019.2
2024-05-09,08:00,맑음,20 이상,1.0,0.0,13.1,8.7,14.6,,0.0,75.0,서남서,1.2,1019.4
2024-05-09,09:00,맑음,20 이상,0.0,0.0,15.1,8.0,15.9,,0.0,63.0,남서,2.3,1019.1
2024-05-09,10:00,맑음,20 이상,1.0,1.0,17.0,8.6,17.4,,0.0,58.0,남서,2.6,1018.8
2024-05-09,11:00,맑음,20 이상,0.0,0.0,18.5,9.2,18.7,,0.0,55.0,남남서,2.5,1018.6
2024-05-09,12:00,맑음,20 이상,0.0,0.0,19.6,7.9,19.2,,0.0,47.0,남남서,3.5,1018.2
2024-05-09,13:00,맑음,20 이상,1.0,0.0,20.5,7.8,19.8,,0.0,44.0,남서,4.6,1017.8
2024-05-09,14:00,맑음,20 이상,0.0,0.0,20.9,7.8,20.1,,0.0,43.0,남남서,5.3,1017.1
2024-05-09,15:00,맑음,20 이상,0.0,0.0,21.6,6.6,20.4,,0.0,38.0,남남서,4.9,1016.5
2024-05-09,16:00,맑음,20 이상,0.0,0.0,21.6,5.8,20.2,,0.0,36.0,서남서,3.2,1016.0
2024-05-09,17:00,맑음,20 이상,0.0,0.0,20.4,5.9,19.3,,0.0,39.0,남서,5.2,1016.2
2024-05-09,18:00,맑음,20 이상,0.0,0.0,19.1,6.5,18.5,,0.0,44.0,남서,4.2,1016.4
2024-05-09,19:00,,19.4,,,17.3,7.8,17.5,,0.0,54.0,남서,4.1,1016.8
2024-05-09,20:00,,17.4,,,16.4,9.3,17.2,,0.0,63.0,남남서,3.7,1016.9
2024-05-09,21:00,맑음,17.1,0.0,0.0,15.8,9.8,16.9,,0.0,68.0,남남서,3.4,1017.6
2024-05-09,22:00,,14.6,,,15.4,10.7,16.9,,0.0,74.0,남남서,2.2,1018.2
2024-05-09,23:00,,13.8,,,15.1,10.6,16.6,,0.0,75.0,남남서,2.9,1018.2
2024-05-10,06:00,박무,9.9,0.0,0.0,12.5,10.3,14.7,,0.0,87.0,북북서,1.4,1018.7
2024-05-10,07:00,박무,9.2,0.0,0.0,13.1,10.8,15.2,,0.0,86.0,정온,0.4,1019.0
2024-05-10,08:00,맑음,14.5,0.0,0.0,15.0,10.9,16.6,,0.0,77.0,남,1.5,1019.1
2024-05-10,09:00,맑음,20 이상,0.0,0.0,16.9,10.7,17.9,,0.0,67.0,남남서,1.6,1018.8
2024-05-10,10:00,구름조금,20 이상,3.0,0.0,18.5,7.8,18.4,,0.0,50.0,남서,2.9,1018.9
2024-05-10,11:00,구름조금,20 이상,4.0,0.0,20.5,8.1,19.9,,0.0,45.0,남남서,2.7,1018.6
2024-05-10,12:00,구름조금,20 이상,4.0,0.0,21.2,7.4,20.3,,0.0,41.0,남남서,4.1,1018.2
2024-05-10,13:00,맑음,20 이상,1.0,0.0,22.3,6.4,20.9,,0.0,36.0,남서,4.3,1017.6
2024-05-10,14:00,맑음,20 이상,1.0,0.0,23.1,7.9,21.8,,0.0,38.0,남남서,3.2,1017.1
2024-05-10,15:00,맑음,20 이상,2.0,0.0,23.7,8.1,22.3,,0.0,37.0,남서,3.8,1016.3
2024-05-10,16:00,구름조금,20 이상,5.0,0.0,23.6,5.4,21.6,,0.0,31.0,서남서,4.4,1015.6
2024-05-10,17:00,구름많음,20 이상,7.0,0.0,22.8,5.2,20.9,,0.0,32.0,서남서,4.7,1015.5
2024-05-10,18:00,구름많음,20 이상,8.0,0.0,21.4,4.8,19.8,,0.0,34.0,남서,4.1,1015.6
2024-05-10,19:00,,20 이상,,,19.8,4.6,18.6,,0.0,37.0,남서,2.7,1015.8
2024-05-10,20:00,,20 이상,,,18.5,5.6,17.9,,0.0,43.0,서남서,2.5,1015.8
2024-05-10,21:00,맑음,20 이상,2.0,0.0,17.5,5.0,17.0,,0.0,44.0,남서,1.3,1016.2
2024-05-10,22:00,,20 이상,,,17.2,4.1,16.6,,0.0,42.0,남남서,2.8,1016.6
2024-05-10,23:00,맑음,20 이상,2.0,1.0,16.6,5.2,16.3,,0.0,47.0,서남서,3.3,1016.8
2024-05-11,06:00,흐림,20 이상,9.0,9.0,15.8,10.1,16.9,,0.0,69.0,동,1.3,1013.9
2024-05-11,07:00,흐림,20 이상,9.0,9.0,16.3,10.5,17.4,,0.0,69.0,동북동,0.9,1013.6
2024-05-11,08:00,흐림,20 이상,9.0,9.0,17.2,11.4,18.3,,0.0,69.0,남동,3.2,1013.1
2024-05-11,09:00,흐림,20 이상,9.0,9.0,18.2,12.4,19.3,,0.0,69.0,남,2.8,1012.6
2024-05-11,10:00,구름많음,20 이상,8.0,8.0,19.8,13.2,20.7,,0.0,66.0,남남서,5.0,1012.0
2024-05-11,11:00,흐림,20 이상,9.0,9.0,20.9,13.5,21.6,,0.0,63.0,남,5.8,1011.1
2024-05-11,12:00,흐림,20 이상,9.0,9.0,21.6,14.4,22.4,,0.0,64.0,남남서,6.5,1010.6
2024-05-11,13:00,흐림,20 이상,10.0,8.0,21.8,13.9,22.4,,0.0,61.0,남남서,7.1,1009.8
2024-05-11,14:00,약한 비 단속적,20 이상,10.0,8.0,20.8,15.1,22.0,0.1,0.0,70.0,남남서,5.9,1009.8
2024-05-11,15:00,약한 비 연속적,6.4,10.0,8.0,18.4,16.1,20.7,2.2,0.0,87.0,남서,4.5,1009.7
2024-05-11,16:00,약한 비 연속적,7.4,10.0,8.0,17.7,16.0,20.2,3.8,0.0,90.0,남서,4.4,1008.9
2024-05-11,17:00,보통 비 연속적,4.8,10.0,9.0,16.9,15.9,19.6,7.8,0.0,94.0,남,5.7,1008.5
2024-05-11,18:00,보통 비 연속적,4.5,10.0,8.0,16.9,16.0,19.7,15.5,0.0,95.0,서남서,2.0,1008.0
2024-05-11,19:00,보통 비 연속적,6.1,10.0,8.0,16.9,16.2,19.7,21.1,0.0,96.0,남서,4.0,1007.9
2024-05-11,20:00,약한 비 연속적,5.0,10.0,9.0,16.5,15.8,19.3,23.6,0.0,96.0,남서,4.6,1008.1
2024-05-11,21:00,보통 비 연속적,6.7,10.0,9.0,15.4,14.4,18.1,28.4,0.0,94.0,서남서,4.0,1009.2
2024-05-11,22:00,보통 비 연속적,6.5,10.0,8.0,14.4,13.4,17.0,31.5,0.0,94.0,남서,2.7,1010.0
2024-05-11,23:00,비 끝,16.6,10.0,6.0,14.0,12.8,16.6,31.7,0.0,93.0,남서,1.9,1010.2
2024-05-12,06:00,박무,6.1,8.0,8.0,11.9,10.7,14.4,,0.0,93.0,서남서,2.7,1010.9
2024-05-12,07:00,박무,7.8,8.0,8.0,12.1,10.8,14.6,,0.0,92.0,남서,1.7,1010.9
2024-05-12,08:00,구름많음,10.0,7.0,7.0,13.1,11.6,15.5,,0.0,91.0,남,1.3,1011.0
2024-05-12,09:00,맑음,11.5,2.0,2.0,14.5,11.0,16.3,,0.0,80.0,서남서,1.5,1011.0
2024-05-12,10:00,황사,13.1,0.0,0.0,16.2,11.5,17.7,,0.0,74.0,서남서,2.2,1010.9
2024-05-12,11:00,황사,15.2,1.0,1.0,17.5,11.0,18.4,,0.0,66.0,북서,2.7,1010.9
2024-05-12,12:00,황사,17.9,2.0,2.0,18.9,8.8,18.9,,0.0,52.0,서북서,4.8,1010.7
2024-05-12,13:00,황사,19.9,1.0,0.0,20.0,8.0,19.5,,0.0,46.0,서북서,3.6,1009.8
2024-05-12,14:00,황사,19.6,1.0,0.0,20.5,6.0,19.4,,0.0,39.0,서북서,4.1,1009.6
2024-05-12,15:00,황사,20 이상,4.0,0.0,21.1,6.9,20.1,,0.0,40.0,서북서,4.2,1009.0
2024-05-12,16:00,황사,20 이상,4.0,1.0,21.4,9.6,20.9,,0.0,47.0,남서,3.6,1008.8
2024-05-12,17:00,황사,20 이상,5.0,0.0,21.2,9.1,20.7,,0.0,46.0,서남서,3.1,1009.0
2024-05-12,18:00,구름조금,20 이상,4.0,0.0,20.8,9.9,20.6,,0.0,50.0,남남서,3.9,1009.2
2024-05-12,19:00,,20 이상,,,20.0,8.6,19.7,,0.0,48.0,서남서,2.9,1009.7
2024-05-12,20:00,,20 이상,,,18.7,8.0,18.5,,0.0,50.0,북서,3.8,1010.6
2024-05-12,21:00,맑음,20 이상,0.0,0.0,17.5,7.8,17.6,,0.0,53.0,북서,4.2,1011.6
2024-05-12,22:00,,20 이상,,,16.6,7.5,16.9,,0.0,55.0,서북서,2.3,1012.3
2024-05-12,23:00,,20 이상,,,16.1,7.0,16.4,,0.0,55.0,북서,3.4,1012.7
2024-05-13,06:00,맑음,20 이상,0.0,0.0,12.0,7.8,13.6,,0.0,76.0,북북동,1.5,1014.1
2024-05-13,07:00,맑음,20 이상,0.0,0.0,12.4,8.2,14.0,,0.0,76.0,북북동,2.0,1014.8
2024-05-13,08:00,맑음,20 이상,0.0,0.0,15.4,9.7,16.5,,0.0,69.0,동북동,1.0,1015.1
2024-05-13,09:00,맑음,19.2,0.0,0.0,17.7,10.7,18.5,,0.0,64.0,남남동,0.8,1014.9
2024-05-13,10:00,맑음,20 이상,0.0,0.0,19.6,10.0,19.7,,0.0,54.0,서,2.1,1014.9
2024-05-13,11:00,맑음,20 이상,0.0,0.0,21.1,9.0,20.6,,0.0,46.0,서남서,2.6,1014.8
2024-05-13,12:00,맑음,20 이상,0.0,0.0,22.2,7.1,20.9,,0.0,38.0,서북서,2.8,1014.4
2024-05-13,13:00,맑음,20 이상,0.0,0.0,23.1,4.5,21.0,,0.0,30.0,북북서,3.3,1013.8
2024-05-13,14:00,맑음,20 이상,0.0,0.0,23.9,5.2,21.8,,0.0,30.0,북서,3.9,1013.3
2024-05-13,15:00,맑음,20 이상,0.0,0.0,24.4,7.9,22.7,,0.0,35.0,서,3.3,1012.8
2024-05-13,16:00,맑음,20 이상,0.0,0.0,24.0,8.4,22.5,,0.0,37.0,서남서,3.8,1012.5
2024-05-13,17:00,맑음,20 이상,0.0,0.0,23.3,4.2,21.1,,0.0,29.0,서남서,4.8,1012.8
2024-05-13,18:00,맑음,20 이상,0.0,0.0,22.2,4.7,20.4,,0.0,32.0,서북서,3.9,1013.2
2024-05-13,19:00,,20 이상,,,20.7,6.2,19.6,,0.0,39.0,서,2.3,1013.3
2024-05-13,20:00,,20 이상,,,19.1,6.5,18.5,,0.0,44.0,서,2.6,1013.6
2024-05-13,21:00,맑음,20 이상,0.0,0.0,18.4,6.5,18.0,,0.0,46.0,서남서,2.9,1014.6
2024-05-13,22:00,,20 이상,,,17.7,6.2,17.4,,0.0,47.0,서남서,2.6,1014.9
2024-05-13,23:00,,20 이상,,,17.0,7.0,17.0,,0.0,52.0,서,2.2,1014.9
2024-05-14,06:00,맑음,20 이상,0.0,0.0,12.7,7.1,13.9,,0.0,69.0,북북동,1.7,1015.9
2024-05-14,07:00,맑음,20 이상,0.0,0.0,13.5,8.1,14.7,,0.0,70.0,북북동,1.2,1016.5
2024-05-14,08:00,맑음,20 이상,0.0,0.0,16.3,9.4,17.1,,0.0,64.0,북동,1.5,1016.5
2024-05-14,09:00,맑음,20 이상,1.0,0.0,18.7,8.0,18.5,,0.0,50.0,남,1.7,1016.3
2024-05-14,10:00,맑음,20 이상,1.0,0.0,20.3,7.2,19.6,,0.0,43.0,남남서,2.1,1016.3
2024-05-14,11:00,맑음,20 이상,0.0,0.0,21.9,6.5,20.6,,0.0,37.0,남남서,3.7,1016.2
2024-05-14,12:00,맑음,20 이상,0.0,0.0,23.2,5.1,21.2,,0.0,31.0,남서,4.8,1015.8
2024-05-14,13:00,맑음,20 이상,0.0,0.0,23.6,5.4,21.6,,0.0,31.0,남남서,3.8,1015.6
2024-05-14,14:00,맑음,20 이상,0.0,0.0,24.3,5.6,22.1,,0.0,30.0,서남서,3.3,1014.9
2024-05-14,15:00,맑음,20 이상,0.0,0.0,24.4,4.1,21.9,,0.0,27.0,서남서,4.0,1014.4
2024-05-14,16:00,맑음,20 이상,0.0,0.0,24.0,3.2,21.4,,0.0,26.0,서,4.2,1014.1
2024-05-14,17:00,맑음,20 이상,0.0,0.0,23.7,2.4,21.0,,0.0,25.0,남서,3.9,1014.0
2024-05-14,18:00,맑음,20 이상,0.0,0.0,22.7,2.7,20.4,,0.0,27.0,남서,3.5,1013.9
2024-05-14,19:00,,20 이상,,,20.9,3.1,19.1,,0.0,31.0,서,3.7,1014.3
2024-05-14,20:00,,20 이상,,,19.1,2.8,17.7,,0.0,34.0,서,2.9,1014.8
2024-05-14,21:00,맑음,20 이상,0.0,0.0,18.2,2.4,17.0,,0.0,35.0,서,2.9,1015.3
2024-05-14,22:00,,20 이상,,,17.4,3.2,16.5,,0.0,39.0,서,1.6,1015.8
2024-05-14,23:00,,20 이상,,,16.8,3.1,16.0,,0.0,40.0,남서,1.6,1015.6
2024-05-15,06:00,맑음,20 이상,0.0,0.0,13.8,5.9,14.4,,0.0,59.0,서,1.0,1014.6
2024-05-15,07:00,맑음,20 이상,1.0,1.0,14.5,6.3,15.0,,0.0,58.0,동북동,0.5,1014.4
2024-05-15,08:00,맑음,20 이상,0.0,0.0,16.3,7.4,16.6,,0.0,56.0,남서,1.8,1014.1
2024-05-15,09:00,맑음,20 이상,2.0,2.0,17.6,8.9,18.0,,0.0,57.0,서북서,3.1,1013.7
2024-05-15,10:00,구름많음,20 이상,7.0,7.0,18.7,10.7,19.2,,0.0,60.0,서북서,2.8,1013.4
2024-05-15,11:00,흐림,13.6,9.0,9.0,17.6,11.1,18.5,,0.0,66.0,서북서,3.7,1013.4
2024-05-15,12:00,흐림,20 이상,10.0,8.0,16.1,9.7,17.1,,0.0,66.0,북서,3.6,1012.8
2024-05-15,13:00,흐림,20 이상,10.0,8.0,14.1,9.1,15.4,,0.0,72.0,서북서,4.2,1012.3
2024-05-15,14:00,약한 비 연속적,9.5,10.0,8.0,12.3,10.0,14.4,0.0,0.0,86.0,북서,4.6,1011.8
2024-05-15,15:00,보통 비 연속적,8.8,10.0,9.0,11.8,10.2,14.2,3.0,0.0,90.0,서,2.8,1011.5
2024-05-15,16:00,보통 비 연속적,8.6,10.0,8.0,11.6,10.1,14.0,6.1,0.0,91.0,서북서,3.6,1011.0
2024-05-15,17:00,보통 비 연속적,7.9,10.0,9.0,11.4,10.3,13.9,9.5,0.0,93.0,서북서,2.2,1010.5
2024-05-15,18:00,약한 비 연속적,16.9,10.0,9.0,11.1,9.5,13.4,11.9,0.0,90.0,북서,3.9,1010.1
2024-05-15,19:00,약한 비 연속적,18.9,10.0,9.0,10.4,8.6,12.7,13.0,0.0,89.0,서,1.8,1010.5
2024-05-15,20:00,약한 비 연속적,10.4,10.0,9.0,9.1,7.5,11.4,15.0,0.0,90.0,북서,4.5,1011.4
2024-05-15,21:00,약한 비 연속적,14.9,10.0,9.0,7.8,6.2,10.1,17.6,0.0,90.0,북서,5.6,1012.3
2024-05-15,22:00,약한 비 연속적,20 이상,10.0,9.0,7.3,5.6,9.5,18.6,0.0,89.0,북북서,3.6,1012.9
2024-05-15,23:00,약한 비 연속적,9.6,10.0,9.0,7.6,5.8,9.8,19.6,0.0,89.0,북,1.9,1012.2
2024-05-16,06:00,맑음,20 이상,1.0,0.0,6.9,5.6,9.3,0.1,0.0,92.0,서북서,2.5,1011.0
2024-05-16,07:00,맑음,20 이상,1.0,0.0,7.7,5.4,9.8,0.1,0.0,86.0,서북서,2.9,1011.1
2024-05-16,08:00,맑음,17.9,0.0,0.0,9.5,5.8,11.2,0.1,0.0,78.0,서북서,3.5,1010.9
2024-05-16,09:00,맑음,20 이상,0.0,0.0,11.6,6.3,12.8,0.1,0.0,70.0,서북서,2.3,1010.8
2024-05-16,10:00,맑음,20 이상,0.0,0.0,13.5,7.2,14.5,0.1,0.0,66.0,서,2.6,1010.6
2024-05-16,11:00,맑음,20 이상,0.0,0.0,15.5,5.1,15.5,0.1,0.0,50.0,서북서,3.2,1009.9
2024-05-16,12:00,맑음,20 이상,0.0,0.0,17.0,4.9,16.6,0.1,0.0,45.0,서,3.6,1009.0
2024-05-16,13:00,맑음,20 이상,0.0,0.0,18.2,4.3,17.3,0.1,0.0,40.0,서남서,3.7,1008.0
2024-05-16,14:00,맑음,20 이상,0.0,0.0,18.6,4.7,17.7,0.1,0.0,40.0,서남서,4.3,1007.7
2024-05-16,15:00,맑음,20 이상,0.0,0.0,19.1,4.0,18.0,0.1,0.0,37.0,서,5.0,1007.6
2024-05-16,16:00,맑음,20 이상,0.0,0.0,19.5,4.0,18.2,0.1,0.0,36.0,남서,4.0,1007.3
2024-05-16,17:00,맑음,20 이상,0.0,0.0,19.0,2.3,17.5,0.1,0.0,33.0,남남서,4.4,1007.5
2024-05-16,18:00,맑음,20 이상,0.0,0.0,18.8,2.1,17.4,0.1,0.0,33.0,남서,2.4,1007.8
2024-05-16,19:00,,20 이상,,,17.4,1.7,16.2,0.1,0.0,35.0,남서,2.5,1008.5
2024-05-16,20:00,,20 이상,,,15.9,2.9,15.3,0.1,0.0,42.0,서남서,2.7,1009.3
2024-05-16,21:00,구름조금,20 이상,3.0,0.0,15.0,6.0,15.3,0.1,0.0,55.0,서남서,2.3,1009.9
2024-05-16,22:00,,19.0,,,14.4,5.7,14.8,0.1,0.0,56.0,서남서,2.4,1010.6
2024-05-16,23:00,,18.9,,,14.0,6.8,14.7,0.1,0.0,62.0,남서,2.7,1010.6
2024-05-17,06:00,박무,5.9,8.0,6.0,11.1,9.3,13.4,,0.0,89.0,북동,1.7,1013.3
2024-05-17,07:00,박무,7.3,6.0,0.0,12.5,10.3,14.7,,0.0,87.0,북동,2.3,1013.7
2024-05-17,08:00,박무,9.5,4.0,0.0,14.6,10.7,16.3,,0.0,78.0,북동,2.3,1013.9
2024-05-17,09:00,구름많음,11.6,8.0,0.0,16.8,11.7,18.1,,0.0,72.0,동,1.6,1014.1
2024-05-17,10:00,구름많음,17.9,7.0,0.0,18.2,11.2,19.0,,0.0,64.0,남남서,2.8,1014.0
2024-05-17,11:00,구름많음,19.7,7.0,0.0,20.0,11.4,20.4,,0.0,58.0,남남서,2.5,1014.0
2024-05-17,12:00,구름많음,16.9,6.0,0.0,21.7,12.2,21.8,,0.0,55.0,서,1.6,1013.5
2024-05-17,13:00,구름조금,18.6,4.0,0.0,23.7,11.7,23.1,,0.0,47.0,남남서,2.7,1012.9
2024-05-17,14:00,구름많음,20 이상,8.0,0.0,24.4,12.0,23.7,,0.0,46.0,서남서,2.9,1012.6
2024-05-17,15:00,구름많음,20 이상,8.0,0.0,24.2,12.1,23.6,,0.0,47.0,서남서,3.4,1012.6
2024-05-17,16:00,구름많음,20 이상,8.0,0.0,23.4,13.2,23.3,,0.0,53.0,서남서,3.9,1012.8
2024-05-17,17:00,구름조금,20 이상,3.0,0.0,23.9,10.8,23.1,,0.0,44.0,남남서,3.5,1012.6
2024-05-17,18:00,맑음,20 이상,0.0,0.0,23.3,10.6,22.6,,0.0,45.0,남서,2.5,1012.8
2024-05-17,19:00,,20 이상,,,22.3,12.2,22.3,,0.0,53.0,남서,2.0,1013.3
2024-05-17,20:00,,20 이상,,,20.7,11.5,20.9,,0.0,56.0,남서,2.6,1014.0
2024-05-17,21:00,맑음,20 이상,0.0,0.0,19.6,10.3,19.8,,0.0,55.0,남서,2.6,1015.1
2024-05-17,22:00,,20 이상,,,18.8,9.8,19.1,,0.0,56.0,서남서,2.5,1016.0
2024-05-17,23:00,,20 이상,,,18.3,10.8,19.0,,0.0,62.0,남서,2.7,1016.2
2024-05-18,06:00,구름많음,20 이상,6.0,4.0,16.0,11.3,17.5,,0.0,74.0,북동,1.8,1017.4
2024-05-18,07:00,구름조금,20 이상,5.0,3.0,16.3,11.6,17.8,,0.0,74.0,북동,1.5,1018.0
2024-05-18,08:00,맑음,20 이상,2.0,0.0,18.7,12.2,19.6,,0.0,66.0,동북동,1.0,1017.9
2024-05-18,09:00,구름조금,20 이상,3.0,3.0,20.4,13.8,21.3,,0.0,66.0,동남동,1.1,1018.0
2024-05-18,10:00,구름조금,20 이상,4.0,4.0,21.9,14.2,22.5,,0.0,62.0,남남동,2.4,1017.8
2024-05-18,11:00,구름많음,20 이상,6.0,6.0,23.0,14.5,23.4,,0.0,59.0,남,2.7,1017.6
2024-05-18,12:00,구름조금,20 이상,5.0,5.0,24.3,14.3,24.3,,0.0,54.0,남남동,2.5,1016.8
2024-05-18,13:00,구름조금,20 이상,3.0,3.0,25.1,13.9,24.7,,0.0,50.0,남서,3.2,1016.1
2024-05-18,14:00,맑음,20 이상,2.0,2.0,25.8,13.9,25.3,,0.0,48.0,남서,2.7,1015.6
2024-05-18,15:00,맑음,20 이상,1.0,1.0,26.5,14.9,26.0,,0.0,49.0,남서,2.4,1014.8
2024-05-18,16:00,맑음,20 이상,1.0,1.0,26.0,15.3,25.8,,0.0,52.0,서,3.1,1014.5
2024-05-18,17:00,맑음,20 이상,1.0,1.0,25.3,15.3,25.3,,0.0,54.0,서,3.8,1014.7
2024-05-18,18:00,맑음,20 이상,0.0,0.0,23.6,15.1,24.0,,0.0,59.0,서북서,3.8,1015.0
2024-05-18,19:00,,20 이상,,,22.4,15.0,23.1,,0.0,63.0,서남서,3.1,1015.4
2024-05-18,20:00,,20 이상,,,20.8,14.4,21.8,,0.0,67.0,서,2.7,1016.2
2024-05-18,21:00,맑음,20 이상,0.0,0.0,19.9,14.2,21.1,,0.0,70.0,서,2.4,1017.0
2024-05-18,22:00,,20 이상,,,19.4,13.9,20.7,,0.0,71.0,북서,1.0,1017.3
2024-05-18,23:00,,20 이상,,,18.7,13.7,20.1,,0.0,73.0,서,0.6,1017.5
2024-05-19,06:00,맑음,20 이상,0.0,0.0,15.9,13.9,18.2,,0.0,88.0,북북동,1.2,1016.3
2024-05-19,07:00,맑음,20 이상,0.0,0.0,16.7,14.3,18.9,,0.0,86.0,북동,1.6,1016.5
2024-05-19,08:00,맑음,20 이상,0.0,0.0,18.6,15.0,20.5,,0.0,80.0,동,0.7,1016.3
2024-05-19,09:00,맑음,20 이상,0.0,0.0,21.0,15.0,22.1,,0.0,69.0,동,0.7,1016.1
2024-05-19,10:00,맑음,20 이상,0.0,0.0,22.4,13.9,22.8,,0.0,59.0,북북서,1.9,1015.6
2024-05-19,11:00,맑음,20 이상,0.0,0.0,24.2,15.1,24.4,,0.0,57.0,남남서,2.0,1015.3
2024-05-19,12:00,맑음,20 이상,0.0,0.0,25.5,13.9,25.0,,0.0,49.0,남남서,1.5,1014.9
2024-05-19,13:00,맑음,20 이상,0.0,0.0,26.4,11.7,25.1,,0.0,40.0,서남서,2.9,1014.2
2024-05-19,14:00,맑음,20 이상,0.0,0.0,26.8,8.2,24.5,,0.0,31.0,서,2.6,1013.3
2024-05-19,15:00,맑음,20 이상,0.0,0.0,27.6,13.5,26.4,,0.0,42.0,서,3.3,1012.8
2024-05-19,16:00,맑음,20 이상,0.0,0.0,27.4,14.7,26.6,,0.0,46.0,서남서,2.7,1012.9
2024-05-19,17:00,맑음,20 이상,0.0,0.0,26.3,11.9,25.1,,0.0,41.0,서,4.3,1013.0
2024-05-19,18:00,맑음,20 이상,1.0,0.0,25.6,11.3,24.4,,0.0,41.0,서,2.5,1012.7
2024-05-19,19:00,,20 이상,,,23.5,10.5,22.7,,0.0,44.0,서,2.7,1012.9
2024-05-19,20:00,,20 이상,,,21.8,10.6,21.5,,0.0,49.0,서,3.3,1013.9
2024-05-19,21:00,구름많음,20 이상,6.0,0.0,20.8,13.4,21.5,,0.0,63.0,서남서,4.0,1015.5
2024-05-19,22:00,,20 이상,,,19.9,13.8,21.0,,0.0,68.0,남서,2.2,1015.1
2024-05-19,23:00,,20 이상,,,19.1,13.4,20.3,,0.0,70.0,북북서,0.6,1014.4
2024-05-20,06:00,흐림,20 이상,9.0,9.0,17.7,13.4,19.3,,0.0,76.0,서,2.0,1014.4
2024-05-20,07:00,흐림,20 이상,10.0,10.0,17.9,12.9,19.3,,0.0,73.0,서남서,2.1,1015.2
2024-05-20,08:00,흐림,20 이상,10.0,10.0,18.5,13.7,20.0,,0.0,74.0,남서,2.1,1015.5
2024-05-20,09:00,구름많음,20 이상,8.0,8.0,19.7,14.5,21.0,,0.0,72.0,서남서,1.3,1015.5
2024-05-20,10:00,구름많음,20 이상,8.0,8.0,21.2,15.5,22.4,,0.0,70.0,서남서,2.5,1015.4
2024-05-20,11:00,흐림,20 이상,9.0,9.0,22.1,15.6,23.1,,0.0,67.0,남남서,3.6,1015.0
2024-05-20,12:00,흐림,20 이상,9.0,9.0,22.3,15.6,23.2,,0.0,66.0,남서,4.1,1015.0
2024-05-20,13:00,흐림,20 이상,9.0,9.0,22.7,15.2,23.4,,0.0,63.0,서남서,3.8,1014.5
2024-05-20,14:00,흐림,20 이상,9.0,9.0,22.4,15.9,23.4,,0.0,67.0,서남서,2.6,1014.2
2024-05-20,15:00,흐림,20 이상,9.0,9.0,21.7,16.2,23.0,,0.0,71.0,서남서,3.3,1014.2
2024-05-20,16:00,흐림,19.7,9.0,9.0,21.4,15.9,22.7,,0.0,71.0,남서,3.9,1014.2
2024-05-20,17:00,구름많음,18.9,8.0,8.0,21.3,15.8,22.6,,0.0,71.0,서,3.3,1014.5
2024-05-20,18:00,구름많음,17.3,8.0,8.0,20.9,15.4,22.2,,0.0,71.0,서,3.3,1014.8
2024-05-20,19:00,,17.4,,,20.3,15.0,21.6,,0.0,72.0,서,2.5,1015.3
2024-05-20,20:00,,12.0,,,19.4,15.2,21.1,,0.0,77.0,서,1.9,1015.7
2024-05-20,21:00,박무,8.6,1.0,1.0,18.3,15.1,20.3,,0.0,82.0,서,2.0,1016.6
2024-05-20,22:00,맑음,6.2,0.0,0.0,17.5,14.7,19.6,,0.0,84.0,서북서,2.1,1017.3
2024-05-20,23:00,구름많음,5.3,6.0,0.0,17.0,14.6,19.2,,0.0,86.0,서남서,2.0,1017.7
2024-05-21,06:00,박무,3.3,9.0,9.0,16.3,14.6,18.7,,0.0,90.0,서,1.4,1018.5
2024-05-21,07:00,박무,4.4,10.0,10.0,16.7,14.8,19.1,,0.0,89.0,정온,0.3,1019.1
2024-05-21,08:00,흐림,10.3,9.0,9.0,18.6,15.8,20.7,,0.0,84.0,동북동,1.5,1019.4
2024-05-21,09:00,구름조금,15.2,3.0,3.0,20.8,15.9,22.3,,0.0,74.0,북동,2.3,1019.4
2024-05-21,10:00,구름많음,16.7,6.0,6.0,21.4,14.7,22.3,,0.0,66.0,동남동,2.3,1019.5
2024-05-21,11:00,구름조금,18.1,4.0,4.0,23.2,15.7,23.9,,0.0,63.0,동남동,2.1,1019.2
2024-05-21,12:00,맑음,20 이상,2.0,2.0,24.4,14.7,24.5,,0.0,55.0,동북동,2.0,1018.7
2024-05-21,13:00,맑음,20 이상,0.0,0.0,25.8,14.8,25.5,,0.0,51.0,동북동,1.7,1018.0
2024-05-21,14:00,맑음,20 이상,0.0,0.0,26.6,14.0,25.9,,0.0,46.0,남동,1.8,1017.3
2024-05-21,15:00,맑음,20 이상,0.0,0.0,27.5,13.4,26.3,,0.0,42.0,동북동,1.1,1016.7
2024-05-21,16:00,맑음,20 이상,1.0,0.0,27.9,12.6,26.4,,0.0,39.0,남동,2.4,1015.9
2024-05-21,17:00,맑음,20 이상,1.0,1.0,28.2,10.8,26.2,,0.0,34.0,동북동,1.4,1015.7
2024-05-21,18:00,연무,8.0,0.0,0.0,26.1,16.0,26.1,,0.0,54.0,서,3.2,1016.1
2024-05-21,19:00,맑음,9.1,0.0,0.0,24.4,15.8,24.8,,0.0,59.0,서,2.7,1016.4
2024-05-21,20:00,맑음,8.9,0.0,0.0,22.8,15.6,23.6,,0.0,64.0,서남서,2.2,1017.0
2024-05-21,21:00,연무,8.3,0.0,0.0,21.9,15.4,22.9,,0.0,67.0,서,1.7,1017.9
2024-05-21,22:00,맑음,6.5,0.0,0.0,20.9,15.6,22.2,,0.0,72.0,남서,2.2,1018.4
2024-05-21,23:00,맑음,5.3,0.0,0.0,20.2,14.9,21.5,,0.0,72.0,서남서,2.0,1018.4
2024-05-22,06:00,박무,2.3,7.0,7.0,16.4,14.5,18.8,,0.0,89.0,남남서,1.3,1017.9
2024-05-22,07:00,박무,2.5,8.0,8.0,16.8,14.9,19.2,,0.0,89.0,서,1.8,1017.9
2024-05-22,08:00,박무,3.4,8.0,3.0,17.8,15.4,20.0,,0.0,86.0,서,1.4,1017.7
2024-05-22,09:00,박무,4.3,8.0,7.0,18.8,15.4,20.7,,0.0,81.0,서북서,2.0,1017.9
2024-05-22,10:00,박무,5.0,7.0,4.0,20.6,16.0,22.1,,0.0,75.0,서남서,2.5,1017.5
2024-05-22,11:00,연무,5.6,6.0,2.0,21.8,16.5,23.1,,0.0,72.0,서,2.8,1017.0
2024-05-22,12:00,연무,7.7,3.0,1.0,23.4,15.9,24.1,,0.0,63.0,서남서,2.7,1016.4
2024-05-22,13:00,연무,8.5,3.0,0.0,24.5,15.6,24.8,,0.0,58.0,서남서,3.5,1015.5
2024-05-22,14:00,구름많음,17.6,6.0,0.0,25.1,14.2,24.8,,0.0,51.0,서남서,3.3,1014.7
2024-05-22,15:00,구름많음,20 이상,7.0,0.0,25.3,13.8,24.9,,0.0,49.0,서남서,3.4,1014.3
2024-05-22,16:00,구름조금,17.5,5.0,0.0,25.2,15.2,25.2,,0.0,54.0,서,3.8,1014.0
2024-05-22,17:00,구름많음,20 이상,6.0,0.0,25.1,13.6,24.7,,0.0,49.0,서,3.2,1013.5
2024-05-22,18:00,구름조금,20 이상,3.0,0.0,24.4,12.9,24.0,,0.0,49.0,서남서,2.9,1013.1
2024-05-22,19:00,,19.6,,,22.8,13.8,23.1,,0.0,57.0,서북서,2.8,1013.3
2024-05-22,20:00,,20 이상,,,21.0,13.1,21.6,,0.0,61.0,서,1.8,1013.7
2024-05-22,21:00,구름조금,19.6,5.0,0.0,19.8,12.7,20.6,,0.0,64.0,서,2.0,1014.0
2024-05-22,22:00,,16.3,,,19.2,13.1,20.3,,0.0,68.0,서,1.4,1013.8
2024-05-22,23:00,,15.4,,,18.8,13.2,20.0,,0.0,70.0,서남서,2.1,1013.8
2024-05-23,06:00,박무,8.7,2.0,0.0,15.9,13.0,17.9,,0.0,83.0,서남서,1.9,1012.5
2024-05-23,07:00,박무,8.8,0.0,0.0,16.2,13.3,18.2,,0.0,83.0,서북서,2.2,1012.4
2024-05-23,08:00,박무,8.6,0.0,0.0,17.6,14.1,19.4,,0.0,80.0,서북서,2.0,1012.1
2024-05-23,09:00,맑음,10.2,0.0,0.0,19.6,14.6,21.0,,0.0,73.0,서남서,1.6,1011.8
2024-05-23,10:00,맑음,12.8,0.0,0.0,21.3,14.4,22.2,,0.0,65.0,서남서,2.3,1011.4
2024-05-23,11:00,맑음,11.4,0.0,0.0,22.6,14.9,23.2,,0.0,62.0,남서,3.1,1011.3
2024-05-23,12:00,맑음,10.3,0.0,0.0,24.1,15.5,24.5,,0.0,59.0,서,2.6,1010.8
2024-05-23,13:00,맑음,13.5,0.0,0.0,24.9,14.6,24.8,,0.0,53.0,서,3.1,1010.4
2024-05-23,14:00,맑음,20 이상,0.0,0.0,25.4,13.9,25.0,,0.0,49.0,서,3.2,1009.5
2024-05-23,15:00,맑음,20 이상,0.0,0.0,25.8,14.5,25.4,,0.0,50.0,서남서,3.5,1008.9
2024-05-23,16:00,맑음,20 이상,0.0,0.0,26.3,15.0,25.9,,0.0,50.0,서남서,3.1,1008.7
2024-05-23,17:00,맑음,20 이상,0.0,0.0,25.4,14.5,25.1,,0.0,51.0,서남서,3.4,1008.8
2024-05-23,18:00,맑음,20 이상,0.0,0.0,24.1,10.7,23.2,,0.0,43.0,서,3.8,1009.1
2024-05-23,19:00,,20 이상,,,22.5,13.0,22.6,,0.0,55.0,서,3.5,1009.3
2024-05-23,20:00,,19.2,,,20.5,14.3,21.6,,0.0,68.0,서북서,3.0,1010.2
2024-05-23,21:00,맑음,16.0,0.0,0.0,18.6,13.6,20.0,,0.0,73.0,서,2.8,1010.9
2024-05-23,22:00,,13.0,,,17.7,14.0,19.5,,0.0,79.0,서북서,2.9,1011.6
2024-05-23,23:00,맑음,8.6,0.0,0.0,16.8,13.8,18.8,,0.0,83.0,서남서,3.1,1011.6
2024-05-24,06:00,박무,6.2,10.0,10.0,15.8,13.6,18.0,,0.0,87.0,서,2.3,1011.8
2024-05-24,07:00,박무,6.9,10.0,10.0,16.3,13.9,18.5,,0.0,86.0,서,1.4,1012.2
2024-05-24,08:00,박무,7.6,10.0,10.0,17.0,14.0,19.0,,0.0,83.0,서남서,1.5,1012.6
2024-05-24,09:00,박무,7.7,9.0,9.0,17.9,14.5,19.8,,0.0,81.0,서,1.8,1012.9
2024-05-24,10:00,박무,8.7,9.0,9.0,19.3,14.9,20.9,,0.0,76.0,서,1.1,1012.8
2024-05-24,11:00,연무,9.9,6.0,6.0,21.4,15.4,22.5,,0.0,69.0,남남동,1.5,1012.3
2024-05-24,12:00,구름많음,10.5,6.0,6.0,23.5,16.5,24.4,,0.0,65.0,남서,2.1,1012.2
2024-05-24,13:00,구름많음,10.2,8.0,8.0,23.0,16.0,23.9,,0.0,65.0,서북서,3.1,1012.6
2024-05-24,14:00,연무,8.0,8.0,8.0,23.0,16.2,23.9,,0.0,66.0,서,3.0,1012.4
2024-05-24,15:00,연무,9.0,9.0,9.0,22.8,16.3,23.8,,0.0,67.0,서북서,3.3,1011.8
2024-05-24,16:00,구름많음,10.7,7.0,7.0,23.6,16.6,24.5,,0.0,65.0,서,2.4,1011.4
2024-05-24,17:00,구름조금,12.2,5.0,5.0,24.4,16.6,25.0,,0.0,62.0,북서,2.1,1011.2
2024-05-24,18:00,구름많음,13.9,7.0,7.0,24.2,16.7,24.9,,0.0,63.0,서북서,2.6,1011.4
2024-05-24,19:00,,14.1,,,23.1,16.8,24.2,,0.0,68.0,북서,2.4,1012.1
2024-05-24,20:00,,13.2,,,22.1,16.3,23.3,,0.0,70.0,북,1.7,1012.8
2024-05-24,21:00,맑음,13.9,2.0,2.0,21.3,16.0,22.6,,0.0,72.0,북,1.4,1013.3
2024-05-24,22:00,,15.7,,,20.8,15.9,22.3,,0.0,74.0,북북서,1.4,1014.1
2024-05-24,23:00,,12.1,,,19.9,15.9,21.6,,0.0,78.0,서,2.2,1014.3
2024-05-25,06:00,흐림,20 이상,9.0,9.0,19.0,14.0,20.4,,0.0,73.0,동북동,1.8,1015.4
2024-05-25,07:00,흐림,20 이상,9.0,9.0,19.2,14.0,20.5,,0.0,72.0,북동,2.2,1015.8
2024-05-25,08:00,흐림,20 이상,9.0,9.0,19.6,12.3,20.3,,0.0,63.0,동,1.3,1016.3
2024-05-25,09:00,흐림,20 이상,9.0,9.0,19.9,10.8,20.1,,0.0,56.0,동남동,2.0,1016.6
2024-05-25,10:00,구름많음,20 이상,8.0,0.0,21.8,12.6,22.0,,0.0,56.0,동,2.0,1016.2
2024-05-25,11:00,구름많음,20 이상,8.0,0.0,22.8,11.5,22.4,,0.0,49.0,동남동,1.8,1016.1
2024-05-25,12:00,구름많음,20 이상,8.0,8.0,24.1,12.3,23.6,,0.0,48.0,동,2.1,1015.9
2024-05-25,13:00,구름많음,19.5,8.0,8.0,24.5,12.4,23.9,,0.0,47.0,남동,2.8,1015.2
2024-05-25,14:00,구름많음,16.8,8.0,8.0,24.6,13.4,24.3,,0.0,50.0,동남동,2.9,1015.0
2024-05-25,15:00,흐림,15.6,9.0,9.0,24.5,13.3,24.2,,0.0,50.0,남남동,1.7,1014.8
2024-05-25,16:00,흐림,15.7,9.0,9.0,24.5,13.6,24.2,,0.0,51.0,남서,1.3,1014.4
2024-05-25,17:00,흐림,15.2,9.0,9.0,23.9,13.4,23.7,,0.0,52.0,남남동,2.4,1013.9
2024-05-25,18:00,구름많음,12.9,7.0,7.0,23.7,14.6,23.9,,0.0,57.0,남남서,2.7,1013.6
2024-05-25,19:00,,10.9,,,22.9,14.4,23.3,,0.0,59.0,남서,2.2,1013.5
2024-05-25,20:00,구름조금,8.6,5.0,5.0,21.6,15.4,22.7,,0.0,68.0,서,1.6,1013.2
2024-05-25,21:00,연무,8.0,4.0,0.0,20.7,15.4,22.0,,0.0,72.0,서남서,1.6,1013.6
2024-05-25,22:00,구름많음,7.8,6.0,0.0,20.3,15.0,21.6,,0.0,72.0,서남서,0.9,1013.7
2024-05-25,23:00,구름많음,7.4,8.0,8.0,20.2,15.4,21.7,,0.0,74.0,북북서,0.8,1013.6
2024-05-26,06:00,구름많음,20 이상,8.0,0.0,18.7,11.5,19.4,,0.0,63.0,동북동,1.5,1009.6
2024-05-26,07:00,구름많음,20 이상,8.0,0.0,19.1,12.3,20.0,,0.0,65.0,동북동,1.5,1009.4
2024-05-26,08:00,구름많음,20 이상,6.0,0.0,21.1,12.5,21.5,,0.0,58.0,동,1.7,1009.1
2024-05-26,09:00,구름많음,20 이상,8.0,5.0,22.6,12.8,22.6,,0.0,54.0,남남동,2.0,1008.3
2024-05-26,10:00,흐림,20 이상,9.0,9.0,23.4,12.0,23.0,,0.0,49.0,남남서,2.6,1007.7
2024-05-26,11:00,흐림,20 이상,9.0,9.0,23.5,12.7,23.3,,0.0,51.0,남남서,2.9,1007.5
2024-05-26,12:00,흐림,20 이상,10.0,5.0,22.9,12.5,22.8,,0.0,52.0,남남서,3.4,1006.7
2024-05-26,13:00,비 끝,20 이상,10.0,6.0,22.1,13.1,22.4,0.0,0.0,57.0,남서,3.2,1005.9
2024-05-26,14:00,약한 비 단속적,7.3,10.0,7.0,20.2,16.4,22.0,0.6,0.0,79.0,서,3.1,1004.6
2024-05-26,15:00,약한 비 연속적,2.4,10.0,7.0,19.5,17.0,21.8,1.6,0.0,86.0,남동,1.4,1003.6
2024-05-26,16:00,약한 비 연속적,2.3,10.0,8.0,19.3,17.4,21.7,1.9,0.0,89.0,남동,1.9,1002.3
2024-05-26,17:00,약한 비 연속적,2.1,10.0,8.0,19.3,17.9,21.9,3.1,0.0,92.0,남남동,1.7,1001.3
2024-05-26,18:00,약한 비 연속적,7.5,10.0,8.0,19.4,18.2,22.1,6.0,0.0,93.0,남,3.3,1001.2
2024-05-26,19:00,약한 비 단속적,20 이상,10.0,7.0,19.4,18.2,22.1,6.0,0.0,93.0,남서,5.1,1001.2
2024-05-26,20:00,약한 비 연속적,3.3,10.0,8.0,19.1,18.2,21.9,6.1,0.0,95.0,남서,3.7,1001.1
2024-05-26,21:00,약한 비 연속적,3.1,10.0,9.0,18.7,17.8,21.5,6.5,0.0,95.0,서남서,3.3,1001.1
2024-05-26,22:00,약한 비 연속적,9.2,10.0,8.0,17.9,16.7,20.6,8.7,0.0,93.0,서남서,2.4,1001.6
2024-05-26,23:00,비 끝,4.7,10.0,9.0,17.3,16.1,19.9,8.7,0.0,93.0,서남서,3.2,1001.5
2024-05-27,06:00,맑음,14.2,0.0,0.0,14.2,12.4,16.5,,0.0,89.0,서,2.8,1003.6
2024-05-27,07:00,맑음,20 이상,0.0,0.0,14.5,11.4,16.4,,0.0,82.0,서,2.7,1004.0
2024-05-27,08:00,맑음,20 이상,0.0,0.0,16.0,10.7,17.3,,0.0,71.0,서북서,2.9,1004.0
2024-05-27,09:00,맑음,20 이상,1.0,0.0,17.6,10.4,18.4,,0.0,63.0,서북서,3.4,1003.6
2024-05-27,10:00,구름조금,20 이상,3.0,3.0,19.3,10.8,19.7,,0.0,58.0,서북서,3.9,1003.3
2024-05-27,11:00,구름조금,20 이상,3.0,1.0,20.1,9.9,20.0,,0.0,52.0,서남서,3.9,1003.2
2024-05-27,12:00,구름조금,20 이상,3.0,1.0,20.8,10.5,20.7,,0.0,52.0,서남서,4.5,1002.8
2024-05-27,13:00,구름조금,20 이상,5.0,5.0,21.2,10.6,21.0,,0.0,51.0,서,5.0,1001.9
2024-05-27,14:00,구름많음,20 이상,6.0,5.0,22.2,11.8,22.1,,0.0,52.0,서남서,3.9,1001.6
2024-05-27,15:00,구름많음,20 이상,7.0,4.0,22.5,8.5,21.5,,0.0,41.0,서,4.1,1002.1
2024-05-27,16:00,구름많음,20 이상,6.0,4.0,22.6,9.7,21.8,,0.0,44.0,서,3.6,1002.4
2024-05-27,17:00,구름많음,20 이상,8.0,6.0,21.9,9.0,21.2,,0.0,44.0,서,3.3,1002.9
2024-05-27,18:00,구름많음,20 이상,8.0,6.0,21.3,9.2,20.7,,0.0,46.0,서,3.1,1003.5
2024-05-27,19:00,,20 이상,,,20.8,9.0,20.3,,0.0,47.0,서,2.4,1004.0
2024-05-27,20:00,,20 이상,,,20.1,8.7,19.7,,0.0,48.0,서,2.4,1004.6
2024-05-27,21:00,구름많음,20 이상,6.0,0.0,19.1,11.1,19.6,,0.0,60.0,서남서,3.3,1004.6
2024-05-27,22:00,,20 이상,,,18.1,11.1,18.9,,0.0,64.0,서,2.1,1005.0
2024-05-27,23:00,,20 이상,,,17.5,10.8,18.4,,0.0,65.0,서,2.7,1005.1
2024-05-28,06:00,구름조금,20 이상,4.0,0.0,14.3,10.6,16.0,,0.0,79.0,북동,2.2,1005.8
2024-05-28,07:00,맑음,20 이상,0.0,0.0,15.1,11.0,16.7,,0.0,77.0,북동,2.1,1006.1
2024-05-28,08:00,맑음,20 이상,0.0,0.0,17.9,11.2,18.8,,0.0,65.0,북동,2.6,1006.1
2024-05-28,09:00,맑음,20 이상,0.0,0.0,19.8,11.0,20.1,,0.0,57.0,북동,3.6,1006.2
2024-05-28,10:00,맑음,20 이상,0.0,0.0,21.6,10.4,21.3,,0.0,49.0,동,3.0,1006.1
2024-05-28,11:00,맑음,20 이상,1.0,1.0,22.9,10.3,22.2,,0.0,45.0,동북동,3.4,1006.1
2024-05-28,12:00,구름조금,20 이상,4.0,4.0,23.8,10.1,22.8,,0.0,42.0,북동,3.8,1005.9
2024-05-28,13:00,구름많음,20 이상,6.0,6.0,24.6,9.3,23.2,,0.0,38.0,북북동,3.7,1005.2
2024-05-28,14:00,구름많음,20 이상,6.0,6.0,24.6,9.3,23.2,,0.0,38.0,북북서,3.3,1005.3
2024-05-28,15:00,구름많음,20 이상,6.0,6.0,24.7,10.1,23.5,,0.0,40.0,북동,3.7,1005.3
2024-05-28,16:00,구름조금,20 이상,4.0,4.0,24.7,10.5,23.6,,0.0,41.0,북북동,3.6,1005.4
2024-05-28,17:00,구름조금,20 이상,3.0,3.0,25.9,8.8,24.0,,0.0,34.0,북동,3.7,1005.3
2024-05-28,18:00,맑음,20 이상,1.0,1.0,25.5,8.0,23.5,,0.0,33.0,북,3.5,1005.6
2024-05-28,19:00,,20 이상,,,24.2,6.8,22.3,,0.0,33.0,북서,3.6,1006.2
2024-05-28,20:00,,20 이상,,,22.8,7.3,21.4,,0.0,37.0,북북서,2.7,1007.2
2024-05-28,21:00,맑음,20 이상,0.0,0.0,20.8,9.9,20.6,,0.0,50.0,서,3.1,1008.3
2024-05-28,22:00,,20 이상,,,19.7,11.7,20.2,,0.0,60.0,남서,2.1,1009.3
2024-05-28,23:00,,20 이상,,,19.1,11.3,19.7,,0.0,61.0,서북서,1.5,1009.5
2024-05-29,06:00,맑음,20 이상,0.0,0.0,15.5,11.0,17.0,,0.0,75.0,북북동,1.1,1012.4
2024-05-29,07:00,맑음,20 이상,0.0,0.0,16.5,11.4,17.8,,0.0,72.0,북북동,0.8,1012.8
2024-05-29,08:00,맑음,20 이상,0.0,0.0,19.0,12.2,19.9,,0.0,65.0,동북동,0.6,1012.8
2024-05-29,09:00,맑음,20 이상,0.0,0.0,21.2,13.3,21.8,,0.0,61.0,남남서,1.7,1012.9
2024-05-29,10:00,맑음,20 이상,0.0,0.0,22.7,12.9,22.7,,0.0,54.0,남남서,2.3,1013.0
2024-05-29,11:00,맑음,20 이상,0.0,0.0,24.3,11.9,23.6,,0.0,46.0,서남서,3.3,1012.9
2024-05-29,12:00,구름많음,20 이상,6.0,0.0,25.2,11.7,24.2,,0.0,43.0,서북서,3.1,1012.8
2024-05-29,13:00,구름많음,20 이상,8.0,0.0,26.2,9.9,24.5,,0.0,36.0,서,3.6,1012.4
2024-05-29,14:00,구름많음,20 이상,8.0,0.0,26.5,10.6,24.9,,0.0,37.0,서남서,3.4,1012.0
2024-05-29,15:00,구름많음,20 이상,8.0,0.0,26.6,9.8,24.8,,0.0,35.0,서,3.5,1011.7
2024-05-29,16:00,구름조금,20 이상,4.0,0.0,26.4,9.2,24.5,,0.0,34.0,서남서,3.3,1011.0
2024-05-29,17:00,구름조금,20 이상,3.0,0.0,26.2,9.0,24.3,,0.0,34.0,서,3.4,1010.5
2024-05-29,18:00,맑음,20 이상,0.0,0.0,25.4,9.2,23.8,,0.0,36.0,서,3.5,1010.3
2024-05-29,19:00,,20 이상,,,24.0,9.1,22.7,,0.0,39.0,서,3.0,1010.6
2024-05-29,20:00,,20 이상,,,22.1,8.9,21.3,,0.0,43.0,서,2.6,1011.3
2024-05-29,21:00,맑음,20 이상,1.0,0.0,20.8,8.7,20.3,,0.0,46.0,서,2.6,1013.1
2024-05-29,22:00,,20 이상,,,20.0,8.3,19.6,,0.0,47.0,북서,1.6,1013.6
2024-05-29,23:00,,20 이상,,,19.0,7.4,18.6,,0.0,47.0,서북서,0.9,1013.2
2024-05-30,06:00,구름많음,20 이상,6.0,0.0,16.2,7.4,16.5,,0.0,56.0,북북동,1.5,1012.3
2024-05-30,07:00,흐림,20 이상,9.0,5.0,17.4,8.2,17.6,,0.0,55.0,북동,1.8,1011.7
2024-05-30,08:00,구름많음,20 이상,8.0,4.0,18.6,9.9,18.9,,0.0,57.0,북동,2.3,1012.2
2024-05-30,09:00,흐림,20 이상,9.0,4.0,20.4,9.0,20.0,,0.0,48.0,북북동,2.3,1012.4
2024-05-30,10:00,흐림,20 이상,9.0,5.0,21.8,9.3,21.1,,0.0,45.0,북동,2.1,1011.9
2024-05-30,11:00,흐림,20 이상,9.0,3.0,23.2,9.5,22.2,,0.0,42.0,서,2.1,1012.0
2024-05-30,12:00,흐림,20 이상,9.0,7.0,22.8,9.9,22.0,,0.0,44.0,서,1.7,1011.7
2024-05-30,13:00,흐림,20 이상,9.0,6.0,24.0,9.5,22.8,,0.0,40.0,북북동,2.0,1010.6
2024-05-30,14:00,흐림,20 이상,9.0,6.0,24.2,8.9,22.8,,0.0,38.0,서북서,2.6,1010.3
2024-05-30,15:00,흐림,20 이상,9.0,7.0,24.1,9.6,22.9,,0.0,40.0,북북서,1.2,1010.0
2024-05-30,16:00,흐림,20 이상,9.0,9.0,24.6,9.3,23.2,,0.0,38.0,남남서,1.6,1009.4
2024-05-30,17:00,흐림,17.4,9.0,7.0,24.2,9.7,23.0,,0.0,40.0,남남동,1.1,1008.6
2024-05-30,18:00,흐림,20 이상,9.0,6.0,23.7,10.3,22.8,,0.0,43.0,북서,1.7,1008.3
2024-05-30,19:00,,18.0,,,22.9,10.6,22.3,,0.0,46.0,서,1.5,1008.8
2024-05-30,20:00,,19.0,,,22.0,10.7,21.7,,0.0,49.0,서,1.4,1008.9
2024-05-30,21:00,구름많음,20 이상,8.0,6.0,21.4,11.4,21.4,,0.0,53.0,서,0.7,1009.7
2024-05-30,22:00,,20 이상,,,21.0,11.8,21.2,,0.0,56.0,서북서,1.7,1010.6
2024-05-30,23:00,,20 이상,,,20.7,12.3,21.1,,0.0,59.0,북서,3.2,1010.5
2024-05-31,06:00,맑음,20 이상,0.0,0.0,17.0,12.3,18.5,,0.0,74.0,서북서,1.0,1010.1
2024-05-31,07:00,맑음,16.1,0.0,0.0,17.6,12.9,19.1,,0.0,74.0,서,1.7,1010.2
2024-05-31,08:00,맑음,16.7,0.0,0.0,19.3,13.0,20.3,,0.0,67.0,서남서,2.0,1010.2
2024-05-31,09:00,맑음,17.5,1.0,1.0,20.6,13.0,21.2,,0.0,62.0,서,3.2,1010.2
2024-05-31,10:00,맑음,20 이상,2.0,2.0,21.8,13.4,22.2,,0.0,59.0,서,2.4,1009.9
2024-05-31,11:00,맑음,20 이상,2.0,2.0,22.5,13.5,22.8,,0.0,57.0,서남서,2.8,1010.1
2024-05-31,12:00,맑음,20 이상,0.0,0.0,23.3,10.3,22.5,,0.0,44.0,서,2.7,1009.9
2024-05-31,13:00,맑음,20 이상,0.0,0.0,23.7,8.9,22.4,,0.0,39.0,서,3.2,1009.1
2024-05-31,14:00,맑음,20 이상,0.0,0.0,24.6,10.8,23.6,,0.0,42.0,서,3.1,1008.6
2024-05-31,15:00,맑음,20 이상,0.0,0.0,25.1,10.9,24.0,,0.0,41.0,서,3.1,1008.1
2024-05-31,16:00,맑음,20 이상,0.0,0.0,24.5,11.4,23.6,,0.0,44.0,서북서,4.1,1008.1
2024-05-31,17:00,맑음,20 이상,1.0,0.0,23.4,10.0,22.5,,0.0,43.0,서,5.1,1008.4
2024-05-31,18:00,구름조금,20 이상,4.0,4.0,21.4,8.9,20.8,,0.0,45.0,서북서,5.2,1009.6
2024-05-31,19:00,천둥번개 끝,20 이상,8.0,8.0,18.7,11.9,19.6,1.0,0.0,65.0,서북서,2.7,1009.8
2024-05-31,20:00,구름많음,20 이상,8.0,8.0,18.4,12.3,19.5,1.0,0.0,68.0,서남서,1.2,1009.7
2024-05-31,21:00,흐림,20 이상,9.0,9.0,18.7,12.4,19.7,1.0,0.0,67.0,남남서,2.5,1010.0
2024-05-31,22:00,,20 이상,,,18.8,13.8,20.2,1.0,0.0,73.0,남서,2.3,1010.5
2024-05-31,23:00,약한 이슬비 단속적,9.6,10.0,10.0,18.4,14.8,20.2,1.0,0.0,80.0,남남서,2.8,1010.5
2024-06-01,06:00,비 끝,10.8,9.0,9.0,17.6,15.0,19.8,0.0,0.0,85.0,서남서,1.7,1010.6
2024-06-01,07:00,구름많음,13.5,7.0,7.0,17.7,14.3,19.6,0.0,0.0,81.0,북서,1.2,1010.8
2024-06-01,08:00,구름많음,15.9,7.0,7.0,18.2,14.2,19.9,0.0,0.0,78.0,서북서,1.8,1010.9
2024-06-01,09:00,구름조금,17.0,5.0,5.0,19.4,13.7,20.6,0.0,0.0,70.0,서,2.4,1010.9
2024-06-01,10:00,구름조금,17.8,5.0,5.0,20.5,13.6,21.4,0.0,0.0,65.0,서,2.7,1011.0
2024-06-01,11:00,구름조금,20 이상,4.0,4.0,21.7,13.5,22.2,0.0,0.0,60.0,서,3.4,1011.0
2024-06-01,12:00,구름조금,20 이상,4.0,4.0,22.7,12.6,22.6,0.0,0.0,53.0,서북서,3.1,1010.5
2024-06-01,13:00,맑음,20 이상,2.0,2.0,23.1,11.4,22.6,0.0,0.0,48.0,서북서,3.5,1010.3
2024-06-01,14:00,맑음,20 이상,2.0,2.0,24.2,9.7,23.0,0.0,0.0,40.0,서북서,3.5,1009.5
2024-06-01,15:00,구름조금,20 이상,4.0,4.0,24.8,8.7,23.2,0.0,0.0,36.0,서,3.9,1009.1
2024-06-01,16:00,구름조금,20 이상,3.0,3.0,24.8,11.0,23.8,0.0,0.0,42.0,서,3.9,1008.5
2024-06-01,17:00,맑음,20 이상,1.0,1.0,24.5,11.7,23.7,0.0,0.0,45.0,남서,3.9,1008.4
2024-06-01,18:00,맑음,20 이상,0.0,0.0,23.8,11.1,23.1,0.0,0.0,45.0,서남서,2.6,1008.2
2024-06-01,19:00,,20 이상,,,22.3,12.2,22.3,0.0,0.0,53.0,서,3.1,1008.4
2024-06-01,20:00,맑음,20 이상,1.0,1.0,20.8,12.4,21.2,0.0,0.0,59.0,서남서,2.3,1008.7
2024-06-01,21:00,맑음,20 이상,2.0,2.0,20.3,12.7,21.0,0.0,0.0,62.0,남남서,3.0,1009.6
2024-06-01,22:00,,20 이상,,,19.8,10.4,20.0,0.0,0.0,55.0,서,3.5,1010.0
2024-06-01,23:00,,20 이상,,,19.3,10.0,19.5,0.0,0.0,55.0,서북서,2.5,1010.7
2024-06-02,06:00,맑음,20 이상,0.0,0.0,15.7,10.2,16.9,,0.0,70.0,서북서,1.7,1010.7
2024-06-02,07:00,맑음,20 이상,0.0,0.0,16.7,10.7,17.8,,0.0,68.0,서북서,1.8,1010.8
2024-06-02,08:00,맑음,20 이상,0.0,0.0,18.3,10.6,18.9,,0.0,61.0,서북서,1.9,1010.6
2024-06-02,09:00,맑음,20 이상,0.0,0.0,20.3,10.1,20.2,,0.0,52.0,서남서,1.8,1010.2
2024-06-02,10:00,맑음,20 이상,0.0,0.0,21.6,8.4,20.8,,0.0,43.0,서북서,4.3,1010.0
2024-06-02,11:00,맑음,20 이상,0.0,0.0,23.1,9.4,22.1,,0.0,42.0,서,2.3,1009.6
2024-06-02,12:00,맑음,20 이상,1.0,1.0,23.8,9.3,22.6,,0.0,40.0,서북서,3.4,1009.2
2024-06-02,13:00,맑음,20 이상,2.0,2.0,25.0,9.6,23.6,,0.0,38.0,서남서,4.4,1008.6
2024-06-02,14:00,구름조금,20 이상,3.0,3.0,25.1,9.7,23.7,,0.0,38.0,북서,3.8,1008.2
2024-06-02,15:00,구름많음,20 이상,7.0,7.0,24.5,10.0,23.3,,0.0,40.0,북서,3.8,1007.8
2024-06-02,16:00,구름조금,20 이상,4.0,4.0,25.4,11.1,24.2,,0.0,41.0,서북서,4.4,1007.8
2024-06-02,17:00,구름많음,20 이상,6.0,2.0,25.2,10.2,23.9,,0.0,39.0,서남서,4.1,1007.8
2024-06-02,18:00,맑음,20 이상,2.0,1.0,23.9,10.5,23.0,,0.0,43.0,서,4.5,1007.7
2024-06-02,19:00,,20 이상,,,22.8,10.8,22.3,,0.0,47.0,서,3.0,1008.3
2024-06-02,20:00,,20 이상,,,21.4,8.9,20.8,,0.0,45.0,북서,2.3,1009.0
2024-06-02,21:00,맑음,20 이상,0.0,0.0,20.2,8.5,19.8,,0.0,47.0,서,1.4,1009.5
2024-06-02,22:00,,20 이상,,,19.7,8.3,19.4,,0.0,48.0,서북서,1.1,1009.8
2024-06-02,23:00,,20 이상,,,18.9,8.8,18.9,,0.0,52.0,북,0.7,1009.8
2024-06-03,06:00,맑음,20 이상,0.0,0.0,16.0,12.3,17.8,,0.0,79.0,북동,2.2,1010.5
2024-06-03,07:00,맑음,20 이상,0.0,0.0,17.3,11.9,18.6,,0.0,71.0,북동,2.4,1011.0
2024-06-03,08:00,맑음,20 이상,0.0,0.0,19.6,11.3,20.1,,0.0,59.0,동,2.6,1011.0
2024-06-03,09:00,맑음,20 이상,0.0,0.0,21.4,11.1,21.3,,0.0,52.0,북동,2.6,1011.0
2024-06-03,10:00,맑음,20 이상,0.0,0.0,23.0,10.0,22.2,,0.0,44.0,북동,2.7,1010.8
2024-06-03,11:00,맑음,20 이상,0.0,0.0,24.4,9.5,23.1,,0.0,39.0,동북동,2.3,1010.7
2024-06-03,12:00,맑음,20 이상,0.0,0.0,25.4,8.8,23.7,,0.0,35.0,북동,2.6,1010.1
2024-06-03,13:00,맑음,20 이상,0.0,0.0,26.4,9.2,24.5,,0.0,34.0,북북서,2.8,1009.6
2024-06-03,14:00,맑음,20 이상,0.0,0.0,27.4,9.2,25.2,,0.0,32.0,동,2.3,1009.1
2024-06-03,15:00,구름조금,20 이상,5.0,5.0,28.2,10.3,26.1,,0.0,33.0,북북동,3.7,1008.8
2024-06-03,16:00,구름많음,20 이상,6.0,6.0,28.5,10.1,26.2,,0.0,32.0,서,1.2,1008.5
2024-06-03,17:00,구름많음,20 이상,7.0,7.0,27.2,10.8,25.4,,0.0,36.0,북동,2.6,1008.6
2024-06-03,18:00,구름조금,20 이상,3.0,3.0,26.6,9.8,24.8,,0.0,35.0,북,1.9,1008.8
2024-06-03,19:00,,20 이상,,,26.1,9.4,24.3,,0.0,35.0,북동,3.0,1009.5
2024-06-03,20:00,,20 이상,,,24.4,7.5,22.6,,0.0,34.0,북동,3.9,1010.3
2024-06-03,21:00,맑음,20 이상,0.0,0.0,23.2,6.4,21.5,,0.0,34.0,동북동,3.6,1011.3
2024-06-03,22:00,,20 이상,,,22.1,5.9,20.6,,0.0,35.0,동북동,3.4,1012.1
2024-06-03,23:00,,20 이상,,,21.1,5.4,19.7,,0.0,36.0,북동,3.2,1012.8
2024-06-04,06:00,맑음,20 이상,0.0,0.0,16.3,7.2,16.6,,0.0,55.0,북동,1.4,1015.3
2024-06-04,07:00,맑음,20 이상,0.0,0.0,17.9,8.1,18.0,,0.0,53.0,북동,2.3,1015.7
2024-06-04,08:00,맑음,20 이상,0.0,0.0,20.2,9.4,20.0,,0.0,50.0,동북동,2.9,1016.0
2024-06-04,09:00,맑음,20 이상,0.0,0.0,22.3,10.1,21.7,,0.0,46.0,동북동,2.1,1016.1
2024-06-04,10:00,맑음,20 이상,0.0,0.0,23.9,9.4,22.7,,0.0,40.0,동,1.5,1015.9
2024-06-04,11:00,맑음,20 이상,0.0,0.0,25.6,8.1,23.6,,0.0,33.0,북동,1.7,1015.7
2024-06-04,12:00,맑음,20 이상,0.0,0.0,26.3,8.7,24.3,,0.0,33.0,북동,2.2,1015.0
2024-06-04,13:00,맑음,20 이상,0.0,0.0,27.6,9.4,25.4,,0.0,32.0,동,1.7,1014.4
2024-06-04,14:00,맑음,20 이상,0.0,0.0,28.3,9.0,25.8,,0.0,30.0,서,2.4,1014.2
2024-06-04,15:00,맑음,20 이상,1.0,1.0,28.5,9.2,26.0,,0.0,30.0,서남서,3.3,1013.8
2024-06-04,16:00,맑음,20 이상,1.0,1.0,29.1,10.2,26.7,,0.0,31.0,서남서,2.7,1013.6
2024-06-04,17:00,맑음,20 이상,1.0,1.0,28.6,11.6,26.7,,0.0,35.0,서남서,3.4,1013.7
2024-06-04,18:00,맑음,20 이상,0.0,0.0,27.7,11.2,25.9,,0.0,36.0,서,3.5,1014.0
2024-06-04,19:00,,20 이상,,,25.8,10.3,24.3,,0.0,38.0,서,3.6,1014.4
2024-06-04,20:00,,20 이상,,,23.7,9.2,22.5,,0.0,40.0,남,1.7,1014.8
2024-06-04,21:00,맑음,20 이상,0.0,0.0,22.6,9.0,21.7,,0.0,42.0,서남서,2.6,1015.9
2024-06-04,22:00,,20 이상,,,21.8,9.3,21.1,,0.0,45.0,서남서,1.4,1016.8
2024-06-04,23:00,,20 이상,,,21.1,9.3,20.6,,0.0,47.0,남서,1.3,1017.2
2024-06-05,06:00,맑음,20 이상,0.0,0.0,18.1,11.6,19.0,,0.0,66.0,북북동,0.9,1018.1
2024-06-05,07:00,맑음,20 이상,0.0,0.0,19.0,11.7,19.7,,0.0,63.0,북북동,1.4,1018.3
2024-06-05,08:00,맑음,20 이상,0.0,0.0,21.8,12.3,21.9,,0.0,55.0,북북동,1.4,1018.5
2024-06-05,09:00,맑음,20 이상,1.0,0.0,24.1,13.6,23.9,,0.0,52.0,북동,2.0,1018.5
2024-06-05,10:00,구름조금,16.9,5.0,0.0,25.2,13.4,24.7,,0.0,48.0,서남서,2.2,1018.3
2024-06-05,11:00,구름많음,11.7,7.0,0.0,26.9,14.6,26.2,,0.0,47.0,남서,2.3,1017.8
2024-06-05,12:00,구름많음,13.6,8.0,0.0,28.0,14.2,26.9,,0.0,43.0,서북서,2.3,1017.4
2024-06-05,13:00,구름많음,16.0,8.0,1.0,29.6,15.3,28.4,,0.0,42.0,북북서,1.8,1016.6
2024-06-05,14:00,구름많음,18.5,8.0,1.0,30.0,14.1,28.3,,0.0,38.0,남남서,2.4,1016.1
2024-06-05,15:00,흐림,19.5,9.0,2.0,29.5,13.6,27.8,,0.0,38.0,서북서,2.6,1015.8
2024-06-05,16:00,흐림,16.8,9.0,1.0,28.7,15.9,27.9,,0.0,46.0,서남서,3.8,1015.7
2024-06-05,17:00,흐림,20 이상,9.0,0.0,27.7,16.0,27.2,,0.0,49.0,서북서,3.5,1015.6
2024-06-05,18:00,흐림,20 이상,9.0,0.0,26.2,16.1,26.2,,0.0,54.0,서,2.3,1015.9
2024-06-05,19:00,,20 이상,,,25.0,14.7,24.9,,0.0,53.0,서,2.0,1016.3
2024-06-05,20:00,,20 이상,,,23.5,13.0,23.4,,0.0,52.0,서,2.0,1016.6
2024-06-05,21:00,구름많음,20 이상,8.0,0.0,22.6,12.8,22.6,,0.0,54.0,남서,0.8,1017.3
2024-06-05,22:00,,20 이상,,,21.8,13.6,22.3,,0.0,60.0,남서,2.2,1017.7
2024-06-05,23:00,,20 이상,,,21.4,14.3,22.2,,0.0,64.0,서남서,2.5,1017.5
2024-06-06,06:00,흐림,20 이상,9.0,0.0,19.4,13.3,20.5,,0.0,68.0,서,1.0,1017.3
2024-06-06,07:00,구름많음,20 이상,8.0,0.0,19.7,13.3,20.7,,0.0,67.0,북,0.6,1017.4
2024-06-06,08:00,구름많음,20 이상,7.0,0.0,21.8,14.4,22.5,,0.0,63.0,북동,1.3,1017.4
2024-06-06,09:00,맑음,11.9,1.0,0.0,23.6,15.1,24.0,,0.0,59.0,동,1.0,1017.4
2024-06-06,10:00,연무,9.8,2.0,0.0,25.7,15.6,25.7,,0.0,54.0,남남서,1.7,1017.0
2024-06-06,11:00,맑음,10.3,1.0,0.0,27.4,15.7,26.9,,0.0,49.0,남남동,2.3,1016.8
2024-06-06,12:00,구름조금,12.7,3.0,1.0,28.2,15.4,27.4,,0.0,46.0,동남동,1.6,1016.2
2024-06-06,13:00,구름조금,19.8,4.0,3.0,30.1,15.0,28.6,,0.0,40.0,남,2.3,1015.3
2024-06-06,14:00,구름조금,15.8,4.0,3.0,29.4,14.3,28.0,,0.0,40.0,북북동,2.5,1014.3
2024-06-06,15:00,구름조금,19.7,3.0,3.0,30.6,14.2,28.8,,0.0,37.0,남남동,1.7,1013.7
2024-06-06,16:00,구름조금,20 이상,3.0,3.0,30.9,13.6,28.8,,0.0,35.0,남,3.6,1013.1
2024-06-06,17:00,구름조금,11.7,4.0,4.0,29.8,16.2,28.8,,0.0,44.0,남남서,3.1,1013.0
2024-06-06,18:00,구름조금,14.0,4.0,4.0,26.8,16.4,26.7,,0.0,53.0,서,4.2,1013.3
2024-06-06,19:00,천둥번개 끝,17.6,1.0,1.0,26.0,15.3,25.8,,0.0,52.0,서남서,3.2,1013.6
2024-06-06,20:00,,19.6,,,24.8,14.5,24.7,,0.0,53.0,서남서,3.1,1014.1
2024-06-06,21:00,맑음,20 이상,0.0,0.0,23.4,13.5,23.4,,0.0,54.0,서,3.5,1015.2
2024-06-06,22:00,,20 이상,,,22.1,12.0,22.1,,0.0,53.0,서,2.3,1015.5
2024-06-06,23:00,,20 이상,,,21.4,11.1,21.3,,0.0,52.0,서남서,2.5,1015.7
2024-06-07,06:00,구름많음,15.5,7.0,0.0,18.3,12.7,19.5,,0.0,70.0,남서,0.5,1015.3
2024-06-07,07:00,구름많음,17.2,8.0,0.0,19.3,13.2,20.4,,0.0,68.0,정온,0.4,1015.2
2024-06-07,08:00,구름많음,20 이상,7.0,0.0,20.7,12.9,21.3,,0.0,61.0,서,0.8,1015.2
2024-06-07,09:00,구름많음,19.8,7.0,0.0,22.4,13.4,22.7,,0.0,57.0,서,1.9,1015.0
2024-06-07,10:00,구름많음,20 이상,8.0,0.0,23.9,13.1,23.7,,0.0,51.0,서,1.9,1014.5
2024-06-07,11:00,흐림,20 이상,9.0,0.0,25.0,12.8,24.4,,0.0,47.0,서북서,1.7,1013.7
2024-06-07,12:00,흐림,20 이상,9.0,1.0,25.9,12.7,25.0,,0.0,44.0,서,2.2,1013.5
2024-06-07,13:00,흐림,17.9,9.0,0.0,26.3,12.7,25.3,,0.0,43.0,북서,2.0,1012.8
2024-06-07,14:00,흐림,16.5,9.0,0.0,27.1,13.0,26.0,,0.0,42.0,서,1.9,1011.9
2024-06-07,15:00,흐림,19.1,9.0,0.0,27.7,13.6,26.5,,0.0,42.0,남서,3.1,1011.4
2024-06-07,16:00,흐림,20 이상,9.0,0.0,27.6,13.1,26.3,,0.0,41.0,서북서,1.9,1010.7
2024-06-07,17:00,흐림,20 이상,9.0,0.0,27.6,13.5,26.4,,0.0,42.0,서남서,2.7,1010.1
2024-06-07,18:00,구름많음,20 이상,8.0,1.0,27.6,13.5,26.4,,0.0,42.0,서남서,1.9,1010.0
2024-06-07,19:00,,20 이상,,,25.7,14.4,25.3,,0.0,50.0,서북서,3.4,1010.5
2024-06-07,20:00,약한 비 단속적,20 이상,10.0,4.0,24.1,12.7,23.7,0.0,0.0,49.0,서,2.6,1010.9
2024-06-07,21:00,약한 비 단속적,20 이상,10.0,5.0,23.3,13.1,23.2,0.0,0.0,53.0,남남서,1.9,1011.4
2024-06-07,22:00,약한 비 단속적,20 이상,10.0,5.0,22.4,14.2,22.9,0.0,0.0,60.0,서,2.4,1011.7
2024-06-07,23:00,약한 비 단속적,20 이상,10.0,4.0,22.0,13.0,22.3,0.0,0.0,57.0,서,2.0,1011.7
2024-06-08,06:00,약한 비 단속적,7.6,10.0,7.0,18.0,15.6,20.2,0.5,0.0,86.0,북동,2.2,1010.0
2024-06-08,07:00,약한 비 단속적,2.8,10.0,7.0,17.9,16.0,20.3,1.1,0.0,89.0,북동,1.8,1010.0
2024-06-08,08:00,약한 비 단속적,2.8,10.0,7.0,18.2,16.5,20.7,1.4,0.0,90.0,동북동,1.4,1009.7
2024-06-08,09:00,약한 비 연속적,2.5,10.0,8.0,18.1,16.6,20.6,3.8,0.0,91.0,동,1.1,1009.7
2024-06-08,10:00,보통 비 연속적,1.2,10.0,8.0,18.2,17.0,20.9,16.1,0.0,93.0,북동,0.9,1009.5
2024-06-08,11:00,약한 비 단속적,3.9,10.0,7.0,18.9,17.5,21.5,16.6,0.0,92.0,동,0.6,1009.4
2024-06-08,12:00,비 끝,8.0,10.0,7.0,19.5,17.6,22.0,16.9,0.0,89.0,남,1.0,1009.2
2024-06-08,13:00,박무,6.9,9.0,9.0,20.5,18.0,22.8,16.9,0.0,86.0,남,1.6,1008.6
2024-06-08,14:00,흐림,10.2,9.0,9.0,21.9,18.4,23.9,16.9,0.0,81.0,남,3.0,1007.9
2024-06-08,15:00,구름많음,11.3,8.0,8.0,23.1,18.4,24.7,16.9,0.0,75.0,북서,2.3,1007.2
2024-06-08,16:00,구름조금,20 이상,5.0,5.0,24.2,18.1,25.3,16.9,0.0,69.0,서북서,3.2,1006.9
2024-06-08,17:00,구름조금,20 이상,4.0,4.0,24.2,16.1,24.7,16.9,0.0,61.0,남남서,3.1,1006.7
2024-06-08,18:00,구름조금,20 이상,3.0,3.0,24.0,15.7,24.5,16.9,0.0,60.0,서남서,3.3,1006.7
2024-06-08,19:00,,20 이상,,,23.2,16.0,24.0,16.9,0.0,64.0,서남서,2.6,1006.9
2024-06-08,20:00,,20 이상,,,22.0,16.7,23.4,16.9,0.0,72.0,서남서,1.7,1007.3
2024-06-08,21:00,맑음,20 이상,2.0,0.0,21.2,16.7,22.8,16.9,0.0,76.0,서북서,1.3,1007.3
2024-06-08,22:00,,17.6,,,20.6,16.8,22.4,16.9,0.0,79.0,서,1.9,1008.0
2024-06-08,23:00,,14.1,,,20.2,16.6,22.1,16.9,0.0,80.0,북서,0.5,1007.9
2024-06-09,06:00,박무,6.3,8.0,0.0,17.4,15.9,19.9,,0.0,91.0,북동,2.0,1008.2
2024-06-09,07:00,박무,9.2,8.0,0.0,18.2,16.7,20.7,,0.0,91.0,북북동,1.7,1008.4
2024-06-09,08:00,구름많음,11.4,8.0,1.0,20.3,17.5,22.4,,0.0,84.0,동남동,0.6,1008.4
2024-06-09,09:00,구름많음,18.5,7.0,1.0,22.2,17.1,23.6,,0.0,73.0,남,1.0,1008.2
2024-06-09,10:00,구름많음,17.1,7.0,1.0,23.8,17.5,24.9,,0.0,68.0,남남서,1.9,1007.9
2024-06-09,11:00,구름많음,16.9,6.0,0.0,25.3,17.2,25.8,,0.0,61.0,남,2.3,1007.8
2024-06-09,12:00,구름많음,20 이상,8.0,0.0,26.0,16.2,26.0,,0.0,55.0,서남서,2.3,1007.6
2024-06-09,13:00,구름많음,20 이상,8.0,0.0,26.8,15.4,26.4,,0.0,50.0,남서,2.1,1007.2
2024-06-09,14:00,구름많음,20 이상,8.0,0.0,27.8,16.7,27.5,,0.0,51.0,서,2.1,1006.7
2024-06-09,15:00,구름조금,16.7,5.0,1.0,28.8,17.0,28.3,,0.0,49.0,서남서,2.8,1006.5
2024-06-09,16:00,구름조금,13.0,4.0,0.0,28.5,16.7,28.0,,0.0,49.0,서,4.1,1006.4
2024-06-09,17:00,구름조금,20 이상,3.0,0.0,27.4,16.6,27.2,,0.0,52.0,서,4.0,1006.6
2024-06-09,18:00,맑음,20 이상,2.0,0.0,26.8,16.1,26.6,,0.0,52.0,서,3.0,1006.5
2024-06-09,19:00,,20 이상,,,25.3,16.9,25.8,,0.0,60.0,서북서,2.2,1006.8
2024-06-09,20:00,,20 이상,,,23.4,16.4,24.3,,0.0,65.0,서,2.1,1007.1
2024-06-09,21:00,맑음,16.9,1.0,1.0,22.8,16.5,23.9,,0.0,68.0,서북서,2.1,1008.0
2024-06-09,22:00,,11.9,,,22.0,16.0,23.1,,0.0,69.0,서,1.7,1008.5
2024-06-09,23:00,,10.9,,,21.4,16.1,22.7,,0.0,72.0,서,1.8,1008.4
2024-06-10,06:00,박무,5.7,0.0,0.0,19.0,16.4,21.2,,0.0,85.0,북북동,1.7,1008.8
2024-06-10,07:00,박무,6.9,0.0,0.0,20.0,17.0,22.1,,0.0,83.0,북동,1.6,1008.7
2024-06-10,08:00,맑음,12.3,0.0,0.0,22.0,17.3,23.6,,0.0,75.0,동,1.1,1008.5
2024-06-10,09:00,맑음,15.3,0.0,0.0,23.8,16.5,24.6,,0.0,64.0,남남동,1.7,1007.8
2024-06-10,10:00,맑음,20 이상,1.0,0.0,25.6,15.3,25.5,,0.0,53.0,남,2.4,1007.2
2024-06-10,11:00,맑음,17.7,2.0,0.0,26.9,16.2,26.7,,0.0,52.0,남서,2.7,1006.8
2024-06-10,12:00,맑음,15.0,0.0,0.0,28.3,17.4,28.1,,0.0,52.0,남남서,2.2,1006.1
2024-06-10,13:00,맑음,16.9,0.0,0.0,29.5,17.3,28.9,,0.0,48.0,남남서,2.9,1005.4
2024-06-10,14:00,맑음,16.7,0.0,0.0,30.5,17.5,29.6,,0.0,46.0,서남서,3.3,1004.9
2024-06-10,15:00,맑음,17.1,2.0,0.0,30.9,17.2,29.8,,0.0,44.0,서,3.4,1004.6
2024-06-10,16:00,구름조금,15.5,5.0,2.0,29.6,18.3,29.2,,0.0,51.0,서,4.2,1004.7
2024-06-10,17:00,맑음,15.2,0.0,0.0,29.8,18.5,29.4,,0.0,51.0,남서,4.3,1004.2
2024-06-10,18:00,맑음,15.4,0.0,0.0,28.6,18.3,28.5,,0.0,54.0,남남서,3.7,1004.3
2024-06-10,19:00,,13.7,,,26.8,18.9,27.4,,0.0,62.0,서,3.6,1005.3
2024-06-10,20:00,,10.1,,,24.5,18.8,25.8,,0.0,71.0,서남서,2.9,1005.7
2024-06-10,21:00,연무,8.8,0.0,0.0,23.8,19.0,25.4,,0.0,75.0,서,2.8,1006.1
2024-06-10,22:00,맑음,7.1,0.0,0.0,23.2,19.1,25.0,,0.0,78.0,서,2.1,1006.9
2024-06-10,23:00,맑음,6.9,1.0,1.0,22.9,19.2,24.8,,0.0,80.0,서,2.1,1007.5
2024-06-11,06:00,박무,5.9,8.0,8.0,22.0,17.7,23.7,,0.0,77.0,남동,1.3,1008.1
2024-06-11,07:00,박무,5.8,9.0,9.0,22.2,17.7,23.8,,0.0,76.0,남남동,2.6,1008.3
2024-06-11,08:00,박무,5.1,8.0,8.0,23.2,18.0,24.6,,0.0,73.0,동남동,2.2,1008.2
2024-06-11,09:00,연무,6.1,8.0,8.0,24.8,18.4,25.9,,0.0,68.0,동남동,1.5,1008.1
2024-06-11,10:00,연무,6.1,4.0,0.0,25.5,18.1,26.3,,0.0,64.0,남,2.7,1007.8
2024-06-11,11:00,연무,7.0,1.0,0.0,26.9,17.9,27.2,,0.0,58.0,남남동,1.6,1006.8
2024-06-11,12:00,연무,7.7,0.0,0.0,28.5,17.9,28.3,,0.0,53.0,서남서,2.1,1006.4
2024-06-11,13:00,연무,8.2,0.0,0.0,29.7,18.4,29.3,,0.0,51.0,남,3.3,1005.7
2024-06-11,14:00,연무,8.5,0.0,0.0,30.6,19.3,30.2,,0.0,51.0,남서,2.7,1005.3
2024-06-11,15:00,맑음,11.1,0.0,0.0,31.2,19.2,30.6,,0.0,49.0,서남서,3.9,1005.1
2024-06-11,16:00,맑음,18.0,0.0,0.0,31.4,19.0,30.7,,0.0,48.0,남서,2.8,1004.9
2024-06-11,17:00,구름많음,20 이상,6.0,0.0,29.7,15.0,28.3,,0.0,41.0,서남서,4.3,1005.0
2024-06-11,18:00,구름많음,20 이상,7.0,0.0,28.9,15.0,27.8,,0.0,43.0,남남서,3.0,1005.2
2024-06-11,19:00,,20 이상,,,26.7,16.0,26.5,,0.0,52.0,서,2.9,1005.7
2024-06-11,20:00,,20 이상,,,25.2,16.3,25.5,,0.0,58.0,서,2.9,1006.0
2024-06-11,21:00,구름많음,20 이상,7.0,0.0,23.9,15.9,24.4,,0.0,61.0,서,2.8,1006.6
2024-06-11,22:00,,20 이상,,,23.0,16.2,23.9,,0.0,66.0,서,1.6,1006.7
2024-06-11,23:00,,20 이상,,,22.3,15.8,23.3,,0.0,67.0,서북서,1.6,1006.5
2024-06-12,06:00,구름많음,14.1,8.0,2.0,19.6,16.0,21.5,,0.0,80.0,서북서,2.2,1008.3
2024-06-12,07:00,구름많음,13.2,8.0,0.0,19.9,16.7,21.9,,0.0,82.0,서,1.4,1008.1
2024-06-12,08:00,구름많음,20 이상,8.0,0.0,21.9,16.8,23.3,,0.0,73.0,동남동,1.6,1006.8
2024-06-12,09:00,구름많음,20 이상,7.0,0.0,24.2,16.4,24.8,,0.0,62.0,동,1.6,1006.3
2024-06-12,10:00,구름많음,20 이상,6.0,0.0,26.0,14.7,25.6,,0.0,50.0,남남동,2.4,1005.8
2024-06-12,11:00,구름조금,20 이상,3.0,0.0,27.9,15.8,27.3,,0.0,48.0,서남서,2.0,1005.3
2024-06-12,12:00,맑음,20 이상,1.0,0.0,29.3,15.0,28.1,,0.0,42.0,서남서,1.9,1004.5
2024-06-12,13:00,맑음,20 이상,2.0,0.0,30.6,15.0,29.0,,0.0,39.0,서남서,1.7,1004.0
2024-06-12,14:00,맑음,20 이상,0.0,0.0,31.5,15.4,29.7,,0.0,38.0,서,2.6,1003.7
2024-06-12,15:00,맑음,16.2,2.0,0.0,30.9,16.8,29.7,,0.0,43.0,서,3.8,1003.8
2024-06-12,16:00,구름많음,20 이상,6.0,0.0,30.0,16.0,28.8,,0.0,43.0,서,3.4,1003.7
2024-06-12,17:00,구름많음,20 이상,7.0,0.0,28.7,15.2,27.7,,0.0,44.0,서,3.9,1003.6
2024-06-12,18:00,구름조금,20 이상,5.0,1.0,28.0,16.6,27.6,,0.0,50.0,서북서,3.3,1004.2
2024-06-12,19:00,,20 이상,,,25.3,15.8,25.4,,0.0,56.0,서남서,3.8,1004.6
2024-06-12,20:00,,20 이상,,,24.2,16.7,24.9,,0.0,63.0,서북서,2.7,1004.6
2024-06-12,21:00,구름조금,20 이상,4.0,2.0,23.4,16.4,24.3,,0.0,65.0,서남서,2.4,1004.6
2024-06-12,22:00,,20 이상,,,22.8,15.8,23.7,,0.0,65.0,서,1.8,1004.7
2024-06-12,23:00,,20 이상,,,22.5,15.8,23.4,,0.0,66.0,서,1.4,1004.9
2024-06-13,06:00,구름조금,20 이상,4.0,0.0,20.1,14.6,21.4,,0.0,71.0,북,1.2,1005.5
2024-06-13,07:00,맑음,20 이상,2.0,0.0,21.1,15.8,22.4,,0.0,72.0,북북동,1.9,1005.2
2024-06-13,08:00,맑음,18.9,0.0,0.0,23.3,16.5,24.2,,0.0,66.0,북북동,1.8,1004.8
2024-06-13,09:00,맑음,19.6,0.0,0.0,25.6,16.9,26.0,,0.0,59.0,동,0.8,1004.4
2024-06-13,10:00,맑음,18.5,0.0,0.0,27.5,17.0,27.4,,0.0,53.0,북,1.2,1004.5
2024-06-13,11:00,맑음,20 이상,1.0,0.0,29.1,16.2,28.3,,0.0,46.0,서북서,2.1,1004.5
2024-06-13,12:00,맑음,20 이상,0.0,0.0,30.6,15.8,29.2,,0.0,41.0,남서,2.5,1004.4
2024-06-13,13:00,맑음,20 이상,0.0,0.0,31.5,12.8,29.0,,0.0,32.0,남남서,3.5,1004.0
2024-06-13,14:00,맑음,20 이상,1.0,0.0,32.2,15.2,30.2,,0.0,36.0,서,3.0,1003.7
2024-06-13,15:00,맑음,20 이상,0.0,0.0,32.3,16.1,30.5,,0.0,38.0,서,2.5,1003.2
2024-06-13,16:00,맑음,20 이상,0.0,0.0,32.6,14.2,30.2,,0.0,33.0,서남서,3.2,1002.9
2024-06-13,17:00,맑음,20 이상,0.0,0.0,31.8,14.4,29.7,,0.0,35.0,서,3.8,1003.1
2024-06-13,18:00,맑음,20 이상,0.0,0.0,31.0,14.5,29.2,,0.0,37.0,서,3.2,1003.0
2024-06-13,19:00,,20 이상,,,29.6,15.6,28.5,,0.0,43.0,서,2.7,1003.4
2024-06-13,20:00,,20 이상,,,27.8,14.0,26.7,,0.0,43.0,서,1.7,1003.8
2024-06-13,21:00,맑음,20 이상,0.0,0.0,26.5,14.2,25.8,,0.0,47.0,서,2.0,1004.1
2024-06-13,22:00,,20 이상,,,25.6,14.7,25.3,,0.0,51.0,서남서,2.1,1004.1
2024-06-13,23:00,,20 이상,,,24.9,14.6,24.8,,0.0,53.0,서북서,1.2,1004.3
2024-06-14,06:00,구름많음,20 이상,7.0,2.0,21.6,16.3,22.9,,0.0,72.0,서북서,1.7,1006.1
2024-06-14,07:00,구름많음,20 이상,8.0,0.0,22.4,16.6,23.6,,0.0,70.0,동남동,0.5,1006.6
2024-06-14,08:00,구름조금,20 이상,4.0,0.0,24.1,17.3,25.0,,0.0,66.0,서남서,0.9,1006.3
2024-06-14,09:00,맑음,20 이상,2.0,0.0,26.5,17.5,26.8,,0.0,58.0,동남동,1.4,1005.7
2024-06-14,10:00,구름조금,20 이상,3.0,0.0,28.7,15.9,27.9,,0.0,46.0,북동,2.2,1004.9
2024-06-14,11:00,구름조금,20 이상,3.0,0.0,30.2,14.7,28.6,,0.0,39.0,남동,2.5,1004.2
2024-06-14,12:00,구름많음,20 이상,6.0,0.0,31.6,14.2,29.5,,0.0,35.0,남남동,2.7,1003.6
2024-06-14,13:00,구름많음,20 이상,8.0,0.0,31.9,16.2,30.2,,0.0,39.0,남남서,2.8,1003.2
2024-06-14,14:00,구름많음,20 이상,8.0,0.0,32.6,16.4,30.8,,0.0,38.0,남남서,2.7,1002.8
2024-06-14,15:00,구름조금,18.3,5.0,0.0,32.3,18.1,31.1,,0.0,43.0,서,3.8,1003.1
2024-06-14,16:00,구름많음,20 이상,6.0,3.0,31.1,14.6,29.2,,0.0,37.0,서,5.5,1003.4
2024-06-14,17:00,구름많음,20 이상,6.0,4.0,28.3,15.9,27.6,,0.0,47.0,서남서,4.4,1004.0
2024-06-14,18:00,흐림,20 이상,9.0,6.0,27.3,17.4,27.3,,0.0,55.0,서남서,3.4,1003.9
2024-06-14,19:00,,20 이상,,,26.2,16.4,26.2,,0.0,55.0,서남서,2.9,1003.9
2024-06-14,20:00,,20 이상,,,25.5,16.3,25.7,,0.0,57.0,서,2.1,1004.1
2024-06-14,21:00,구름많음,20 이상,7.0,3.0,24.9,16.5,25.4,,0.0,60.0,서,2.3,1004.4
2024-06-14,22:00,,18.0,,,24.3,17.7,25.3,,0.0,67.0,서,1.9,1005.1
2024-06-14,23:00,,18.4,,,24.0,17.2,24.9,,0.0,66.0,서북서,1.7,1005.5
2024-06-15,06:00,약한 비 연속적,6.3,10.0,7.0,21.9,19.2,24.1,5.4,0.0,85.0,서,0.8,1004.5
2024-06-15,07:00,비 끝,9.5,9.0,7.0,22.0,19.3,24.2,5.7,0.0,85.0,남동,0.9,1004.1
2024-06-15,08:00,박무,9.3,8.0,6.0,23.1,19.8,25.2,5.7,0.0,82.0,남남동,0.5,1004.5
2024-06-15,09:00,구름많음,10.3,8.0,8.0,23.7,19.6,25.5,5.7,0.0,78.0,서남서,1.4,1004.1
2024-06-15,10:00,박무,9.7,9.0,9.0,24.5,19.9,26.2,5.7,0.0,76.0,서남서,1.7,1003.9
2024-06-15,11:00,흐림,11.3,9.0,8.0,25.0,19.5,26.4,5.7,0.0,72.0,서,1.8,1004.0
2024-06-15,12:00,약한 비 단속적,10.7,10.0,8.0,24.9,19.7,26.4,5.7,0.0,73.0,서북서,2.1,1004.0
2024-06-15,13:00,비 끝,16.0,9.0,2.0,25.0,20.2,26.6,6.1,0.0,75.0,서,1.8,1003.6
2024-06-15,14:00,구름많음,15.4,8.0,5.0,25.9,19.5,27.0,6.1,0.0,68.0,서,2.6,1002.7
2024-06-15,15:00,구름조금,20 이상,5.0,4.0,27.2,18.7,27.6,6.1,0.0,60.0,서,2.8,1001.9
2024-06-15,16:00,구름조금,20 이상,4.0,3.0,28.0,18.3,28.1,6.1,0.0,56.0,서,3.4,1001.4
2024-06-15,17:00,구름조금,20 이상,5.0,2.0,27.9,18.8,28.2,6.1,0.0,58.0,서남서,2.8,1001.1
2024-06-15,18:00,구름많음,20 이상,6.0,2.0,26.8,18.9,27.4,6.1,0.0,62.0,서,3.6,1001.6
2024-06-15,19:00,,20 이상,,,25.6,18.7,26.5,6.1,0.0,66.0,서남서,2.3,1002.0
2024-06-15,20:00,,20 이상,,,24.6,18.7,25.8,6.1,0.0,70.0,서,2.5,1002.5
2024-06-15,21:00,구름조금,20 이상,3.0,3.0,23.8,18.2,25.1,6.1,0.0,71.0,서남서,2.4,1002.7
2024-06-15,22:00,,20 이상,,,23.1,18.4,24.7,6.1,0.0,75.0,서,2.3,1003.4
2024-06-15,23:00,,19.2,,,22.5,18.2,24.2,6.1,0.0,77.0,서,1.9,1003.8
2024-06-16,06:00,맑음,16.5,0.0,0.0,19.9,17.1,22.0,,0.0,84.0,서,1.9,1005.3
2024-06-16,07:00,맑음,20 이상,0.0,0.0,20.7,16.5,22.4,,0.0,77.0,서북서,2.4,1006.0
2024-06-16,08:00,맑음,20 이상,0.0,0.0,22.1,16.3,23.3,,0.0,70.0,서,2.9,1006.0
2024-06-16,09:00,맑음,20 이상,0.0,0.0,23.4,16.4,24.3,,0.0,65.0,서,2.9,1006.2
2024-06-16,10:00,맑음,20 이상,0.0,0.0,24.8,15.4,24.9,,0.0,56.0,서북서,2.3,1005.9
2024-06-16,11:00,맑음,20 이상,2.0,2.0,26.2,13.9,25.6,,0.0,47.0,서북서,3.7,1006.1
2024-06-16,12:00,맑음,20 이상,0.0,0.0,27.4,13.3,26.2,,0.0,42.0,북서,3.4,1005.6
2024-06-16,13:00,맑음,20 이상,0.0,0.0,28.1,14.0,26.9,,0.0,42.0,서,3.3,1005.3
2024-06-16,14:00,구름조금,20 이상,3.0,3.0,28.9,14.3,27.6,,0.0,41.0,서,3.6,1005.1
2024-06-16,15:00,구름조금,20 이상,3.0,3.0,29.1,14.8,27.9,,0.0,42.0,서,3.3,1004.9
2024-06-16,16:00,맑음,20 이상,1.0,1.0,29.0,16.2,28.2,,0.0,46.0,남서,4.9,1004.9
2024-06-16,17:00,맑음,20 이상,0.0,0.0,28.8,14.6,27.6,,0.0,42.0,서,4.1,1004.9
2024-06-16,18:00,맑음,20 이상,0.0,0.0,27.9,14.1,26.8,,0.0,43.0,서북서,4.2,1005.5
2024-06-16,19:00,,20 이상,,,26.4,14.1,25.7,,0.0,47.0,남서,4.3,1006.4
2024-06-16,20:00,,20 이상,,,24.9,13.4,24.5,,0.0,49.0,남서,2.5,1007.0
2024-06-16,21:00,맑음,20 이상,0.0,0.0,23.8,12.4,23.4,,0.0,49.0,남서,2.7,1007.7
2024-06-16,22:00,,20 이상,,,23.0,11.7,22.6,,0.0,49.0,남서,2.4,1008.3
2024-06-16,23:00,,20 이상,,,22.2,12.1,22.2,,0.0,53.0,서남서,1.9,1008.4
2024-06-17,06:00,맑음,20 이상,2.0,0.0,18.9,13.7,20.2,,0.0,72.0,북북동,0.8,1009.3
2024-06-17,07:00,구름조금,20 이상,3.0,0.0,20.1,14.0,21.2,,0.0,68.0,동북동,0.6,1009.1
2024-06-17,08:00,구름조금,20 이상,5.0,0.0,22.5,14.5,23.1,,0.0,61.0,동북동,0.6,1009.1
2024-06-17,09:00,구름많음,20 이상,6.0,0.0,24.7,14.1,24.5,,0.0,52.0,남남동,1.5,1008.7
2024-06-17,10:00,구름많음,20 이상,8.0,0.0,26.0,13.8,25.4,,0.0,47.0,남남서,1.5,1008.0
2024-06-17,11:00,구름많음,20 이상,7.0,0.0,27.5,14.1,26.5,,0.0,44.0,서남서,2.3,1007.7
2024-06-17,12:00,구름많음,20 이상,8.0,0.0,28.8,14.6,27.6,,0.0,42.0,서남서,2.8,1007.3
2024-06-17,13:00,구름많음,20 이상,8.0,0.0,29.9,11.4,27.5,,0.0,32.0,서남서,3.5,1006.5
2024-06-17,14:00,구름많음,20 이상,7.0,0.0,29.6,10.6,27.1,,0.0,31.0,서,4.0,1005.8
2024-06-17,15:00,흐림,20 이상,9.0,0.0,30.0,11.0,27.5,,0.0,31.0,남서,3.8,1006.1
2024-06-17,16:00,구름많음,20 이상,8.0,0.0,30.1,11.5,27.7,,0.0,32.0,서남서,3.3,1005.8
2024-06-17,17:00,구름많음,20 이상,8.0,0.0,29.0,9.6,26.5,,0.0,30.0,서남서,3.3,1005.5
2024-06-17,18:00,구름많음,20 이상,8.0,0.0,28.8,8.4,26.0,,0.0,28.0,서남서,3.3,1005.0
2024-06-17,19:00,,20 이상,,,27.3,9.1,25.1,,0.0,32.0,서남서,3.4,1005.4
2024-06-17,20:00,,20 이상,,,25.8,10.7,24.4,,0.0,39.0,서남서,2.9,1005.7
2024-06-17,21:00,구름조금,20 이상,4.0,0.0,24.7,11.2,23.8,,0.0,43.0,서남서,3.6,1006.0
2024-06-17,22:00,,20 이상,,,23.7,10.7,22.9,,0.0,44.0,서,2.9,1006.6
2024-06-17,23:00,,20 이상,,,23.0,11.7,22.6,,0.0,49.0,서,3.1,1006.5
2024-06-18,06:00,맑음,18.1,0.0,0.0,20.5,17.5,22.6,,0.0,83.0,서북서,1.3,1007.0
2024-06-18,07:00,맑음,13.7,0.0,0.0,21.2,17.2,23.0,,0.0,78.0,남서,0.8,1006.9
2024-06-18,08:00,맑음,15.2,0.0,0.0,23.6,18.2,25.0,,0.0,72.0,동,1.4,1006.9
2024-06-18,09:00,맑음,16.7,0.0,0.0,25.2,18.1,26.1,,0.0,65.0,남남동,1.5,1006.6
2024-06-18,10:00,맑음,18.5,0.0,0.0,27.1,18.6,27.6,,0.0,60.0,남동,1.8,1006.4
2024-06-18,11:00,맑음,20 이상,0.0,0.0,28.4,16.9,28.0,,0.0,50.0,남서,2.4,1006.2
2024-06-18,12:00,맑음,20 이상,0.0,0.0,29.9,17.0,29.0,,0.0,46.0,서남서,2.5,1005.9
2024-06-18,13:00,맑음,17.7,0.0,0.0,31.3,17.5,30.2,,0.0,44.0,서남서,2.6,1005.3
2024-06-18,14:00,맑음,20 이상,0.0,0.0,32.7,18.4,31.5,,0.0,43.0,서남서,2.2,1004.9
2024-06-18,15:00,맑음,20 이상,0.0,0.0,32.6,17.2,31.0,,0.0,40.0,남서,3.1,1004.7
2024-06-18,16:00,맑음,20 이상,0.0,0.0,32.4,16.2,30.6,,0.0,38.0,서남서,3.9,1004.6
2024-06-18,17:00,맑음,20 이상,0.0,0.0,31.9,15.8,30.1,,0.0,38.0,서남서,3.5,1004.7
2024-06-18,18:00,맑음,20 이상,0.0,0.0,30.5,14.9,28.9,,0.0,39.0,서,3.2,1005.0
2024-06-18,19:00,,20 이상,,,28.5,14.3,27.3,,0.0,42.0,서,3.6,1005.7
2024-06-18,20:00,,20 이상,,,26.5,16.7,26.5,,0.0,55.0,남서,2.9,1006.7
2024-06-18,21:00,맑음,20 이상,0.0,0.0,25.0,16.4,25.4,,0.0,59.0,서,3.2,1007.4
2024-06-18,22:00,,20 이상,,,24.4,17.3,25.3,,0.0,65.0,서,2.1,1008.2
2024-06-18,23:00,,20 이상,,,23.8,17.5,24.9,,0.0,68.0,서북서,1.7,1008.3
2024-06-19,06:00,구름조금,14.3,4.0,0.0,21.5,18.2,23.5,,0.0,82.0,정온,0.4,1009.6
2024-06-19,07:00,구름조금,17.6,3.0,0.0,22.7,18.0,24.3,,0.0,75.0,북동,1.7,1009.7
2024-06-19,08:00,구름많음,16.8,6.0,0.0,24.9,18.3,25.9,,0.0,67.0,동북동,1.8,1009.6
2024-06-19,09:00,구름조금,18.3,5.0,0.0,26.8,18.9,27.4,,0.0,62.0,동북동,1.3,1009.4
2024-06-19,10:00,구름많음,18.5,7.0,0.0,28.5,18.2,28.4,,0.0,54.0,동,1.1,1008.9
2024-06-19,11:00,구름많음,20 이상,6.0,0.0,30.5,17.5,29.6,,0.0,46.0,동남동,1.6,1008.4
2024-06-19,12:00,구름조금,20 이상,5.0,0.0,32.3,16.5,30.6,,0.0,39.0,동북동,1.4,1007.8
2024-06-19,13:00,맑음,19.3,2.0,0.0,34.0,17.6,32.1,,0.0,38.0,남남서,2.6,1007.4
2024-06-19,14:00,맑음,19.4,0.0,0.0,34.7,16.5,32.3,,0.0,34.0,남서,1.8,1007.0
2024-06-19,15:00,맑음,19.9,0.0,0.0,35.4,17.1,33.0,,0.0,34.0,남남서,3.0,1006.4
2024-06-19,16:00,맑음,18.7,0.0,0.0,35.6,17.7,33.3,,0.0,35.0,서,2.8,1005.9
2024-06-19,17:00,맑음,18.9,2.0,0.0,35.3,17.5,33.0,,0.0,35.0,서,3.1,1005.5
2024-06-19,18:00,맑음,18.8,2.0,0.0,34.8,17.0,32.5,,0.0,35.0,서,2.5,1005.3
2024-06-19,19:00,,19.6,,,33.6,16.4,31.5,,0.0,36.0,서,2.1,1005.2
2024-06-19,20:00,,20 이상,,,32.0,17.4,30.7,,0.0,42.0,서,2.2,1005.4
2024-06-19,21:00,구름많음,20 이상,6.0,0.0,30.1,18.2,29.5,,0.0,49.0,서남서,3.0,1006.0
2024-06-19,22:00,,20 이상,,,29.1,18.2,28.8,,0.0,52.0,서북서,0.9,1006.6
2024-06-19,23:00,,20 이상,,,28.3,18.9,28.5,,0.0,57.0,서북서,1.2,1006.5
2024-06-20,06:00,맑음,18.7,0.0,0.0,23.4,16.1,24.2,,0.0,64.0,서북서,1.3,1006.1
2024-06-20,07:00,맑음,19.2,0.0,0.0,24.1,16.3,24.7,,0.0,62.0,서북서,1.0,1006.2
2024-06-20,08:00,맑음,20 이상,0.0,0.0,26.0,16.5,26.1,,0.0,56.0,정온,0.3,1005.9
2024-06-20,09:00,맑음,17.6,0.0,0.0,28.4,16.6,27.9,,0.0,49.0,북동,2.2,1005.6
2024-06-20,10:00,맑음,20 이상,1.0,0.0,30.6,15.4,29.1,,0.0,40.0,북동,2.3,1004.7
2024-06-20,11:00,맑음,20 이상,1.0,0.0,32.0,15.8,30.2,,0.0,38.0,북,1.5,1004.4
2024-06-20,12:00,구름많음,19.6,6.0,0.0,33.6,16.0,31.4,,0.0,35.0,북동,2.6,1003.6
2024-06-20,13:00,구름많음,20 이상,7.0,0.0,34.7,16.0,32.2,,0.0,33.0,동남동,2.5,1002.9
2024-06-20,14:00,구름많음,20 이상,7.0,0.0,35.3,16.0,32.6,,0.0,32.0,남동,3.1,1002.3
2024-06-20,15:00,구름많음,20 이상,8.0,0.0,35.1,14.3,32.0,,0.0,29.0,남남동,1.9,1001.8
2024-06-20,16:00,구름많음,20 이상,8.0,0.0,34.2,13.6,31.1,,0.0,29.0,남,3.6,1001.4
2024-06-20,17:00,구름많음,20 이상,8.0,0.0,34.3,15.2,31.7,,0.0,32.0,남,2.1,1000.9
2024-06-20,18:00,구름많음,20 이상,7.0,0.0,33.4,15.8,31.2,,0.0,35.0,남남동,1.9,1000.8
2024-06-20,19:00,,20 이상,,,32.7,13.3,30.0,,0.0,31.0,남동,2.7,1000.9
2024-06-20,20:00,,20 이상,,,30.9,13.2,28.7,,0.0,34.0,동남동,2.3,1001.7
2024-06-20,21:00,맑음,20 이상,0.0,0.0,29.7,13.8,28.0,,0.0,38.0,남동,2.2,1002.0
2024-06-20,22:00,,20 이상,,,28.6,14.7,27.5,,0.0,43.0,서,2.1,1002.5
2024-06-20,23:00,,20 이상,,,27.1,15.1,26.5,,0.0,48.0,서,2.3,1002.8
2024-06-21,06:00,구름많음,20 이상,7.0,0.0,23.0,15.0,23.6,,0.0,61.0,서북서,0.6,1002.3
2024-06-21,07:00,구름많음,20 이상,8.0,0.0,24.0,15.4,24.4,,0.0,59.0,북북동,0.8,1002.0
2024-06-21,08:00,구름많음,20 이상,7.0,0.0,25.9,16.4,26.0,,0.0,56.0,정온,0.3,1002.0
2024-06-21,09:00,구름많음,20 이상,6.0,0.0,27.8,16.1,27.3,,0.0,49.0,남남동,1.3,1001.8
2024-06-21,10:00,구름조금,20 이상,5.0,0.0,29.9,15.9,28.7,,0.0,43.0,남남서,2.0,1001.3
2024-06-21,11:00,구름조금,20 이상,5.0,0.0,31.3,16.0,29.8,,0.0,40.0,남서,3.5,1001.3
2024-06-21,12:00,구름많음,20 이상,6.0,0.0,33.0,16.7,31.2,,0.0,38.0,남남서,2.3,1001.1
2024-06-21,13:00,구름많음,20 이상,6.0,0.0,33.7,16.1,31.5,,0.0,35.0,서남서,2.1,1000.7
2024-06-21,14:00,구름많음,20 이상,7.0,0.0,33.0,17.1,31.3,,0.0,39.0,남남서,3.5,1000.5
2024-06-21,15:00,구름많음,20 이상,8.0,0.0,33.2,16.9,31.4,,0.0,38.0,서,2.8,1000.5
2024-06-21,16:00,흐림,20 이상,9.0,0.0,30.8,15.6,29.3,,0.0,40.0,서남서,4.0,1001.0
2024-06-21,17:00,구름많음,20 이상,8.0,0.0,30.2,17.6,29.4,,0.0,47.0,서,3.6,1001.1
2024-06-21,18:00,맑음,20 이상,1.0,0.0,30.3,17.7,29.5,,0.0,47.0,서북서,3.1,1001.0
2024-06-21,19:00,,20 이상,,,29.2,16.3,28.4,,0.0,46.0,서북서,2.2,1001.0
2024-06-21,20:00,,20 이상,,,28.1,16.3,27.6,,0.0,49.0,서,1.2,1001.1
2024-06-21,21:00,구름많음,20 이상,7.0,0.0,27.6,16.2,27.2,,0.0,50.0,서,2.5,1002.3
2024-06-21,22:00,,20 이상,,,26.7,16.3,26.6,,0.0,53.0,서,2.9,1002.9
2024-06-21,23:00,,20 이상,,,26.0,17.3,26.4,,0.0,59.0,서,2.3,1003.0
2024-06-22,06:00,흐림,20 이상,10.0,7.0,25.3,19.6,26.6,0.0,0.0,71.0,북,1.1,1001.2
2024-06-22,07:00,흐림,20 이상,10.0,6.0,25.3,17.7,26.0,0.0,0.0,63.0,북동,1.8,1000.5
2024-06-22,08:00,약한 비 단속적,20 이상,10.0,7.0,25.8,18.9,26.7,0.0,0.0,66.0,동,1.9,999.8
2024-06-22,09:00,약한 비 단속적,19.1,10.0,7.0,26.0,19.3,27.0,0.0,0.0,67.0,동,2.3,999.6
2024-06-22,10:00,약한 비 연속적,10.1,10.0,8.0,25.2,20.2,26.7,0.1,0.0,74.0,동북동,1.5,999.4
2024-06-22,11:00,보통 비 연속적,3.1,10.0,9.0,23.7,21.2,26.1,4.1,0.0,86.0,동북동,2.0,999.2
2024-06-22,12:00,보통 비 연속적,3.2,10.0,9.0,22.9,20.7,25.4,7.3,0.0,88.0,북동,2.4,998.6
2024-06-22,13:00,보통 비 연속적,2.8,10.0,9.0,22.6,21.0,25.3,11.4,0.0,91.0,북동,3.3,997.8
2024-06-22,14:00,약한 비 연속적,2.4,10.0,9.0,22.8,21.4,25.5,13.8,0.0,92.0,북동,2.9,996.9
2024-06-22,15:00,약한 비 연속적,4.5,10.0,8.0,23.5,21.7,26.1,15.0,0.0,90.0,동북동,2.4,996.2
2024-06-22,16:00,약한 비 연속적,5.3,10.0,8.0,23.5,21.7,26.1,15.9,0.0,90.0,북동,2.4,995.7
2024-06-22,17:00,비 끝,10.8,10.0,8.0,23.8,21.6,26.3,16.0,0.0,88.0,북동,2.9,994.9
2024-06-22,18:00,흐림,15.9,10.0,8.0,23.9,21.7,26.4,16.0,0.0,88.0,북동,2.4,994.6
2024-06-22,19:00,약한 비 단속적,16.6,10.0,8.0,23.8,21.4,26.2,16.0,0.0,87.0,북동,2.5,995.2
2024-06-22,20:00,약한 비 단속적,6.7,10.0,8.0,23.5,21.7,26.1,16.1,0.0,90.0,북동,2.0,995.6
2024-06-22,21:00,비 끝,19.0,10.0,6.0,23.5,21.5,26.1,16.1,0.0,89.0,북동,1.8,996.1
2024-06-22,22:00,약한 비 단속적,19.3,10.0,7.0,23.6,21.3,26.0,16.1,0.0,87.0,북동,1.9,996.4
2024-06-22,23:00,약한 비 단속적,14.6,10.0,8.0,23.5,21.2,25.9,16.1,0.0,87.0,동북동,1.9,996.5
2024-06-23,06:00,비 끝,13.2,9.0,7.0,22.6,21.4,25.4,2.1,0.0,93.0,동북동,0.5,997.1
2024-06-23,07:00,흐림,20 이상,9.0,6.0,22.7,21.1,25.4,2.1,0.0,91.0,북북서,1.0,997.4
2024-06-23,08:00,흐림,19.1,9.0,4.0,23.3,21.3,25.9,2.1,0.0,89.0,서북서,0.9,997.7
2024-06-23,09:00,흐림,17.5,9.0,7.0,24.0,21.5,26.4,2.1,0.0,86.0,서,1.2,998.1
2024-06-23,10:00,흐림,19.5,9.0,4.0,25.0,21.7,27.1,2.1,0.0,82.0,서,1.7,997.9
2024-06-23,11:00,흐림,20 이상,9.0,3.0,26.6,21.7,28.2,2.1,0.0,75.0,서북서,2.6,997.8
2024-06-23,12:00,흐림,20 이상,9.0,3.0,27.8,21.3,28.9,2.1,0.0,68.0,남서,2.8,997.6
2024-06-23,13:00,구름조금,20 이상,5.0,3.0,28.6,20.8,29.3,2.1,0.0,63.0,서,1.9,997.5
2024-06-23,14:00,구름조금,20 이상,5.0,5.0,30.0,21.6,30.5,2.1,0.0,61.0,서,2.8,997.3
2024-06-23,15:00,구름많음,20 이상,6.0,6.0,29.2,21.1,29.8,2.1,0.0,62.0,남서,3.5,997.2
2024-06-23,16:00,구름많음,20 이상,6.0,6.0,28.7,20.9,29.4,2.1,0.0,63.0,남남서,4.5,997.3
2024-06-23,17:00,구름조금,20 이상,5.0,5.0,27.8,20.3,28.6,2.1,0.0,64.0,남남서,4.6,997.7
2024-06-23,18:00,구름조금,20 이상,4.0,4.0,27.1,20.9,28.3,2.1,0.0,69.0,남서,3.3,998.3
2024-06-23,19:00,,20 이상,,,25.7,20.7,27.2,2.1,0.0,74.0,남서,3.1,998.9
2024-06-23,20:00,,15.2,,,24.9,20.7,26.7,2.1,0.0,78.0,남남서,4.0,999.8
2024-06-23,21:00,흐림,20 이상,9.0,7.0,24.7,21.0,26.7,2.1,0.0,80.0,남남서,2.7,1000.1
2024-06-23,22:00,"천둥번개 끝, 강한 비",16.5,10.0,8.0,24.1,21.4,26.4,5.1,0.0,85.0,서남서,3.6,1000.7
2024-06-23,23:00,약한 비 단속적,20 이상,10.0,8.0,22.8,20.3,25.1,5.1,0.0,86.0,서남서,0.6,1001.1
2024-06-24,06:00,박무,8.8,7.0,7.0,22.8,20.5,25.2,0.0,0.0,87.0,남서,2.7,1001.7
2024-06-24,07:00,구름많음,13.8,7.0,7.0,23.1,20.4,25.4,0.0,0.0,85.0,남서,3.2,1002.1
2024-06-24,08:00,구름많음,13.8,7.0,7.0,23.8,20.7,26.0,0.0,0.0,83.0,남서,1.6,1002.2
2024-06-24,09:00,구름많음,14.6,7.0,7.0,24.4,20.5,26.3,0.0,0.0,79.0,남남서,3.0,1002.2
2024-06-24,10:00,구름많음,12.6,6.0,6.0,25.3,20.1,26.8,0.0,0.0,73.0,서남서,2.5,1002.0
2024-06-24,11:00,구름많음,12.5,7.0,7.0,26.6,20.2,27.7,0.0,0.0,68.0,서,2.9,1001.7
2024-06-24,12:00,구름많음,12.7,6.0,6.0,27.1,19.9,28.0,0.0,0.0,65.0,남서,3.9,1001.9
2024-06-24,13:00,흐림,13.1,9.0,7.0,27.6,19.6,28.2,0.0,0.0,62.0,남서,3.0,1002.1
2024-06-24,14:00,구름많음,18.2,7.0,5.0,27.3,18.5,27.7,0.0,0.0,59.0,남서,3.6,1002.4
2024-06-24,15:00,구름많음,17.2,8.0,1.0,27.1,17.5,27.2,0.0,0.0,56.0,서,4.2,1002.4
2024-06-24,16:00,구름조금,13.8,4.0,0.0,27.4,14.4,26.5,0.0,0.0,45.0,서,4.1,1002.3
2024-06-24,17:00,구름많음,16.5,6.0,1.0,27.0,17.7,27.2,0.0,0.0,57.0,서,4.5,1002.5
2024-06-24,18:00,구름많음,14.8,6.0,0.0,26.0,16.5,26.1,0.0,0.0,56.0,서남서,4.1,1003.1
2024-06-24,19:00,,18.9,,,24.7,15.3,24.8,0.0,0.0,56.0,남서,3.3,1004.0
2024-06-24,20:00,,18.3,,,23.5,16.0,24.2,0.0,0.0,63.0,남서,3.3,1004.7
2024-06-24,21:00,맑음,20 이상,1.0,0.0,22.6,16.3,23.7,0.0,0.0,68.0,남남서,2.3,1005.2
2024-06-24,22:00,,20 이상,,,22.2,16.6,23.5,0.0,0.0,71.0,서남서,2.8,1006.0
2024-06-24,23:00,,20 이상,,,21.7,14.8,22.6,0.0,0.0,65.0,서,2.4,1006.4
2024-06-25,06:00,맑음,20 이상,2.0,0.0,19.1,14.5,20.6,,0.0,75.0,남서,0.9,1009.5
2024-06-25,07:00,맑음,20 이상,1.0,0.0,19.8,14.5,21.1,,0.0,72.0,서,1.5,1010.1
2024-06-25,08:00,맑음,20 이상,1.0,0.0,21.7,13.0,22.0,,0.0,58.0,서,2.2,1010.0
2024-06-25,09:00,맑음,20 이상,2.0,0.0,23.2,12.4,23.0,,0.0,51.0,서남서,3.5,1009.9
2024-06-25,10:00,구름많음,20 이상,6.0,0.0,24.1,13.6,23.9,,0.0,52.0,서,2.9,1009.7
2024-06-25,11:00,구름많음,20 이상,8.0,1.0,24.8,13.6,24.5,,0.0,50.0,서남서,3.8,1009.7
2024-06-25,12:00,구름많음,20 이상,7.0,2.0,25.6,13.7,25.1,,0.0,48.0,서남서,3.8,1009.4
2024-06-25,13:00,구름많음,20 이상,7.0,2.0,27.0,14.3,26.2,,0.0,46.0,서남서,2.9,1009.2
2024-06-25,14:00,구름많음,20 이상,6.0,4.0,27.0,13.6,26.1,,0.0,44.0,서남서,4.3,1009.4
2024-06-25,15:00,구름많음,20 이상,6.0,3.0,26.6,15.3,26.2,,0.0,50.0,남서,4.6,1009.0
2024-06-25,16:00,구름많음,20 이상,6.0,3.0,26.3,15.3,26.0,,0.0,51.0,남서,5.3,1009.1
2024-06-25,17:00,구름조금,20 이상,5.0,1.0,26.1,16.6,26.2,,0.0,56.0,서남서,4.5,1009.4
2024-06-25,18:00,구름조금,20 이상,5.0,3.0,25.1,16.5,25.5,,0.0,59.0,남서,4.5,1009.9
2024-06-25,19:00,,20 이상,,,24.8,17.0,25.4,,0.0,62.0,남남서,4.5,1010.6
2024-06-25,20:00,,20 이상,,,23.8,16.8,24.7,,0.0,65.0,남남서,2.2,1011.1
2024-06-25,21:00,구름조금,20 이상,5.0,0.0,22.8,16.8,23.9,,0.0,69.0,남,3.1,1012.0
2024-06-25,22:00,,20 이상,,,22.1,16.8,23.5,,0.0,72.0,남서,1.9,1012.7
2024-06-25,23:00,,20 이상,,,21.4,16.1,22.7,,0.0,72.0,남남서,2.1,1012.7
2024-06-26,06:00,맑음,20 이상,0.0,0.0,19.0,16.4,21.2,,0.0,85.0,북북동,0.9,1015.5
2024-06-26,07:00,맑음,20 이상,2.0,0.0,20.1,17.1,22.2,,0.0,83.0,북북동,2.1,1015.9
2024-06-26,08:00,맑음,20 이상,1.0,0.0,22.2,17.5,23.8,,0.0,75.0,북북동,2.6,1015.8
2024-06-26,09:00,맑음,20 이상,1.0,0.0,23.8,16.8,24.7,,0.0,65.0,북북동,1.1,1015.6
2024-06-26,10:00,맑음,20 이상,1.0,1.0,25.9,17.2,26.3,,0.0,59.0,동,1.2,1015.2
2024-06-26,11:00,맑음,20 이상,2.0,2.0,26.9,17.6,27.1,,0.0,57.0,남남서,2.7,1014.9
2024-06-26,12:00,구름조금,20 이상,4.0,4.0,28.6,18.0,28.4,,0.0,53.0,남남서,2.7,1014.4
2024-06-26,13:00,구름조금,20 이상,5.0,5.0,29.7,17.5,29.0,,0.0,48.0,북서,2.1,1014.1
2024-06-26,14:00,구름조금,20 이상,5.0,5.0,29.6,16.0,28.6,,0.0,44.0,서북서,2.7,1013.6
2024-06-26,15:00,구름조금,20 이상,4.0,4.0,30.8,16.0,29.4,,0.0,41.0,서,2.3,1013.1
2024-06-26,16:00,구름조금,20 이상,3.0,3.0,31.2,15.9,29.7,,0.0,40.0,서,2.0,1012.6
2024-06-26,17:00,구름많음,20 이상,6.0,6.0,31.1,17.0,29.9,,0.0,43.0,남서,3.3,1012.4
2024-06-26,18:00,맑음,20 이상,1.0,1.0,29.4,16.5,28.6,,0.0,46.0,서,4.2,1012.7
2024-06-26,19:00,,20 이상,,,28.2,15.1,27.3,,0.0,45.0,서남서,3.5,1012.9
2024-06-26,20:00,,20 이상,,,26.3,15.3,26.0,,0.0,51.0,서남서,3.5,1013.4
2024-06-26,21:00,맑음,20 이상,0.0,0.0,25.1,15.1,25.1,,0.0,54.0,서,2.3,1014.1
2024-06-26,22:00,,20 이상,,,24.1,15.3,24.4,,0.0,58.0,서,2.3,1014.7
2024-06-26,23:00,,20 이상,,,23.4,15.6,24.0,,0.0,62.0,서북서,1.6,1014.7
2024-06-27,06:00,맑음,20 이상,0.0,0.0,20.6,14.9,21.8,,0.0,70.0,북북동,1.3,1014.4
2024-06-27,07:00,맑음,20 이상,0.0,0.0,21.5,15.7,22.7,,0.0,70.0,북북동,2.3,1014.1
2024-06-27,08:00,맑음,20 이상,0.0,0.0,24.0,16.5,24.7,,0.0,63.0,북동,2.0,1013.6
2024-06-27,09:00,구름조금,20 이상,4.0,0.0,26.2,16.7,26.3,,0.0,56.0,동북동,1.5,1013.1
2024-06-27,10:00,구름많음,20 이상,6.0,0.0,27.5,16.1,27.1,,0.0,50.0,북북동,1.7,1012.3
2024-06-27,11:00,구름많음,20 이상,6.0,0.0,29.3,17.1,28.7,,0.0,48.0,남,1.1,1011.8
2024-06-27,12:00,구름많음,20 이상,7.0,3.0,30.3,15.9,29.0,,0.0,42.0,동남동,2.7,1011.0
2024-06-27,13:00,구름많음,20 이상,7.0,1.0,31.6,15.9,30.0,,0.0,39.0,동남동,2.0,1010.6
2024-06-27,14:00,흐림,20 이상,9.0,2.0,31.3,16.0,29.8,,0.0,40.0,남남동,2.6,1010.0
2024-06-27,15:00,흐림,20 이상,10.0,2.0,31.0,16.5,29.7,,0.0,42.0,남남동,3.3,1009.8
2024-06-27,16:00,흐림,20 이상,10.0,4.0,30.5,15.3,29.0,,0.0,40.0,동남동,1.9,1009.0
2024-06-27,17:00,흐림,20 이상,9.0,3.0,30.3,16.3,29.1,,0.0,43.0,남,2.5,1008.6
2024-06-27,18:00,구름조금,20 이상,3.0,1.0,30.5,15.7,29.1,,0.0,41.0,남남동,1.6,1008.3
2024-06-27,19:00,,20 이상,,,28.9,15.0,27.8,,0.0,43.0,남동,2.2,1008.4
2024-06-27,20:00,,20 이상,,,27.8,17.0,27.6,,0.0,52.0,서,1.9,1008.7
2024-06-27,21:00,맑음,20 이상,0.0,0.0,26.5,17.2,26.7,,0.0,57.0,서북서,1.4,1009.0
2024-06-27,22:00,,20 이상,,,25.6,16.7,25.9,,0.0,58.0,서,0.9,1009.1
2024-06-27,23:00,,20 이상,,,24.7,16.4,25.2,,0.0,60.0,서,0.9,1009.0
2024-06-28,06:00,구름많음,20 이상,7.0,0.0,21.4,16.5,22.9,,0.0,74.0,북북동,1.0,1008.1
2024-06-28,07:00,구름많음,19.5,8.0,0.0,23.0,17.6,24.4,,0.0,72.0,북동,1.7,1008.0
2024-06-28,08:00,구름많음,17.5,8.0,0.0,24.7,17.6,25.6,,0.0,65.0,남남서,0.8,1008.1
2024-06-28,09:00,구름많음,20 이상,7.0,0.0,26.7,16.9,26.7,,0.0,55.0,서,1.7,1007.8
2024-06-28,10:00,구름조금,20 이상,3.0,0.0,27.4,16.3,27.1,,0.0,51.0,서,1.9,1007.6
2024-06-28,11:00,맑음,20 이상,1.0,0.0,29.0,16.8,28.4,,0.0,48.0,남남서,2.0,1007.1
2024-06-28,12:00,맑음,20 이상,1.0,1.0,30.5,17.9,29.7,,0.0,47.0,남남서,2.3,1006.2
2024-06-28,13:00,맑음,20 이상,1.0,1.0,31.5,15.0,29.6,,0.0,37.0,남,3.0,1005.7
2024-06-28,14:00,맑음,20 이상,1.0,1.0,32.3,15.7,30.4,,0.0,37.0,남서,1.9,1005.0
2024-06-28,15:00,맑음,20 이상,1.0,1.0,32.4,16.6,30.7,,0.0,39.0,서남서,2.7,1004.9
2024-06-28,16:00,맑음,20 이상,0.0,0.0,31.7,16.8,30.3,,0.0,41.0,서,3.8,1004.8
2024-06-28,17:00,맑음,20 이상,0.0,0.0,31.2,15.9,29.7,,0.0,40.0,서,4.2,1004.9
2024-06-28,18:00,맑음,20 이상,0.0,0.0,30.0,15.3,28.6,,0.0,41.0,서,3.9,1005.4
2024-06-28,19:00,,20 이상,,,28.7,14.8,27.6,,0.0,43.0,서,3.5,1006.1
2024-06-28,20:00,,20 이상,,,27.0,13.6,26.1,,0.0,44.0,서,3.2,1006.3
2024-06-28,21:00,맑음,20 이상,0.0,0.0,25.7,15.0,25.5,,0.0,52.0,서,2.2,1006.9
2024-06-28,22:00,,20 이상,,,24.9,15.2,25.0,,0.0,55.0,서,1.1,1006.8
2024-06-28,23:00,,20 이상,,,24.3,15.5,24.6,,0.0,58.0,서,1.9,1006.9
2024-06-29,06:00,맑음,20 이상,0.0,0.0,21.8,15.8,22.9,,0.0,69.0,북동,1.8,1006.9
2024-06-29,07:00,맑음,20 이상,0.0,0.0,23.3,16.3,24.2,,0.0,65.0,북동,1.9,1006.6
2024-06-29,08:00,구름많음,19.7,6.0,6.0,25.3,16.4,25.6,,0.0,58.0,동북동,1.7,1006.9
2024-06-29,09:00,구름많음,19.8,7.0,1.0,27.1,16.6,27.0,,0.0,53.0,동남동,2.2,1006.0
2024-06-29,10:00,구름많음,20 이상,8.0,1.0,28.7,17.8,28.4,,0.0,52.0,동남동,1.7,1005.6
2024-06-29,11:00,구름많음,20 이상,7.0,0.0,30.0,18.4,29.5,,0.0,50.0,동남동,1.5,1005.0
2024-06-29,12:00,구름많음,20 이상,7.0,3.0,31.3,18.6,30.5,,0.0,47.0,남남동,2.6,1004.4
2024-06-29,13:00,구름많음,20 이상,6.0,4.0,31.3,18.6,30.5,,0.0,47.0,남남동,3.6,1003.7
2024-06-29,14:00,구름많음,20 이상,8.0,8.0,32.0,18.9,31.1,,0.0,46.0,남동,3.2,1002.4
2024-06-29,15:00,흐림,20 이상,9.0,9.0,31.2,19.2,30.6,,0.0,49.0,남동,2.7,1001.6
2024-06-29,16:00,흐림,20 이상,9.0,9.0,30.6,19.6,30.3,,0.0,52.0,동남동,1.9,1000.6
2024-06-29,17:00,흐림,20 이상,9.0,6.0,31.3,20.2,31.0,,0.0,52.0,동,3.5,999.4
2024-06-29,18:00,흐림,20 이상,10.0,7.0,30.3,20.2,30.3,,0.0,55.0,동,4.3,998.5
2024-06-29,19:00,약한 비 단속적,12.1,10.0,8.0,27.8,21.5,29.0,0.0,0.0,69.0,남동,5.5,998.7
2024-06-29,20:00,약한 비 연속적,5.0,10.0,8.0,25.1,22.3,27.4,2.2,0.0,85.0,동북동,3.1,998.3
2024-06-29,21:00,보통 비 연속적,2.1,10.0,9.0,24.3,22.7,27.0,13.1,0.0,91.0,동북동,2.6,998.1
2024-06-29,22:00,보통 비 연속적,3.5,10.0,9.0,24.1,22.8,27.0,26.7,0.0,93.0,동북동,1.8,998.0
2024-06-29,23:00,보통 비 연속적,2.1,10.0,8.0,24.2,22.9,27.1,34.8,0.0,93.0,동북동,1.1,997.2
2024-06-30,06:00,비 끝,20 이상,10.0,6.0,23.6,22.5,26.5,32.1,0.0,94.0,남남서,5.5,994.5
2024-06-30,07:00,흐림,20 이상,10.0,6.0,23.3,21.7,26.0,32.1,0.0,91.0,남남서,4.1,994.3
2024-06-30,08:00,약한 비 단속적,16.6,10.0,6.0,22.7,21.3,25.4,32.1,0.0,92.0,남남서,5.3,994.8
2024-06-30,09:00,약한 비 단속적,8.1,10.0,8.0,22.5,21.3,25.3,32.1,0.0,93.0,남남서,4.8,994.7
2024-06-30,10:00,비 끝,13.9,10.0,8.0,22.1,20.9,24.9,32.2,0.0,93.0,남남서,5.2,995.4
2024-06-30,11:00,흐림,12.7,10.0,8.0,22.3,20.7,25.0,32.2,0.0,91.0,남서,5.1,996.0
2024-06-30,12:00,흐림,11.9,10.0,8.0,22.3,20.5,24.9,32.2,0.0,90.0,남서,3.9,996.5
2024-06-30,13:00,흐림,14.0,10.0,8.0,22.6,20.5,25.1,32.2,0.0,88.0,남남서,4.2,996.8
2024-06-30,14:00,흐림,17.7,10.0,8.0,23.2,20.7,25.5,32.2,0.0,86.0,남남서,3.2,996.9
2024-06-30,15:00,흐림,20 이상,9.0,9.0,23.8,20.9,26.0,32.2,0.0,84.0,남남서,2.7,997.1
2024-06-30,16:00,흐림,19.9,9.0,9.0,24.5,21.2,26.6,32.2,0.0,82.0,서남서,2.0,997.6
2024-06-30,17:00,흐림,20 이상,9.0,9.0,24.9,21.2,26.9,32.2,0.0,80.0,남남서,3.5,997.9
2024-06-30,18:00,구름많음,20 이상,8.0,8.0,24.9,21.4,26.9,32.2,0.0,81.0,남서,2.5,998.2
2024-06-30,19:00,,20 이상,,,24.7,21.2,26.7,32.2,0.0,81.0,남남서,2.6,998.8
2024-06-30,20:00,구름조금,20 이상,3.0,3.0,24.5,21.2,26.6,32.2,0.0,82.0,남남서,3.3,999.5
2024-06-30,21:00,구름조금,15.6,3.0,3.0,23.8,20.7,26.0,32.2,0.0,83.0,남남서,2.1,1000.7
2024-06-30,22:00,,13.9,,,23.1,20.4,25.4,32.2,0.0,85.0,남남서,2.9,1001.5
2024-06-30,23:00,,12.0,,,22.8,20.3,25.1,32.2,0.0,86.0,남서,1.3,1001.4
2024-07-01,06:00,흐림,13.8,9.0,9.0,22.0,19.3,24.2,,0.0,85.0,남남서,1.0,1003.3
2024-07-01,07:00,흐림,16.2,9.0,9.0,22.4,19.5,24.6,,0.0,84.0,북서,0.5,1003.3
2024-07-01,08:00,구름많음,15.5,7.0,7.0,23.0,19.7,25.1,,0.0,82.0,서,1.4,1003.9
2024-07-01,09:00,구름많음,20 이상,8.0,8.0,24.9,19.2,26.2,,0.0,71.0,서,1.3,1003.9
2024-07-01,10:00,구름조금,20 이상,4.0,4.0,25.2,19.3,26.4,,0.0,70.0,남남서,1.9,1004.2
2024-07-01,11:00,구름조금,20 이상,3.0,3.0,26.8,18.6,27.3,,0.0,61.0,북북서,1.9,1003.7
2024-07-01,12:00,맑음,20 이상,2.0,2.0,28.0,18.6,28.2,,0.0,57.0,서북서,2.7,1003.9
2024-07-01,13:00,구름조금,20 이상,4.0,1.0,29.0,19.0,29.0,,0.0,55.0,서북서,2.3,1003.2
2024-07-01,14:00,구름조금,20 이상,3.0,3.0,30.3,19.3,30.0,,0.0,52.0,서북서,2.3,1002.9
2024-07-01,15:00,구름조금,20 이상,5.0,5.0,30.7,19.3,30.3,,0.0,51.0,서,1.8,1002.8
2024-07-01,16:00,맑음,20 이상,2.0,2.0,31.2,18.8,30.5,,0.0,48.0,서북서,2.1,1002.4
2024-07-01,17:00,맑음,20 이상,2.0,1.0,31.1,19.1,30.5,,0.0,49.0,북서,2.3,1001.9
2024-07-01,18:00,맑음,20 이상,2.0,2.0,30.8,19.8,30.5,,0.0,52.0,서북서,2.0,1002.2
2024-07-01,19:00,,20 이상,,,29.5,21.1,30.0,,0.0,61.0,서남서,2.8,1002.9
2024-07-01,20:00,,20 이상,,,27.8,21.1,28.8,,0.0,67.0,서,2.5,1003.6
2024-07-01,21:00,구름조금,20 이상,3.0,0.0,26.5,20.8,27.8,,0.0,71.0,서남서,2.6,1004.6
2024-07-01,22:00,,20 이상,,,25.9,20.9,27.4,,0.0,74.0,서,2.4,1005.1
2024-07-01,23:00,,20 이상,,,25.6,21.0,27.3,,0.0,76.0,정온,0.4,1005.1
2024-07-02,06:00,흐림,20 이상,9.0,3.0,24.4,20.7,26.4,,0.0,80.0,북동,2.6,1004.1
2024-07-02,07:00,약한 비 단속적,20 이상,10.0,4.0,24.4,20.3,26.2,0.0,0.0,78.0,북동,3.2,1004.1
2024-07-02,08:00,약한 비 연속적,17.7,10.0,6.0,24.0,20.7,26.1,0.3,0.0,82.0,동북동,2.6,1004.3
2024-07-02,09:00,약한 비 연속적,11.2,10.0,7.0,23.7,21.0,26.0,1.0,0.0,85.0,동북동,3.1,1004.3
2024-07-02,10:00,약한 비 연속적,5.5,10.0,6.0,23.5,21.5,26.1,3.5,0.0,89.0,동북동,2.1,1004.8
2024-07-02,11:00,보통 비 연속적,4.6,10.0,7.0,23.1,21.5,25.8,9.0,0.0,91.0,동북동,2.4,1005.0
2024-07-02,12:00,강한 비 연속적,2.3,10.0,9.0,22.1,21.0,25.0,29.1,0.0,94.0,동북동,3.8,1004.7
2024-07-02,13:00,강한 비 연속적,2.6,10.0,9.0,22.0,21.3,25.0,51.0,0.0,96.0,북동,4.1,1004.5
2024-07-02,14:00,보통 비 연속적,6.7,10.0,8.0,22.0,21.4,25.1,58.2,0.0,97.0,북동,4.4,1004.2
2024-07-02,15:00,약한 비 연속적,3.9,10.0,7.0,22.0,21.3,25.0,60.1,0.0,96.0,북동,3.7,1004.2
2024-07-02,16:00,약한 비 연속적,3.5,10.0,8.0,22.1,21.5,25.2,61.6,0.0,97.0,북동,3.9,1003.8
2024-07-02,17:00,약한 비 연속적,5.6,10.0,7.0,22.1,21.4,25.1,62.6,0.0,96.0,북동,4.2,1003.3
2024-07-02,18:00,약한 비 연속적,20 이상,10.0,5.0,22.1,21.2,25.0,62.8,0.0,95.0,북동,3.6,1002.5
2024-07-02,19:00,약한 비 연속적,12.1,10.0,5.0,22.3,21.4,25.2,62.9,0.0,95.0,북동,2.7,1002.8
2024-07-02,20:00,약한 비 단속적,20 이상,10.0,6.0,22.4,21.5,25.3,63.0,0.0,95.0,북동,2.8,1003.1
2024-07-02,21:00,약한 비 단속적,20 이상,10.0,8.0,22.7,21.6,25.6,63.2,0.0,94.0,동북동,3.0,1003.0
2024-07-02,22:00,약한 비 단속적,20 이상,10.0,8.0,23.1,22.0,26.0,63.2,0.0,94.0,북동,2.0,1003.0
2024-07-02,23:00,약한 비 연속적,13.8,10.0,9.0,23.8,22.5,26.6,63.5,0.0,93.0,동,2.0,1002.8
2024-07-03,06:00,흐림,19.6,9.0,9.0,23.7,21.0,26.0,0.8,0.0,85.0,남서,4.0,1005.6
2024-07-03,07:00,비 끝,18.0,9.0,9.0,23.7,21.0,26.0,0.8,0.0,85.0,남서,4.3,1006.5
2024-07-03,08:00,비 끝,20 이상,9.0,9.0,23.7,20.6,25.8,0.8,0.0,83.0,남서,3.7,1007.6
2024-07-03,09:00,구름많음,20 이상,8.0,8.0,24.3,20.6,26.2,0.8,0.0,80.0,남서,3.7,1007.8
2024-07-03,10:00,흐림,20 이상,9.0,9.0,24.8,20.4,26.5,0.8,0.0,77.0,남서,3.7,1008.1
2024-07-03,11:00,구름많음,20 이상,8.0,8.0,25.5,20.2,27.0,0.8,0.0,73.0,남남서,4.8,1008.3
2024-07-03,12:00,구름많음,20 이상,8.0,8.0,25.9,20.0,27.1,0.8,0.0,70.0,남남서,4.2,1008.3
2024-07-03,13:00,흐림,20 이상,10.0,7.0,25.2,20.0,26.7,0.8,0.0,73.0,남남서,3.8,1008.5
2024-07-03,14:00,흐림,20 이상,10.0,8.0,24.9,19.9,26.4,0.8,0.0,74.0,남서,4.6,1008.4
2024-07-03,15:00,흐림,20 이상,10.0,8.0,25.4,20.2,26.9,0.8,0.0,73.0,서남서,3.4,1008.4
2024-07-03,16:00,흐림,20 이상,10.0,7.0,25.4,20.4,26.9,0.8,0.0,74.0,서,4.0,1008.3
2024-07-03,17:00,흐림,15.4,10.0,7.0,25.4,20.6,27.0,0.8,0.0,75.0,서남서,3.3,1008.3
2024-07-03,18:00,흐림,14.9,10.0,8.0,25.2,20.6,26.9,0.8,0.0,76.0,서,3.3,1008.6
2024-07-03,19:00,,10.5,,,25.1,20.9,26.9,0.8,0.0,78.0,남서,2.8,1008.8
2024-07-03,20:00,구름많음,7.0,6.0,6.0,24.8,21.1,26.8,0.8,0.0,80.0,남남서,3.2,1009.2
2024-07-03,21:00,박무,5.8,9.0,9.0,24.7,21.4,26.8,0.8,0.0,82.0,남서,2.7,1009.5
2024-07-03,22:00,흐림,5.0,9.0,9.0,24.6,21.7,26.8,0.8,0.0,84.0,남서,1.9,1009.9
2024-07-03,23:00,구름많음,4.5,6.0,6.0,24.3,21.4,26.5,0.8,0.0,84.0,남남서,1.7,1009.9
2024-07-04,06:00,박무,3.7,7.0,7.0,23.4,20.9,25.8,0.0,0.0,86.0,남남서,2.9,1010.1
2024-07-04,07:00,박무,3.7,6.0,4.0,23.3,20.8,25.6,0.0,0.0,86.0,남서,2.4,1009.9
2024-07-04,08:00,박무,4.8,8.0,8.0,23.7,20.4,25.8,0.0,0.0,82.0,남남서,3.2,1009.9
2024-07-04,09:00,박무,5.6,9.0,9.0,24.5,20.6,26.4,0.0,0.0,79.0,남서,2.8,1009.2
2024-07-04,10:00,박무,5.6,9.0,9.0,25.2,20.8,27.0,0.0,0.0,77.0,남남서,1.8,1008.8
2024-07-04,11:00,박무,5.9,5.0,5.0,26.5,21.0,27.9,0.0,0.0,72.0,남남서,3.1,1008.5
2024-07-04,12:00,연무,7.6,7.0,7.0,28.0,21.0,28.9,0.0,0.0,66.0,서남서,2.5,1007.8
2024-07-04,13:00,연무,7.7,8.0,8.0,28.4,21.1,29.3,0.0,0.0,65.0,남남서,3.0,1007.6
2024-07-04,14:00,구름많음,12.5,6.0,6.0,29.7,21.6,30.3,0.0,0.0,62.0,서남서,3.0,1006.1
2024-07-04,15:00,구름많음,14.6,8.0,8.0,30.6,21.9,31.0,0.0,0.0,60.0,남,2.7,1005.0
2024-07-04,16:00,구름많음,15.9,8.0,8.0,30.3,20.8,30.5,0.0,0.0,57.0,남,2.7,1003.9
2024-07-04,17:00,약한 비 단속적,18.8,10.0,7.0,29.5,20.6,29.9,0.0,0.0,59.0,남남서,2.8,1003.2
2024-07-04,18:00,비 끝,15.7,10.0,6.0,29.3,21.5,30.0,0.0,0.0,63.0,남남동,2.7,1002.5
2024-07-04,19:00,약한 비 단속적,15.7,10.0,7.0,29.0,21.7,29.9,0.0,0.0,65.0,남남동,3.3,1001.9
2024-07-04,20:00,비 끝,18.6,9.0,5.0,28.7,22.4,29.9,0.0,0.0,69.0,남남동,2.9,1000.9
2024-07-04,21:00,비 끝,20 이상,9.0,4.0,29.0,23.2,30.4,0.0,0.0,71.0,남서,4.8,1001.4
2024-07-04,22:00,약한 비 단속적,20 이상,10.0,8.0,28.2,23.5,29.9,0.0,0.0,76.0,남남서,4.9,1001.6
2024-07-04,23:00,비 끝,19.1,10.0,8.0,26.2,23.4,28.6,3.6,0.0,85.0,남남서,3.1,1001.3
2024-07-05,06:00,약한 이슬비 연속적,4.9,10.0,10.0,21.3,20.4,24.2,4.1,0.0,95.0,남남서,3.5,1002.0
2024-07-05,07:00,이슬비 끝,8.3,10.0,10.0,21.5,20.4,24.3,4.1,0.0,94.0,남남서,3.3,1002.9
2024-07-05,08:00,흐림,11.8,10.0,10.0,22.1,20.7,24.8,4.1,0.0,92.0,남서,2.8,1003.8
2024-07-05,09:00,흐림,19.9,9.0,9.0,22.2,20.2,24.7,4.1,0.0,89.0,남남서,3.1,1004.4
2024-07-05,10:00,흐림,20 이상,9.0,9.0,22.4,20.4,24.9,4.1,0.0,89.0,남남서,3.2,1004.7
2024-07-05,11:00,흐림,20 이상,9.0,9.0,22.8,20.1,25.1,4.1,0.0,85.0,남남서,3.8,1005.0
2024-07-05,12:00,흐림,17.6,9.0,9.0,23.5,20.2,25.6,4.1,0.0,82.0,남서,2.6,1005.2
2024-07-05,13:00,흐림,20 이상,9.0,9.0,24.6,19.8,26.2,4.1,0.0,75.0,서,3.8,1004.8
2024-07-05,14:00,흐림,18.4,9.0,9.0,25.0,20.0,26.5,4.1,0.0,74.0,서남서,2.7,1004.8
2024-07-05,15:00,흐림,17.6,9.0,9.0,25.3,20.1,26.8,4.1,0.0,73.0,서남서,4.0,1004.8
2024-07-05,16:00,구름많음,16.5,8.0,8.0,25.5,19.8,26.8,4.1,0.0,71.0,남서,2.9,1004.7
2024-07-05,17:00,구름많음,17.4,7.0,7.0,26.1,19.9,27.3,4.1,0.0,69.0,서,2.4,1004.5
2024-07-05,18:00,구름많음,20 이상,8.0,8.0,25.6,19.2,26.7,4.1,0.0,68.0,서남서,2.3,1004.7
2024-07-05,19:00,,20 이상,,,25.1,19.2,26.3,4.1,0.0,70.0,남남서,2.1,1004.9
2024-07-05,20:00,,20 이상,,,24.2,18.3,25.4,4.1,0.0,70.0,남남서,2.9,1005.2
2024-07-05,21:00,흐림,20 이상,9.0,9.0,24.0,18.4,25.3,4.1,0.0,71.0,서,0.9,1006.1
2024-07-05,22:00,,20 이상,,,23.5,18.5,25.0,4.1,0.0,74.0,북북서,1.4,1005.8
2024-07-05,23:00,,20 이상,,,23.3,18.8,24.9,4.1,0.0,76.0,북동,1.0,1005.4
2024-07-06,06:00,약한 비 연속적,4.5,10.0,8.0,22.1,20.7,24.8,2.5,0.0,92.0,북동,2.2,1004.1
2024-07-06,07:00,비 끝,4.3,10.0,8.0,22.1,20.9,24.9,2.5,0.0,93.0,북동,2.6,1003.8
2024-07-06,08:00,박무,6.8,10.0,6.0,22.3,20.9,25.0,2.5,0.0,92.0,북동,2.9,1003.8
2024-07-06,09:00,박무,8.1,10.0,6.0,22.7,21.1,25.4,2.5,0.0,91.0,북동,2.4,1003.8
2024-07-06,10:00,박무,9.3,10.0,7.0,23.4,21.6,26.0,2.5,0.0,90.0,동북동,3.0,1003.0
2024-07-06,11:00,흐림,13.3,10.0,8.0,25.1,22.9,27.6,2.5,0.0,88.0,동북동,1.5,1002.6
2024-07-06,12:00,흐림,18.6,10.0,8.0,26.6,23.8,29.0,2.5,0.0,85.0,남동,2.3,1001.9
2024-07-06,13:00,흐림,20 이상,10.0,8.0,28.2,24.4,30.2,2.5,0.0,80.0,남,3.8,1000.9
2024-07-06,14:00,흐림,20 이상,9.0,9.0,29.6,24.6,31.3,2.5,0.0,75.0,남,5.4,1000.2
2024-07-06,15:00,흐림,20 이상,9.0,9.0,29.6,24.2,31.1,2.5,0.0,73.0,남남서,4.1,1000.2
2024-07-06,16:00,흐림,20 이상,9.0,9.0,28.7,24.0,30.4,2.5,0.0,76.0,남남서,5.6,1000.3
2024-07-06,17:00,흐림,19.8,9.0,9.0,28.7,24.0,30.4,2.5,0.0,76.0,남남서,5.4,1000.1
2024-07-06,18:00,비 끝,16.2,10.0,8.0,27.8,23.8,29.8,2.5,0.0,79.0,남남서,4.4,1000.3
2024-07-06,19:00,,13.1,,,27.1,23.5,29.2,2.5,0.0,81.0,남남서,5.4,1000.8
2024-07-06,20:00,약한 비 단속적,11.2,10.0,8.0,26.5,23.3,28.7,2.5,0.0,83.0,남서,5.5,1001.3
2024-07-06,21:00,약한 비 연속적,9.7,10.0,8.0,25.3,23.1,27.8,2.6,0.0,88.0,남서,5.6,1002.1
2024-07-06,22:00,비 끝,14.3,10.0,8.0,24.5,22.1,27.0,2.8,0.0,87.0,서남서,3.8,1002.9
2024-07-06,23:00,,18.0,,,24.3,21.8,26.7,2.8,0.0,86.0,남서,2.6,1003.2
2024-07-07,06:00,구름많음,10.4,8.0,0.0,21.5,19.7,24.1,,0.0,90.0,북북동,0.8,1003.9
2024-07-07,07:00,흐림,11.4,9.0,0.0,22.0,20.2,24.6,,0.0,90.0,정온,0.2,1004.4
2024-07-07,08:00,흐림,10.8,9.0,0.0,22.7,20.6,25.2,,0.0,88.0,서,0.8,1005.3
2024-07-07,09:00,흐림,10.8,9.0,6.0,23.6,21.1,26.0,,0.0,86.0,북동,1.5,1004.6
2024-07-07,10:00,구름많음,10.8,8.0,4.0,25.0,21.3,27.0,,0.0,80.0,동,1.2,1004.8
2024-07-07,11:00,흐림,10.2,9.0,6.0,25.8,21.6,27.6,,0.0,78.0,남남동,1.3,1005.1
2024-07-07,12:00,흐림,10.7,10.0,7.0,26.0,21.2,27.6,,0.0,75.0,남,2.2,1004.9
2024-07-07,13:00,구름많음,12.9,8.0,6.0,27.5,21.9,28.9,,0.0,72.0,남,1.0,1003.7
2024-07-07,14:00,흐림,13.1,10.0,3.0,28.0,21.7,29.2,,0.0,69.0,남동,2.5,1003.2
2024-07-07,15:00,흐림,15.7,10.0,6.0,27.4,21.8,28.8,,0.0,72.0,남남동,2.3,1003.3
2024-07-07,16:00,흐림,19.5,10.0,8.0,26.5,22.5,28.4,,0.0,79.0,남,2.9,1003.8
2024-07-07,17:00,흐림,20 이상,10.0,8.0,26.6,22.6,28.5,,0.0,79.0,남남서,1.7,1003.5
2024-07-07,18:00,약한 비 단속적,18.5,10.0,8.0,26.0,22.6,28.1,0.0,0.0,82.0,서남서,2.2,1003.5
2024-07-07,19:00,강한 비 연속적,2.4,10.0,9.0,24.5,22.9,27.2,19.9,0.0,91.0,서,1.7,1003.6
2024-07-07,20:00,약한 비 연속적,14.9,10.0,8.0,24.2,22.6,26.9,27.2,0.0,91.0,서,1.5,1003.6
2024-07-07,21:00,약한 비 연속적,3.4,10.0,9.0,24.4,23.3,27.3,27.8,0.0,94.0,남서,1.6,1004.2
2024-07-07,22:00,약한 비 연속적,9.2,10.0,7.0,24.4,23.3,27.3,28.6,0.0,94.0,남남서,2.9,1004.1
2024-07-07,23:00,비 끝,7.6,10.0,6.0,24.4,23.3,27.3,28.7,0.0,94.0,남남서,2.5,1003.4
2024-07-08,06:00,약한 비 연속적,3.6,10.0,7.0,23.9,23.2,27.0,9.5,0.0,96.0,남,1.3,1002.8
2024-07-08,07:00,비 끝,4.7,10.0,6.0,24.2,23.5,27.3,9.5,0.0,96.0,남남서,2.0,1003.1
2024-07-08,08:00,박무,8.6,10.0,6.0,24.2,23.1,27.1,9.5,0.0,94.0,남남서,3.2,1002.9
2024-07-08,09:00,약한 비 단속적,12.4,10.0,8.0,24.2,22.9,27.1,9.5,0.0,93.0,남서,2.0,1002.9
2024-07-08,10:00,약한 비 단속적,20 이상,10.0,8.0,24.1,22.5,26.8,9.5,0.0,91.0,남남서,2.4,1002.6
2024-07-08,11:00,약한 비 단속적,20 이상,10.0,8.0,24.1,22.3,26.7,9.5,0.0,90.0,남남서,2.4,1002.9
2024-07-08,12:00,약한 비 연속적,6.4,10.0,8.0,23.9,22.5,26.7,9.8,0.0,92.0,남서,2.7,1003.0
2024-07-08,13:00,약한 비 연속적,8.0,10.0,9.0,24.0,22.7,26.9,10.2,0.0,93.0,서남서,1.9,1002.6
2024-07-08,14:00,보통 비 연속적,4.1,10.0,9.0,23.9,22.8,26.8,13.4,0.0,94.0,서,1.4,1002.7
2024-07-08,15:00,약한 비 연속적,3.4,10.0,9.0,24.0,22.9,26.9,15.2,0.0,94.0,서북서,2.0,1002.1
2024-07-08,16:00,약한 비 단속적,12.2,10.0,8.0,24.3,23.0,27.2,15.4,0.0,93.0,남남서,3.2,1002.2
2024-07-08,17:00,비 끝,19.3,10.0,8.0,24.5,23.1,27.3,15.4,0.0,92.0,남남동,2.3,1001.0
2024-07-08,18:00,약한 비 단속적,13.4,10.0,8.0,24.3,22.5,27.0,15.4,0.0,90.0,남서,1.4,1001.3
2024-07-08,19:00,약한 비 연속적,4.4,10.0,9.0,23.9,22.6,26.7,18.1,0.0,93.0,남서,2.7,1001.9
2024-07-08,20:00,보통 비 연속적,11.3,10.0,8.0,23.4,22.1,26.2,21.1,0.0,93.0,북북서,1.8,1001.4
2024-07-08,21:00,비 끝,20 이상,8.0,6.0,23.1,21.7,25.9,21.1,0.0,92.0,서북서,1.3,1001.8
2024-07-08,22:00,,20 이상,,,23.2,21.8,26.0,21.1,0.0,92.0,남남서,0.7,1002.7
2024-07-08,23:00,비 끝,14.3,10.0,7.0,23.2,21.9,26.0,21.1,0.0,93.0,서,0.9,1002.9
2024-07-09,06:00,박무,6.2,10.0,5.0,22.8,21.7,25.7,,0.0,94.0,정온,0.4,1003.4
2024-07-09,07:00,박무,9.7,9.0,9.0,23.0,21.8,25.8,,0.0,93.0,남,1.6,1004.5
2024-07-09,08:00,흐림,11.6,9.0,9.0,23.5,22.1,26.3,,0.0,92.0,서남서,1.5,1004.9
2024-07-09,09:00,흐림,15.8,9.0,9.0,24.1,21.7,26.5,,0.0,87.0,남,2.1,1005.1
2024-07-09,10:00,흐림,20 이상,9.0,2.0,25.4,22.2,27.6,,0.0,83.0,남동,2.3,1003.9
2024-07-09,11:00,흐림,20 이상,9.0,7.0,26.0,22.2,28.0,,0.0,80.0,남,1.6,1004.3
2024-07-09,12:00,약한 비 단속적,16.5,10.0,8.0,26.2,22.4,28.2,0.0,0.0,80.0,남남동,1.7,1005.0
2024-07-09,13:00,비 끝,14.6,9.0,3.0,26.4,22.6,28.4,0.0,0.0,80.0,남,2.8,1004.6
2024-07-09,14:00,흐림,17.5,10.0,5.0,26.4,22.8,28.5,0.0,0.0,81.0,남동,2.5,1003.9
2024-07-09,15:00,약한 비 단속적,16.1,10.0,6.0,25.8,22.6,28.0,0.0,0.0,83.0,남남서,3.3,1004.9
2024-07-09,16:00,비 끝,14.8,10.0,6.0,25.3,22.1,27.5,0.0,0.0,83.0,남남서,3.6,1004.8
2024-07-09,17:00,약한 비 단속적,12.3,10.0,6.0,25.2,22.2,27.5,0.1,0.0,84.0,남동,1.0,1003.7
2024-07-09,18:00,비 끝,13.3,10.0,4.0,25.1,22.1,27.4,0.1,0.0,84.0,남남동,2.6,1003.6
2024-07-09,19:00,,20 이상,,,25.1,22.0,27.3,0.1,0.0,83.0,동남동,1.4,1003.3
2024-07-09,20:00,,20 이상,,,25.0,22.1,27.3,0.1,0.0,84.0,남동,2.4,1003.9
2024-07-09,21:00,약한 비 단속적,20 이상,10.0,6.0,24.8,21.9,27.0,0.1,0.0,84.0,동,1.1,1004.0
2024-07-09,22:00,약한 비 단속적,20 이상,10.0,7.0,24.6,21.9,26.9,0.1,0.0,85.0,동남동,2.4,1004.1
2024-07-09,23:00,약한 비 단속적,20 이상,10.0,8.0,24.3,21.9,26.7,0.1,0.0,87.0,동북동,2.1,1003.1
2024-07-10,06:00,구름많음,20 이상,7.0,5.0,22.8,20.7,25.3,1.4,0.0,88.0,북동,2.3,999.4
2024-07-10,07:00,구름많음,20 이상,6.0,2.0,23.4,21.2,25.9,1.4,0.0,88.0,동북동,1.8,999.7
2024-07-10,08:00,구름많음,20 이상,6.0,2.0,24.9,21.8,27.1,1.4,0.0,83.0,동북동,1.8,999.6
2024-07-10,09:00,구름많음,20 이상,6.0,0.0,26.4,22.0,28.2,1.4,0.0,77.0,북동,2.4,999.8
2024-07-10,10:00,구름조금,20 이상,4.0,0.0,27.9,22.3,29.3,1.4,0.0,72.0,북동,2.5,999.2
2024-07-10,11:00,구름조금,20 이상,5.0,2.0,29.1,22.5,30.2,1.4,0.0,68.0,동북동,1.5,999.0
2024-07-10,12:00,구름많음,20 이상,8.0,8.0,30.3,22.1,30.9,1.4,0.0,62.0,북동,2.4,998.9
2024-07-10,13:00,구름많음,20 이상,8.0,8.0,30.6,21.9,31.0,1.4,0.0,60.0,남,1.6,998.6
2024-07-10,14:00,구름많음,20 이상,8.0,8.0,30.4,22.2,31.0,1.4,0.0,62.0,서,2.1,998.7
2024-07-10,15:00,약한 소나기,20 이상,9.0,9.0,29.0,23.2,30.4,1.4,0.0,71.0,북서,3.4,999.1
2024-07-10,16:00,소나기 끝,20 이상,8.0,4.0,29.6,22.8,30.6,1.4,0.0,67.0,서남서,2.1,998.7
2024-07-10,17:00,흐림,20 이상,9.0,9.0,29.9,22.3,30.7,1.4,0.0,64.0,북,3.1,998.9
2024-07-10,18:00,구름많음,20 이상,6.0,6.0,29.5,23.4,30.8,1.4,0.0,70.0,동북동,1.2,998.8
2024-07-10,19:00,,20 이상,,,28.7,23.1,30.1,1.4,0.0,72.0,서남서,2.9,999.4
2024-07-10,20:00,,20 이상,,,27.2,22.5,28.9,1.4,0.0,76.0,서남서,2.0,999.9
2024-07-10,21:00,맑음,20 이상,1.0,1.0,26.7,22.1,28.4,1.4,0.0,76.0,서,1.3,1000.5
2024-07-10,22:00,,20 이상,,,25.9,21.7,27.7,1.4,0.0,78.0,남남서,1.4,1001.0
2024-07-10,23:00,,20 이상,,,25.5,21.5,27.4,1.4,0.0,79.0,서남서,0.9,1001.4
2024-07-11,06:00,박무,6.3,6.0,6.0,23.8,21.4,26.2,,0.0,87.0,남남서,0.7,1001.8
2024-07-11,07:00,박무,5.5,8.0,8.0,23.9,21.5,26.3,,0.0,87.0,남서,1.6,1001.9
2024-07-11,08:00,박무,5.2,9.0,9.0,24.5,21.9,26.9,,0.0,86.0,서남서,2.4,1002.4
2024-07-11,09:00,박무,4.5,9.0,9.0,24.4,22.0,26.8,,0.0,87.0,남서,1.7,1002.6
2024-07-11,10:00,박무,6.9,7.0,7.0,26.1,22.1,28.0,,0.0,79.0,남남서,2.1,1002.4
2024-07-11,11:00,박무,6.6,8.0,8.0,27.2,22.3,28.8,,0.0,75.0,서남서,2.4,1001.9
2024-07-11,12:00,박무,6.2,6.0,6.0,28.3,22.9,29.8,,0.0,73.0,서남서,2.7,1001.4
2024-07-11,13:00,박무,5.7,9.0,9.0,28.0,22.2,29.3,,0.0,71.0,서남서,3.4,1001.4
2024-07-11,14:00,박무,6.4,8.0,8.0,28.4,22.3,29.7,,0.0,70.0,서남서,2.7,1001.4
2024-07-11,15:00,연무,8.0,6.0,6.0,28.4,22.1,29.6,,0.0,69.0,서,3.0,1001.0
2024-07-11,16:00,구름많음,10.2,8.0,8.0,28.7,21.9,29.7,,0.0,67.0,서남서,2.7,1000.7
2024-07-11,17:00,연무,8.7,8.0,2.0,28.3,21.8,29.4,,0.0,68.0,서,3.5,1000.6
2024-07-11,18:00,연무,9.7,7.0,3.0,28.3,22.0,29.5,,0.0,69.0,서남서,1.7,1000.2
2024-07-11,19:00,구름많음,9.3,6.0,1.0,27.2,21.4,28.5,,0.0,71.0,서남서,2.9,1000.6
2024-07-11,20:00,구름조금,13.0,4.0,1.0,25.8,20.8,27.3,,0.0,74.0,서,2.8,1001.0
2024-07-11,21:00,맑음,11.7,1.0,0.0,24.8,21.3,26.8,,0.0,81.0,서북서,2.2,1001.9
2024-07-11,22:00,,12.1,,,24.1,20.8,26.2,,0.0,82.0,서,2.6,1002.4
2024-07-11,23:00,,12.2,,,23.6,20.7,25.8,,0.0,84.0,서,1.9,1002.5
2024-07-12,06:00,박무,5.6,6.0,6.0,21.9,20.1,24.5,,0.0,90.0,서,0.6,1002.4
2024-07-12,07:00,박무,6.7,7.0,7.0,22.4,20.6,25.0,,0.0,90.0,서남서,1.6,1002.6
2024-07-12,08:00,박무,7.0,10.0,10.0,23.2,21.0,25.7,,0.0,88.0,서남서,2.0,1003.0
2024-07-12,09:00,박무,6.8,10.0,10.0,23.8,21.3,26.2,,0.0,86.0,서,1.3,1002.8
2024-07-12,10:00,박무,6.1,10.0,10.0,24.2,21.3,26.4,,0.0,84.0,서남서,1.4,1002.8
2024-07-12,11:00,박무,6.9,9.0,9.0,25.0,21.5,27.0,,0.0,81.0,남,0.9,1002.7
2024-07-12,12:00,박무,7.3,9.0,9.0,25.9,21.9,27.8,,0.0,79.0,남,0.9,1002.3
2024-07-12,13:00,박무,6.9,9.0,9.0,26.6,21.5,28.2,,0.0,74.0,서,0.8,1002.1
2024-07-12,14:00,박무,7.8,7.0,7.0,28.0,22.4,29.4,,0.0,72.0,남남서,2.3,1001.9
2024-07-12,15:00,연무,8.3,6.0,6.0,29.0,21.9,29.9,,0.0,66.0,남남동,1.1,1001.4
2024-07-12,16:00,연무,8.7,5.0,5.0,29.9,22.0,30.6,,0.0,63.0,서남서,2.0,1001.4
2024-07-12,17:00,연무,8.2,2.0,2.0,30.1,22.0,30.7,,0.0,62.0,서,2.2,1001.3
2024-07-12,18:00,연무,9.4,1.0,1.0,29.9,21.8,30.5,,0.0,62.0,서,2.0,1001.4
2024-07-12,19:00,맑음,8.6,0.0,0.0,28.8,23.0,30.2,,0.0,71.0,서,1.8,1001.3
2024-07-12,20:00,맑음,7.7,1.0,1.0,27.5,22.8,29.2,,0.0,76.0,서,2.5,1002.2
2024-07-12,21:00,박무,6.6,0.0,0.0,26.6,22.8,28.6,,0.0,80.0,서남서,3.2,1002.9
2024-07-12,22:00,맑음,6.3,0.0,0.0,25.9,22.7,28.1,,0.0,83.0,서남서,1.9,1003.5
2024-07-12,23:00,맑음,8.6,0.0,0.0,25.5,22.5,27.8,,0.0,84.0,서남서,2.4,1003.7
2024-07-13,06:00,박무,5.0,0.0,0.0,23.5,21.9,26.2,,0.0,91.0,북북동,1.2,1004.2
2024-07-13,07:00,박무,6.5,0.0,0.0,24.2,22.8,27.0,,0.0,92.0,북동,1.5,1004.5
2024-07-13,08:00,박무,8.4,0.0,0.0,25.6,23.2,28.1,,0.0,87.0,동북동,1.6,1004.7
2024-07-13,09:00,박무,9.4,0.0,0.0,27.2,23.2,29.1,,0.0,79.0,북동,2.1,1004.8
2024-07-13,10:00,박무,8.6,2.0,2.0,28.3,23.4,30.0,,0.0,75.0,동남동,1.4,1005.1
2024-07-13,11:00,박무,9.7,2.0,2.0,29.5,23.4,30.8,,0.0,70.0,동북동,1.4,1005.1
2024-07-13,12:00,구름조금,11.7,4.0,4.0,30.6,23.2,31.5,,0.0,65.0,동북동,1.8,1004.6
2024-07-13,13:00,구름조금,11.9,3.0,3.0,31.8,23.0,32.2,,0.0,60.0,남남동,3.4,1004.6
2024-07-13,14:00,맑음,12.0,2.0,2.0,32.5,22.2,32.5,,0.0,55.0,동남동,2.3,1004.1
2024-07-13,15:00,맑음,10.1,1.0,1.0,32.6,19.1,31.6,,0.0,45.0,동남동,2.8,1003.8
2024-07-13,16:00,맑음,11.3,1.0,1.0,32.9,19.0,31.8,,0.0,44.0,남남동,3.9,1003.6
2024-07-13,17:00,구름조금,12.5,3.0,2.0,32.5,18.6,31.4,,0.0,44.0,남남동,3.3,1004.1
2024-07-13,18:00,맑음,13.0,1.0,1.0,32.2,19.7,31.5,,0.0,48.0,남남동,1.7,1004.2
2024-07-13,19:00,구름조금,6.7,3.0,1.0,30.2,23.3,31.2,,0.0,67.0,서남서,2.9,1005.0
2024-07-13,20:00,구름많음,6.6,6.0,1.0,28.8,22.5,30.0,,0.0,69.0,서,2.3,1005.4
2024-07-13,21:00,연무,7.8,2.0,2.0,27.8,21.8,29.1,,0.0,70.0,서남서,3.3,1006.4
2024-07-13,22:00,구름많음,10.8,7.0,1.0,27.0,21.2,28.3,,0.0,71.0,서,3.3,1007.8
2024-07-13,23:00,약한 소나기,10.0,7.0,7.0,26.8,21.5,28.3,0.0,0.0,73.0,서남서,2.3,1008.1
2024-07-14,06:00,구름많음,12.1,8.0,0.0,25.0,20.6,26.7,0.0,0.0,77.0,북동,2.5,1008.2
2024-07-14,07:00,구름많음,12.8,8.0,0.0,24.9,19.9,26.4,0.0,0.0,74.0,동북동,2.5,1009.0
2024-07-14,08:00,구름조금,13.7,4.0,0.0,25.7,19.8,26.9,0.0,0.0,70.0,동북동,2.9,1008.9
2024-07-14,09:00,구름조금,15.7,5.0,5.0,26.8,19.9,27.7,0.0,0.0,66.0,북동,3.2,1009.5
2024-07-14,10:00,맑음,16.0,1.0,1.0,28.5,21.0,29.3,0.0,0.0,64.0,북동,3.3,1009.0
2024-07-14,11:00,맑음,16.5,1.0,1.0,29.5,21.7,30.2,0.0,0.0,63.0,동,2.2,1008.9
2024-07-14,12:00,구름조금,19.7,3.0,3.0,30.6,21.6,31.0,0.0,0.0,59.0,북동,2.9,1008.7
2024-07-14,13:00,구름많음,19.4,6.0,6.0,30.9,21.6,31.2,0.0,0.0,58.0,동북동,2.6,1008.2
2024-07-14,14:00,구름많음,18.4,7.0,7.0,31.6,21.7,31.7,0.0,0.0,56.0,동,2.4,1008.0
2024-07-14,15:00,구름많음,17.0,8.0,8.0,31.3,21.7,31.5,0.0,0.0,57.0,동,2.0,1008.0
2024-07-14,16:00,구름많음,20 이상,6.0,6.0,31.4,21.5,31.5,0.0,0.0,56.0,동,2.6,1007.9
2024-07-14,17:00,구름조금,20 이상,5.0,5.0,32.1,21.9,32.1,0.0,0.0,55.0,동,2.4,1007.8
2024-07-14,18:00,구름조금,20 이상,5.0,5.0,31.5,21.6,31.6,0.0,0.0,56.0,동남동,3.0,1008.1
2024-07-14,19:00,,20 이상,,,30.5,21.0,30.7,0.0,0.0,57.0,남동,2.6,1008.6
2024-07-14,20:00,소나기 끝,20 이상,7.0,7.0,29.1,22.0,30.0,0.4,0.0,66.0,동남동,2.8,1009.1
2024-07-14,21:00,맑음,20 이상,0.0,0.0,28.5,21.5,29.4,0.4,0.0,66.0,동,2.6,1009.7
2024-07-14,22:00,,20 이상,,,28.0,21.5,29.1,0.4,0.0,68.0,동북동,1.5,1010.4
2024-07-14,23:00,,20 이상,,,27.4,21.6,28.7,0.4,0.0,71.0,동,2.2,1010.8
2024-07-15,06:00,맑음,20 이상,1.0,0.0,24.6,19.4,26.0,,0.0,73.0,동북동,2.6,1011.4
2024-07-15,07:00,맑음,20 이상,0.0,0.0,25.1,19.4,26.4,,0.0,71.0,동북동,2.4,1011.6
2024-07-15,08:00,맑음,20 이상,0.0,0.0,26.5,19.8,27.5,,0.0,67.0,동북동,3.3,1011.8
2024-07-15,09:00,맑음,20 이상,0.0,0.0,28.2,20.4,28.9,,0.0,63.0,동북동,2.7,1011.5
2024-07-15,10:00,맑음,20 이상,1.0,1.0,29.0,20.4,29.4,,0.0,60.0,동북동,2.6,1011.6
2024-07-15,11:00,구름조금,20 이상,4.0,4.0,29.9,21.0,30.3,,0.0,59.0,동,2.8,1011.5
2024-07-15,12:00,구름많음,20 이상,7.0,7.0,30.3,21.6,30.7,,0.0,60.0,동북동,1.9,1011.3
2024-07-15,13:00,구름많음,20 이상,8.0,8.0,30.5,21.2,30.8,,0.0,58.0,남남동,2.5,1011.1
2024-07-15,14:00,구름많음,20 이상,8.0,8.0,30.7,21.7,31.1,,0.0,59.0,남동,1.7,1010.8
2024-07-15,15:00,구름많음,20 이상,8.0,8.0,30.9,21.3,31.1,,0.0,57.0,동남동,1.6,1010.1
2024-07-15,16:00,구름많음,20 이상,8.0,8.0,30.8,21.5,31.1,,0.0,58.0,남동,2.5,1009.7
2024-07-15,17:00,구름많음,20 이상,6.0,6.0,30.9,21.6,31.2,,0.0,58.0,동남동,2.4,1009.3
2024-07-15,18:00,구름많음,20 이상,6.0,6.0,30.7,21.4,31.0,,0.0,58.0,남동,2.7,1009.1
2024-07-15,19:00,,20 이상,,,30.4,21.4,30.8,,0.0,59.0,동남동,2.3,1009.3
2024-07-15,20:00,,20 이상,,,29.8,21.4,30.3,,0.0,61.0,남동,2.5,1009.7
2024-07-15,21:00,흐림,20 이상,9.0,9.0,29.4,21.8,30.2,,0.0,64.0,동남동,2.5,1010.4
2024-07-15,22:00,,20 이상,,,29.1,21.8,30.0,,0.0,65.0,동남동,2.3,1010.7
2024-07-15,23:00,,20 이상,,,28.8,22.0,29.8,,0.0,67.0,동남동,2.2,1010.8
2024-07-16,06:00,구름조금,20 이상,3.0,3.0,25.8,21.6,27.6,,0.0,78.0,북동,2.4,1010.5
2024-07-16,07:00,구름조금,20 이상,4.0,4.0,26.0,21.6,27.8,,0.0,77.0,북동,2.7,1010.7
2024-07-16,08:00,구름조금,20 이상,4.0,1.0,27.5,22.2,29.0,,0.0,73.0,동남동,3.2,1010.8
2024-07-16,09:00,구름많음,20 이상,6.0,1.0,28.7,22.2,29.8,,0.0,68.0,남동,2.3,1010.3
2024-07-16,10:00,구름많음,20 이상,6.0,4.0,30.0,22.6,30.9,,0.0,65.0,남동,2.1,1010.1
2024-07-16,11:00,구름많음,20 이상,8.0,8.0,29.5,22.2,30.4,,0.0,65.0,동남동,4.0,1009.7
2024-07-16,12:00,구름많음,20 이상,8.0,6.0,30.3,22.4,31.0,,0.0,63.0,동북동,2.6,1009.4
2024-07-16,13:00,흐림,20 이상,10.0,8.0,30.1,22.5,30.9,,0.0,64.0,남동,1.6,1009.1
2024-07-16,14:00,약한 비 단속적,20 이상,10.0,8.0,28.9,22.6,30.1,0.0,0.0,69.0,남,4.2,1009.1
2024-07-16,15:00,약한 비 단속적,20 이상,10.0,8.0,28.3,22.5,29.6,0.0,0.0,71.0,남남동,3.2,1009.0
2024-07-16,16:00,보통 비 연속적,12.0,10.0,8.0,25.9,22.9,28.2,3.5,0.0,84.0,남동,1.7,1009.4
2024-07-16,17:00,약한 비 연속적,10.6,10.0,8.0,25.6,23.6,28.2,6.3,0.0,89.0,동남동,2.2,1008.9
2024-07-16,18:00,약한 비 연속적,16.1,10.0,8.0,25.8,23.8,28.4,6.7,0.0,89.0,동,1.4,1008.8
2024-07-16,19:00,비 끝,20 이상,10.0,8.0,25.5,23.1,28.0,6.7,0.0,87.0,동,1.4,1008.7
2024-07-16,20:00,보통 비 연속적,9.4,10.0,8.0,25.1,23.5,27.9,13.9,0.0,91.0,북북서,0.9,1008.9
2024-07-16,21:00,약한 비 연속적,5.2,10.0,8.0,25.4,23.9,28.2,14.4,0.0,92.0,남남서,2.7,1009.1
2024-07-16,22:00,약한 비 단속적,11.5,10.0,7.0,25.4,23.8,28.2,14.6,0.0,91.0,남남서,2.4,1010.0
2024-07-16,23:00,약한 비 연속적,12.5,10.0,8.0,24.7,23.3,27.5,16.5,0.0,92.0,남남서,1.6,1009.8
2024-07-17,06:00,비 끝,16.7,10.0,8.0,24.7,23.4,27.6,6.6,0.0,93.0,남동,1.2,1007.2
2024-07-17,07:00,약한 비 단속적,14.1,10.0,8.0,25.0,23.9,28.0,6.6,0.0,94.0,남남동,2.9,1007.4
2024-07-17,08:00,보통 비 연속적,6.0,10.0,9.0,25.2,24.5,28.3,13.1,0.0,96.0,서,3.5,1008.1
2024-07-17,09:00,"강한 천둥번개, 비",0.8,10.0,9.0,25.2,24.6,28.4,45.3,0.0,97.0,서남서,2.4,1008.5
2024-07-17,10:00,"강한 천둥번개, 비",10.4,10.0,9.0,24.4,23.5,27.4,84.3,0.0,95.0,동,1.5,1008.3
2024-07-17,11:00,천둥번개 끝,20 이상,10.0,8.0,24.4,23.3,27.3,84.4,0.0,94.0,북동,1.6,1008.5
2024-07-17,12:00,비 끝,20 이상,10.0,8.0,25.6,24.1,28.4,84.4,0.0,92.0,남,1.9,1008.8
2024-07-17,13:00,약한 비 단속적,20 이상,10.0,8.0,26.7,24.3,29.2,84.4,0.0,87.0,남남서,3.0,1008.6
2024-07-17,14:00,약한 비 단속적,20 이상,10.0,7.0,28.0,23.5,29.8,84.4,0.0,77.0,남,6.3,1007.5
2024-07-17,15:00,약한 비 단속적,20 이상,10.0,7.0,27.1,24.3,29.5,84.4,0.0,85.0,남남서,3.1,1007.4
2024-07-17,16:00,약한 비 단속적,18.0,10.0,8.0,26.7,24.3,29.2,84.8,0.0,87.0,남남서,2.8,1006.9
2024-07-17,17:00,약한 비 연속적,4.7,10.0,8.0,26.2,24.6,29.0,86.6,0.0,91.0,서남서,4.1,1006.7
2024-07-17,18:00,보통 비 연속적,20 이상,10.0,8.0,25.0,23.0,27.6,90.6,0.0,89.0,서북서,3.9,1006.7
2024-07-17,19:00,약한 비 단속적,20 이상,10.0,8.0,24.5,23.1,27.3,90.6,0.0,92.0,서,2.3,1006.3
2024-07-17,20:00,비 끝,20 이상,10.0,7.0,24.9,23.6,27.8,90.6,0.0,93.0,북북동,0.9,1006.0
2024-07-17,21:00,구름많음,20 이상,8.0,8.0,25.9,24.1,28.6,90.6,0.0,90.0,남,3.6,1005.9
2024-07-17,22:00,약한 비 단속적,20 이상,10.0,8.0,26.2,24.0,28.8,90.6,0.0,88.0,남남서,2.8,1006.4
2024-07-17,23:00,약한 비 연속적,10.2,10.0,8.0,26.1,24.1,28.7,91.1,0.0,89.0,남,3.7,1005.8
2024-07-18,06:00,보통 비 연속적,1.5,10.0,9.0,24.1,23.7,27.3,28.7,0.0,98.0,남동,2.2,1001.4
2024-07-18,07:00,보통 비 연속적,3.9,10.0,9.0,23.7,23.1,26.8,39.0,0.0,97.0,남서,2.7,1001.8
2024-07-18,08:00,보통 비 연속적,5.9,10.0,9.0,23.2,22.5,26.2,53.0,0.0,96.0,남남서,3.4,1002.5
2024-07-18,09:00,약한 비 연속적,10.0,10.0,7.0,23.3,22.4,26.3,55.7,0.0,95.0,남서,2.2,1002.1
2024-07-18,10:00,보통 비 연속적,6.6,10.0,9.0,23.3,22.7,26.4,63.0,0.0,97.0,남남서,2.3,1002.2
2024-07-18,11:00,보통 비 연속적,5.8,10.0,9.0,23.5,23.1,26.7,70.7,0.0,98.0,남남서,2.8,1002.2
2024-07-18,12:00,보통 비 연속적,10.0,10.0,9.0,23.9,23.3,27.0,74.4,0.0,97.0,동,1.5,1000.9
2024-07-18,13:00,보통 비 연속적,1.8,10.0,9.0,23.9,23.5,27.1,87.3,0.0,98.0,동북동,1.4,999.9
2024-07-18,14:00,보통 비 연속적,2.1,10.0,9.0,23.9,23.3,27.0,101.3,0.0,97.0,북서,1.8,999.1
2024-07-18,15:00,강한 비 연속적,1.5,10.0,9.0,23.9,23.5,27.1,119.3,0.0,98.0,동북동,1.8,998.5
2024-07-18,16:00,보통 비 단속적,20 이상,10.0,8.0,24.3,23.7,27.4,128.8,0.0,97.0,정온,0.4,998.9
2024-07-18,17:00,비 끝,20 이상,10.0,6.0,24.5,23.6,27.5,128.8,0.0,95.0,서남서,2.5,1000.0
2024-07-18,18:00,흐림,20 이상,10.0,8.0,24.7,23.6,27.6,128.8,0.0,94.0,서북서,2.0,1000.5
2024-07-18,19:00,,20 이상,,,24.6,23.3,27.5,128.8,0.0,93.0,남서,1.7,1001.6
2024-07-18,20:00,,20 이상,,,24.6,23.3,27.5,128.8,0.0,93.0,남남서,1.4,1002.2
2024-07-18,21:00,비 끝,8.9,10.0,8.0,24.8,23.9,27.8,128.8,0.0,95.0,남남서,2.1,1003.0
2024-07-18,22:00,구름많음,7.6,6.0,1.0,24.5,23.4,27.4,128.8,0.0,94.0,남남서,2.6,1003.5
2024-07-18,23:00,약한 이슬비 단속적,5.5,10.0,10.0,24.4,23.5,27.4,128.8,0.0,95.0,남남서,2.1,1003.9
2024-07-19,06:00,박무,5.0,8.0,2.0,24.3,23.4,27.3,0.1,0.0,95.0,남남동,1.3,1004.6
2024-07-19,07:00,박무,7.9,8.0,6.0,24.4,23.3,27.3,0.1,0.0,94.0,남남서,1.8,1004.7
2024-07-19,08:00,흐림,12.5,9.0,2.0,24.8,23.4,27.6,0.1,0.0,92.0,남,2.2,1004.9
2024-07-19,09:00,흐림,13.8,9.0,9.0,25.8,23.4,28.3,0.1,0.0,87.0,남,2.0,1005.0
2024-07-19,10:00,흐림,14.2,9.0,9.0,26.7,23.5,28.9,0.1,0.0,83.0,남,2.4,1004.8
2024-07-19,11:00,흐림,15.9,9.0,6.0,28.0,23.5,29.8,0.1,0.0,77.0,남,3.4,1004.8
2024-07-19,12:00,구름많음,16.2,8.0,5.0,28.4,22.8,29.8,0.1,0.0,72.0,남서,3.3,1004.8
2024-07-19,13:00,흐림,14.3,9.0,4.0,29.1,23.2,30.5,0.1,0.0,71.0,서,2.4,1004.0
2024-07-19,14:00,구름많음,17.7,8.0,5.0,29.9,23.0,30.9,0.1,0.0,67.0,남남서,3.1,1003.9
2024-07-19,15:00,구름많음,18.7,8.0,4.0,30.7,22.5,31.3,0.1,0.0,62.0,남남서,3.0,1004.0
2024-07-19,16:00,구름많음,20 이상,7.0,3.0,30.7,22.5,31.3,0.1,0.0,62.0,남남서,3.3,1004.1
2024-07-19,17:00,구름많음,17.5,6.0,3.0,30.2,23.1,31.2,0.1,0.0,66.0,서남서,3.1,1004.3
2024-07-19,18:00,구름많음,20 이상,7.0,3.0,29.8,21.9,30.5,0.1,0.0,63.0,남서,3.0,1004.4
2024-07-19,19:00,,19.3,,,28.7,22.9,30.1,0.1,0.0,71.0,남서,2.7,1005.1
2024-07-19,20:00,,14.8,,,27.8,23.3,29.6,0.1,0.0,77.0,남남서,3.1,1005.5
2024-07-19,21:00,구름조금,16.8,5.0,5.0,26.9,23.3,29.0,0.1,0.0,81.0,남서,2.7,1005.9
2024-07-19,22:00,,14.2,,,26.6,23.4,28.8,0.1,0.0,83.0,남서,1.9,1006.4
2024-07-19,23:00,,12.0,,,26.3,23.3,28.6,0.1,0.0,84.0,남서,3.3,1007.2
2024-07-20,06:00,흐림,20 이상,10.0,8.0,25.2,22.6,27.6,,0.0,86.0,정온,0.4,1007.9
2024-07-20,07:00,흐림,20 이상,10.0,7.0,25.3,22.5,27.6,,0.0,85.0,동남동,1.1,1007.6
2024-07-20,08:00,구름많음,20 이상,7.0,3.0,26.3,22.9,28.4,,0.0,82.0,남동,1.8,1007.6
2024-07-20,09:00,약한 비 단속적,20 이상,10.0,8.0,26.5,22.5,28.4,0.0,0.0,79.0,남,3.0,1008.3
2024-07-20,10:00,약한 비 연속적,16.7,10.0,8.0,25.8,22.6,28.0,0.4,0.0,83.0,남,2.3,1008.6
2024-07-20,11:00,비 끝,20 이상,9.0,4.0,26.8,22.8,28.7,0.4,0.0,79.0,남남동,3.0,1007.9
2024-07-20,12:00,흐림,20 이상,9.0,7.0,27.8,23.3,29.6,0.4,0.0,77.0,남남동,2.1,1007.3
2024-07-20,13:00,흐림,20 이상,10.0,7.0,27.5,23.0,29.3,0.4,0.0,77.0,동남동,2.7,1006.8
2024-07-20,14:00,흐림,20 이상,9.0,4.0,28.4,23.7,30.1,0.4,0.0,76.0,남동,2.5,1005.7
2024-07-20,15:00,구름많음,20 이상,8.0,3.0,29.6,24.4,31.2,0.4,0.0,74.0,동,3.0,1004.6
2024-07-20,16:00,구름많음,20 이상,7.0,2.0,30.4,24.0,31.6,0.4,0.0,69.0,남남동,3.3,1003.9
2024-07-20,17:00,흐림,20 이상,9.0,7.0,29.9,23.8,31.2,0.4,0.0,70.0,남남동,2.5,1003.7
2024-07-20,18:00,흐림,20 이상,9.0,2.0,29.6,24.2,31.1,0.4,0.0,73.0,남남동,2.9,1002.6
2024-07-20,19:00,"약한 천둥번개, 비",1.3,10.0,8.0,27.6,25.4,30.2,12.5,0.0,88.0,남남서,3.9,1003.1
2024-07-20,20:00,천둥번개 끝,20 이상,9.0,6.0,26.3,23.9,28.8,14.2,0.0,87.0,남,3.2,1003.0
2024-07-20,21:00,비 끝,20 이상,10.0,7.0,26.6,24.8,29.3,14.8,0.0,90.0,남남서,4.3,1003.5
2024-07-20,22:00,비 끝,20 이상,10.0,9.0,26.7,24.7,29.4,14.9,0.0,89.0,남남서,4.4,1003.6
2024-07-20,23:00,,20 이상,,,26.5,23.7,28.9,14.9,0.0,85.0,남남서,3.8,1003.3
2024-07-21,06:00,비 끝,18.2,9.0,7.0,23.0,21.8,25.8,7.4,0.0,93.0,남서,4.5,1004.9
2024-07-21,07:00,흐림,20 이상,9.0,7.0,23.2,21.6,25.9,7.4,0.0,91.0,서남서,2.0,1006.5
2024-07-21,08:00,약한 비 단속적,20 이상,10.0,8.0,23.7,21.9,26.3,7.4,0.0,90.0,남서,2.7,1007.2
2024-07-21,09:00,약한 비 단속적,11.9,10.0,8.0,23.7,21.9,26.3,7.4,0.0,90.0,남서,3.3,1008.0
2024-07-21,10:00,비 끝,16.1,10.0,5.0,24.0,22.6,26.8,8.5,0.0,92.0,남서,1.5,1007.8
2024-07-21,11:00,흐림,17.1,9.0,9.0,25.6,24.0,28.4,8.5,0.0,91.0,남서,2.4,1007.9
2024-07-21,12:00,흐림,20 이상,9.0,9.0,27.0,23.2,29.0,8.5,0.0,80.0,남남서,3.2,1007.6
2024-07-21,13:00,흐림,20 이상,9.0,9.0,27.6,24.0,29.7,8.5,0.0,81.0,남서,3.6,1007.4
2024-07-21,14:00,흐림,19.1,9.0,9.0,28.0,24.2,30.0,8.5,0.0,80.0,남서,2.5,1007.2
2024-07-21,15:00,흐림,19.4,9.0,9.0,28.2,24.4,30.2,8.5,0.0,80.0,남남서,3.7,1006.8
2024-07-21,16:00,흐림,20 이상,9.0,9.0,29.4,24.7,31.2,8.5,0.0,76.0,남남서,3.1,1006.3
2024-07-21,17:00,구름많음,20 이상,8.0,8.0,29.3,23.9,30.8,8.5,0.0,73.0,남,3.0,1006.3
2024-07-21,18:00,구름많음,20 이상,8.0,8.0,29.6,24.6,31.3,8.5,0.0,75.0,남남서,2.6,1006.4
2024-07-21,19:00,,20 이상,,,29.4,24.9,31.2,8.5,0.0,77.0,남남서,3.3,1006.8
2024-07-21,20:00,비 끝,20 이상,10.0,8.0,28.6,24.8,30.7,8.5,0.0,80.0,남남서,3.0,1007.3
2024-07-21,21:00,흐림,20 이상,10.0,9.0,28.2,25.0,30.5,8.5,0.0,83.0,남,3.7,1007.7
2024-07-21,22:00,,20 이상,,,28.1,25.1,30.4,8.5,0.0,84.0,남남서,2.1,1007.8
2024-07-21,23:00,,19.0,,,28.1,25.1,30.4,8.5,0.0,84.0,남남서,2.5,1008.2
2024-07-22,06:00,비 끝,20 이상,10.0,9.0,26.3,24.8,29.2,11.4,0.0,92.0,남,3.2,1007.0
2024-07-22,07:00,비 끝,20 이상,9.0,7.0,26.2,24.7,29.1,11.4,0.0,92.0,남남서,2.2,1007.1
2024-07-22,08:00,흐림,20 이상,9.0,7.0,26.5,24.7,29.2,11.4,0.0,90.0,남,2.6,1007.1
2024-07-22,09:00,비 끝,20 이상,10.0,8.0,26.5,24.3,29.1,11.4,0.0,88.0,남,3.2,1007.2
2024-07-22,10:00,약한 비 단속적,20 이상,10.0,8.0,26.6,24.2,29.1,11.4,0.0,87.0,남남서,4.1,1007.7
2024-07-22,11:00,"약한 천둥번개, 비",3.7,10.0,8.0,24.4,22.6,27.1,26.0,0.0,90.0,남남서,5.1,1007.1
2024-07-22,12:00,천둥번개 끝,20 이상,9.0,7.0,25.4,23.8,28.2,27.9,0.0,91.0,동,0.9,1006.3
2024-07-22,13:00,흐림,20 이상,10.0,7.0,27.0,25.0,29.7,27.9,0.0,89.0,남남동,1.8,1005.5
2024-07-22,14:00,약한 비 단속적,14.2,10.0,7.0,26.7,24.9,29.4,29.1,0.0,90.0,남,2.7,1005.3
2024-07-22,15:00,강한 비 단속적,2.3,10.0,8.0,26.0,24.7,28.9,45.1,0.0,93.0,남서,3.9,1005.3
2024-07-22,16:00,약한 비 단속적,20 이상,10.0,7.0,26.7,25.2,29.6,47.7,0.0,92.0,동남동,0.9,1003.9
2024-07-22,17:00,비 끝,20 이상,10.0,8.0,27.2,25.2,29.9,47.7,0.0,89.0,남,1.7,1002.9
2024-07-22,18:00,흐림,20 이상,10.0,7.0,27.3,24.7,29.8,47.7,0.0,86.0,남,3.3,1003.1
2024-07-22,19:00,,20 이상,,,27.6,24.4,29.9,47.7,0.0,83.0,남,4.1,1002.2
2024-07-22,20:00,,20 이상,,,27.7,24.1,29.8,47.7,0.0,81.0,남,3.7,1001.6
2024-07-22,21:00,비 끝,20 이상,10.0,8.0,27.6,24.2,29.8,47.7,0.0,82.0,남남동,2.4,1001.7
2024-07-22,22:00,,20 이상,,,27.8,24.4,30.0,47.7,0.0,82.0,남,4.1,1002.0
2024-07-22,23:00,약한 비 단속적,11.1,10.0,8.0,27.2,24.6,29.7,48.0,0.0,86.0,남남서,7.2,1000.8
2024-07-23,06:00,약한 비 단속적,14.9,10.0,8.0,25.9,24.6,28.8,0.1,0.0,93.0,남서,3.3,1003.9
2024-07-23,07:00,비 끝,19.0,10.0,6.0,25.9,24.3,28.7,0.1,0.0,91.0,남남서,3.3,1003.7
2024-07-23,08:00,흐림,20 이상,10.0,6.0,26.2,24.2,28.8,0.1,0.0,89.0,남남서,4.4,1004.3
2024-07-23,09:00,흐림,20 이상,10.0,8.0,26.4,24.0,28.9,0.1,0.0,87.0,남남서,3.0,1004.7
2024-07-23,10:00,흐림,20 이상,10.0,8.0,26.5,23.5,28.8,0.1,0.0,84.0,남남서,4.2,1004.8
2024-07-23,11:00,약한 비 단속적,20 이상,10.0,8.0,25.9,24.3,28.7,0.9,0.0,91.0,남서,3.1,1004.9
2024-07-23,12:00,약한 비 연속적,20 이상,10.0,9.0,26.0,24.4,28.8,1.2,0.0,91.0,남남서,1.5,1004.2
2024-07-23,13:00,약한 비 연속적,20 이상,10.0,8.0,26.3,24.5,29.0,1.7,0.0,90.0,남남서,2.4,1004.0
2024-07-23,14:00,약한 비 단속적,18.1,10.0,8.0,26.4,24.2,29.0,2.0,0.0,88.0,남남서,3.2,1004.1
2024-07-23,15:00,비 끝,20 이상,10.0,8.0,27.0,24.2,29.4,2.0,0.0,85.0,남서,3.3,1003.7
2024-07-23,16:00,흐림,20 이상,10.0,8.0,27.2,24.0,29.4,2.0,0.0,83.0,남서,2.9,1003.2
2024-07-23,17:00,흐림,20 이상,10.0,7.0,27.0,24.2,29.4,2.0,0.0,85.0,서남서,3.2,1003.5
2024-07-23,18:00,흐림,20 이상,10.0,8.0,27.2,24.4,29.6,2.0,0.0,85.0,서남서,2.7,1003.3
2024-07-23,19:00,,20 이상,,,27.1,24.1,29.4,2.0,0.0,84.0,남서,2.3,1003.0
2024-07-23,20:00,,20 이상,,,26.8,23.2,28.9,2.0,0.0,81.0,남남서,2.8,1003.2
2024-07-23,21:00,구름많음,20 이상,8.0,8.0,26.5,23.3,28.7,2.0,0.0,83.0,남남서,2.4,1004.2
2024-07-23,22:00,,20 이상,,,26.3,22.9,28.4,2.0,0.0,82.0,남남서,1.9,1005.1
2024-07-23,23:00,,20 이상,,,26.4,23.8,28.8,2.0,0.0,86.0,남,2.2,1004.8
2024-07-24,06:00,비 끝,11.4,10.0,8.0,26.1,25.2,29.2,13.4,0.0,95.0,서,3.1,1003.8
2024-07-24,07:00,흐림,16.6,10.0,6.0,26.2,25.3,29.3,13.4,0.0,95.0,서남서,1.6,1004.6
2024-07-24,08:00,약한 비 단속적,19.2,10.0,7.0,26.4,25.3,29.4,13.4,0.0,94.0,남서,1.7,1004.9
2024-07-24,09:00,비 끝,20 이상,9.0,9.0,27.2,25.9,30.2,14.1,0.0,93.0,정온,0.3,1004.8
2024-07-24,10:00,약한 비 단속적,8.6,9.0,7.0,27.4,25.4,30.1,14.5,0.0,89.0,남남서,2.9,1004.6
2024-07-24,11:00,약한 비 단속적,20 이상,9.0,7.0,28.2,26.2,30.9,14.7,0.0,89.0,서남서,2.1,1004.1
2024-07-24,12:00,비 끝,20 이상,9.0,5.0,29.2,25.5,31.3,14.7,0.0,81.0,서남서,3.0,1003.5
2024-07-24,13:00,구름많음,20 이상,7.0,4.0,30.0,25.7,31.9,14.7,0.0,78.0,남서,3.1,1003.4
2024-07-24,14:00,구름많음,20 이상,8.0,4.0,30.9,25.7,32.5,14.7,0.0,74.0,남남서,3.5,1003.2
2024-07-24,15:00,구름많음,20 이상,8.0,7.0,30.8,25.3,32.3,14.7,0.0,73.0,서,3.0,1003.3
2024-07-24,16:00,구름많음,20 이상,8.0,4.0,30.8,25.3,32.3,14.7,0.0,73.0,서남서,4.0,1003.4
2024-07-24,17:00,구름많음,20 이상,6.0,6.0,30.7,25.2,32.2,14.7,0.0,73.0,서,3.6,1003.3
2024-07-24,18:00,구름조금,20 이상,5.0,5.0,29.9,25.2,31.7,14.7,0.0,76.0,서남서,3.2,1003.0
2024-07-24,19:00,,20 이상,,,29.2,24.9,31.1,14.7,0.0,78.0,서남서,3.2,1003.8
2024-07-24,20:00,,20 이상,,,28.5,24.9,30.6,14.7,0.0,81.0,서남서,3.0,1004.3
2024-07-24,21:00,구름조금,20 이상,4.0,4.0,28.1,24.9,30.4,14.7,0.0,83.0,남서,2.9,1004.9
2024-07-24,22:00,,20 이상,,,28.0,25.2,30.4,14.7,0.0,85.0,남서,2.6,1004.9
2024-07-24,23:00,,20 이상,,,27.7,24.9,30.1,14.7,0.0,85.0,남남서,2.7,1004.7
2024-07-25,06:00,구름많음,15.4,8.0,4.0,26.8,25.0,29.5,0.0,0.0,90.0,남남서,1.7,1005.2
2024-07-25,07:00,소나기 끝,14.9,8.0,6.0,27.1,25.1,29.8,0.0,0.0,89.0,남,1.3,1005.6
2024-07-25,08:00,구름많음,20 이상,8.0,3.0,27.6,25.2,30.1,0.0,0.0,87.0,남동,1.2,1005.7
2024-07-25,09:00,흐림,20 이상,9.0,3.0,28.5,25.3,30.8,0.0,0.0,83.0,남동,1.2,1005.6
2024-07-25,10:00,구름많음,20 이상,8.0,2.0,29.3,25.2,31.3,0.0,0.0,79.0,남동,1.5,1005.6
2024-07-25,11:00,구름많음,20 이상,8.0,4.0,30.7,24.8,32.1,0.0,0.0,71.0,남,2.4,1005.8
2024-07-25,12:00,약한 소나기,13.5,9.0,7.0,30.6,25.1,32.1,0.0,0.0,73.0,남,1.6,1005.7
2024-07-25,13:00,소나기 끝,20 이상,9.0,7.0,29.8,26.1,32.0,5.9,0.0,81.0,북북서,1.9,1005.7
2024-07-25,14:00,구름많음,20 이상,8.0,4.0,31.3,26.3,33.0,5.9,0.0,75.0,서,2.0,1005.3
2024-07-25,15:00,구름많음,20 이상,8.0,4.0,31.5,24.8,32.6,5.9,0.0,68.0,서,2.5,1005.0
2024-07-25,16:00,구름많음,20 이상,8.0,4.0,32.2,25.0,33.2,5.9,0.0,66.0,남남서,1.8,1004.6
2024-07-25,17:00,구름많음,20 이상,8.0,3.0,32.0,24.8,33.0,5.9,0.0,66.0,서남서,2.0,1004.7
2024-07-25,18:00,흐림,20 이상,9.0,2.0,31.6,25.4,32.9,5.9,0.0,70.0,서북서,2.2,1004.6
2024-07-25,19:00,,20 이상,,,30.9,25.0,32.3,5.9,0.0,71.0,서북서,2.1,1005.3
2024-07-25,20:00,,20 이상,,,30.2,24.5,31.7,5.9,0.0,72.0,북북서,1.6,1006.0
2024-07-25,21:00,흐림,20 이상,9.0,5.0,29.1,23.9,30.7,5.9,0.0,74.0,동남동,3.7,1007.6
2024-07-25,22:00,소나기 끝,20 이상,8.0,6.0,26.1,23.9,28.7,21.0,0.0,88.0,동북동,1.4,1008.3
2024-07-25,23:00,소나기 끝,20 이상,8.0,4.0,25.9,24.1,28.6,21.0,0.0,90.0,북동,3.1,1008.4
2024-07-26,06:00,구름많음,20 이상,6.0,4.0,25.3,23.8,28.1,0.7,0.0,92.0,북동,2.3,1008.5
2024-07-26,07:00,구름많음,20 이상,6.0,1.0,25.9,24.3,28.7,0.7,0.0,91.0,북동,2.3,1008.8
2024-07-26,08:00,구름많음,20 이상,6.0,1.0,27.2,25.0,29.8,0.7,0.0,88.0,동북동,1.6,1008.9
2024-07-26,09:00,구름많음,20 이상,7.0,5.0,28.6,25.6,31.0,0.7,0.0,84.0,동,1.2,1008.9
2024-07-26,10:00,구름많음,20 이상,7.0,2.0,29.4,25.5,31.5,0.7,0.0,80.0,동북동,2.0,1008.9
2024-07-26,11:00,구름많음,20 이상,7.0,2.0,31.3,25.6,32.8,0.7,0.0,72.0,동남동,2.8,1008.7
2024-07-26,12:00,흐림,20 이상,9.0,1.0,32.0,25.5,33.2,0.7,0.0,69.0,남동,3.7,1008.8
2024-07-26,13:00,구름많음,20 이상,8.0,5.0,32.2,25.5,33.4,0.7,0.0,68.0,동남동,3.0,1008.6
2024-07-26,14:00,소나기 끝,20 이상,7.0,4.0,30.4,26.5,32.5,3.6,0.0,80.0,서,1.1,1008.5
2024-07-26,15:00,구름많음,20 이상,8.0,5.0,32.4,27.1,34.1,3.6,0.0,74.0,남동,2.8,1007.9
2024-07-26,16:00,흐림,20 이상,9.0,5.0,32.2,25.2,33.3,3.6,0.0,67.0,남동,3.9,1007.6
2024-07-26,17:00,천둥번개 끝,20 이상,9.0,7.0,29.1,25.7,31.3,5.5,0.0,82.0,남,1.7,1008.9
2024-07-26,18:00,흐림,20 이상,9.0,4.0,29.3,25.6,31.4,5.5,0.0,81.0,동,1.2,1009.4
2024-07-26,19:00,,20 이상,,,29.1,25.4,31.2,5.5,0.0,81.0,남동,2.7,1010.4
2024-07-26,20:00,,20 이상,,,29.0,25.4,31.1,5.5,0.0,81.0,동남동,1.4,1011.0
2024-07-26,21:00,구름많음,20 이상,8.0,6.0,28.8,24.9,30.9,5.5,0.0,80.0,동남동,2.0,1011.6
2024-07-26,22:00,,20 이상,,,28.6,25.2,30.8,5.5,0.0,82.0,동,0.8,1012.2
2024-07-26,23:00,약한 비 단속적,20 이상,10.0,8.0,28.5,25.1,30.7,5.5,0.0,82.0,동,1.2,1012.4
2024-07-27,06:00,흐림,20 이상,9.0,7.0,27.5,24.7,29.9,0.0,0.0,85.0,북동,0.8,1013.3
2024-07-27,07:00,구름많음,20 이상,8.0,2.0,27.6,24.8,30.0,0.0,0.0,85.0,동,0.8,1013.7
2024-07-27,08:00,구름많음,20 이상,8.0,6.0,28.7,25.1,30.8,0.0,0.0,81.0,남동,2.0,1013.8
2024-07-27,09:00,흐림,20 이상,10.0,7.0,29.2,24.9,31.1,0.0,0.0,78.0,남남동,2.6,1014.1
2024-07-27,10:00,흐림,20 이상,9.0,9.0,29.7,25.2,31.5,0.0,0.0,77.0,남동,2.4,1014.3
2024-07-27,11:00,구름많음,20 이상,8.0,8.0,30.4,25.2,32.0,0.0,0.0,74.0,남남동,2.4,1014.2
2024-07-27,12:00,흐림,20 이상,9.0,9.0,31.2,25.0,32.5,0.0,0.0,70.0,남,2.8,1014.0
2024-07-27,13:00,흐림,20 이상,9.0,9.0,31.3,24.9,32.5,0.0,0.0,69.0,남,3.6,1013.6
2024-07-27,14:00,약한 소나기,14.8,10.0,8.0,30.1,26.4,32.3,1.5,0.0,81.0,서남서,3.1,1013.8
2024-07-27,15:00,소나기 끝,20 이상,7.0,7.0,30.9,26.8,32.9,6.3,0.0,79.0,남남서,3.1,1012.9
2024-07-27,16:00,보통 소나기,20 이상,9.0,9.0,29.2,26.4,31.6,9.7,0.0,85.0,남남서,2.1,1013.1
2024-07-27,17:00,보통 소나기,11.7,9.0,9.0,29.3,26.7,31.8,15.6,0.0,86.0,남남동,2.2,1013.2
2024-07-27,18:00,보통 소나기,4.6,9.0,9.0,28.7,26.8,31.5,25.7,0.0,90.0,남남동,1.4,1013.2
2024-07-27,19:00,소나기 끝,17.6,8.0,3.0,28.3,26.4,31.1,33.5,0.0,90.0,정온,0.0,1013.9
2024-07-27,20:00,,20 이상,,,28.3,26.3,31.0,33.5,0.0,89.0,남동,1.1,1014.3
2024-07-27,21:00,구름많음,16.7,6.0,4.0,28.1,26.4,31.0,33.5,0.0,91.0,정온,0.4,1015.0
2024-07-27,22:00,,16.6,,,27.9,26.2,30.8,33.5,0.0,91.0,북북동,1.4,1015.2
2024-07-27,23:00,,14.6,,,27.7,26.0,30.5,33.5,0.0,91.0,북북동,1.4,1015.1
2024-07-28,06:00,흐림,20 이상,9.0,9.0,27.3,24.9,29.8,,0.0,87.0,남동,1.1,1014.0
2024-07-28,07:00,흐림,20 이상,9.0,2.0,27.5,24.7,29.9,,0.0,85.0,남동,2.3,1013.5
2024-07-28,08:00,구름많음,20 이상,8.0,1.0,28.6,25.0,30.7,,0.0,81.0,남남동,1.7,1013.4
2024-07-28,09:00,흐림,20 이상,9.0,7.0,29.3,24.4,31.0,,0.0,75.0,남,3.9,1013.2
2024-07-28,10:00,흐림,20 이상,9.0,9.0,30.1,24.4,31.6,,0.0,72.0,남남서,4.0,1012.8
2024-07-28,11:00,흐림,20 이상,9.0,6.0,30.5,24.3,31.8,,0.0,70.0,남남서,4.0,1012.6
2024-07-28,12:00,구름많음,20 이상,8.0,6.0,31.0,23.6,31.9,,0.0,65.0,남,5.1,1012.2
2024-07-28,13:00,구름많음,20 이상,8.0,6.0,31.7,24.0,32.5,,0.0,64.0,남,4.7,1011.7
2024-07-28,14:00,구름많음,20 이상,8.0,6.0,32.0,23.5,32.5,,0.0,61.0,남서,5.3,1011.4
2024-07-28,15:00,구름많음,20 이상,8.0,8.0,31.9,24.2,32.7,,0.0,64.0,남서,5.8,1011.2
2024-07-28,16:00,소나기 끝,20 이상,8.0,8.0,30.6,24.0,31.7,0.0,0.0,68.0,남서,5.8,1011.3
2024-07-28,17:00,구름많음,20 이상,8.0,8.0,30.5,24.1,31.7,0.0,0.0,69.0,남서,4.6,1010.8
2024-07-28,18:00,흐림,20 이상,9.0,4.0,30.3,23.9,31.5,0.0,0.0,69.0,남남서,6.0,1010.5
2024-07-28,19:00,,20 이상,,,29.7,24.3,31.2,0.0,0.0,73.0,남서,4.5,1010.8
2024-07-28,20:00,,20 이상,,,29.2,24.3,30.9,0.0,0.0,75.0,남남서,3.6,1010.8
2024-07-28,21:00,구름많음,20 이상,7.0,5.0,28.8,24.3,30.6,0.0,0.0,77.0,남남서,2.7,1010.9
2024-07-28,22:00,,20 이상,,,28.3,24.0,30.2,0.0,0.0,78.0,남남서,3.4,1010.8
2024-07-28,23:00,,20 이상,,,28.0,24.0,30.0,0.0,0.0,79.0,남서,3.2,1011.1
2024-07-29,06:00,약한 비 단속적,20 이상,9.0,6.0,27.2,24.2,29.5,0.0,0.0,84.0,남남서,3.9,1009.6
2024-07-29,07:00,비 끝,20 이상,9.0,9.0,27.3,24.3,29.6,0.0,0.0,84.0,남서,2.8,1009.7
2024-07-29,08:00,약한 비 단속적,20 이상,10.0,8.0,27.4,24.4,29.7,0.0,0.0,84.0,남서,4.3,1009.7
2024-07-29,09:00,약한 비 단속적,20 이상,10.0,8.0,27.6,24.2,29.8,0.0,0.0,82.0,남서,3.8,1009.5
2024-07-29,10:00,약한 비 단속적,20 이상,10.0,7.0,27.5,24.3,29.7,0.0,0.0,83.0,남서,4.8,1009.8
2024-07-29,11:00,약한 비 단속적,20 이상,10.0,9.0,27.5,24.3,29.7,0.0,0.0,83.0,남남서,4.1,1009.7
2024-07-29,12:00,비 끝,19.3,10.0,8.0,27.6,24.6,29.9,0.0,0.0,84.0,남남서,3.1,1009.2
2024-07-29,13:00,흐림,20 이상,10.0,7.0,27.6,24.6,29.9,0.0,0.0,84.0,남서,5.0,1008.8
2024-07-29,14:00,약한 비 단속적,19.6,10.0,9.0,27.7,24.7,30.0,0.0,0.0,84.0,남서,3.8,1008.5
2024-07-29,15:00,비 끝,18.1,10.0,8.0,27.6,24.6,29.9,0.0,0.0,84.0,남서,4.9,1008.2
2024-07-29,16:00,흐림,18.3,10.0,8.0,27.6,24.6,29.9,0.0,0.0,84.0,남서,3.4,1007.8
2024-07-29,17:00,흐림,15.4,10.0,6.0,27.4,24.6,29.8,0.0,0.0,85.0,남서,5.0,1007.3
2024-07-29,18:00,흐림,13.3,10.0,6.0,27.4,24.6,29.8,0.0,0.0,85.0,남서,3.7,1006.9
2024-07-29,19:00,,14.1,,,27.4,24.4,29.7,0.0,0.0,84.0,남서,3.5,1007.1
2024-07-29,20:00,,16.3,,,27.2,24.4,29.6,0.0,0.0,85.0,남서,4.7,1007.4
2024-07-29,21:00,구름많음,18.1,8.0,8.0,27.2,24.4,29.6,0.0,0.0,85.0,남서,2.8,1008.0
2024-07-29,22:00,,18.1,,,27.1,24.1,29.4,0.0,0.0,84.0,남남서,4.3,1008.1
2024-07-29,23:00,,16.2,,,27.0,24.0,29.3,0.0,0.0,84.0,남서,4.1,1007.8
2024-07-30,06:00,흐림,20 이상,9.0,9.0,26.3,23.5,28.7,,0.0,85.0,남서,2.4,1007.6
2024-07-30,07:00,흐림,20 이상,9.0,9.0,26.4,23.8,28.8,,0.0,86.0,남서,2.9,1007.8
2024-07-30,08:00,흐림,18.4,9.0,9.0,26.5,24.1,29.0,,0.0,87.0,서남서,2.0,1008.0
2024-07-30,09:00,흐림,20 이상,9.0,9.0,26.7,23.9,29.1,,0.0,85.0,남서,1.9,1007.9
2024-07-30,10:00,흐림,20 이상,9.0,9.0,27.2,24.2,29.5,,0.0,84.0,서,2.0,1007.9
2024-07-30,11:00,구름많음,20 이상,7.0,7.0,29.0,24.7,30.9,,0.0,78.0,남남서,1.8,1007.5
2024-07-30,12:00,구름많음,20 이상,7.0,7.0,30.2,25.0,31.8,,0.0,74.0,남,2.9,1007.0
2024-07-30,13:00,구름많음,20 이상,7.0,7.0,30.8,24.9,32.2,,0.0,71.0,남남서,3.6,1006.6
2024-07-30,14:00,구름많음,20 이상,7.0,7.0,31.1,24.9,32.4,,0.0,70.0,남남서,3.0,1006.3
2024-07-30,15:00,구름많음,20 이상,6.0,6.0,31.8,24.6,32.8,,0.0,66.0,서남서,3.3,1006.3
2024-07-30,16:00,구름많음,20 이상,6.0,6.0,31.8,25.1,32.9,,0.0,68.0,남서,2.8,1006.1
2024-07-30,17:00,구름많음,20 이상,7.0,7.0,30.9,25.0,32.3,,0.0,71.0,서,2.8,1005.9
2024-07-30,18:00,구름조금,20 이상,3.0,3.0,31.2,24.8,32.4,,0.0,69.0,서북서,3.3,1005.8
2024-07-30,19:00,,20 이상,,,30.1,24.7,31.6,,0.0,73.0,서남서,3.1,1006.1
2024-07-30,20:00,,20 이상,,,29.2,24.9,31.1,,0.0,78.0,서,2.4,1006.5
2024-07-30,21:00,구름많음,19.2,8.0,8.0,28.6,25.0,30.7,,0.0,81.0,서,2.6,1007.0
2024-07-30,22:00,,18.4,,,28.2,24.8,30.4,,0.0,82.0,서남서,2.4,1007.1
2024-07-30,23:00,,19.2,,,27.9,24.9,30.2,,0.0,84.0,서,2.1,1006.8
2024-07-31,06:00,흐림,20 이상,9.0,9.0,27.0,23.6,29.2,,0.0,82.0,남,2.0,1007.8
2024-07-31,07:00,흐림,20 이상,9.0,9.0,27.1,23.7,29.3,,0.0,82.0,남,2.0,1007.8
2024-07-31,08:00,흐림,20 이상,9.0,9.0,27.7,23.9,29.7,,0.0,80.0,남남서,2.8,1007.6
2024-07-31,09:00,구름많음,20 이상,7.0,7.0,28.3,24.3,30.3,,0.0,79.0,남,2.5,1007.3
2024-07-31,10:00,구름많음,20 이상,8.0,8.0,29.1,24.2,30.8,,0.0,75.0,남남서,2.6,1007.0
2024-07-31,11:00,구름많음,20 이상,7.0,7.0,30.1,24.4,31.6,,0.0,72.0,남동,3.0,1006.8
2024-07-31,12:00,구름많음,20 이상,8.0,8.0,30.7,24.1,31.8,,0.0,68.0,남남서,3.0,1006.2
2024-07-31,13:00,구름많음,20 이상,7.0,7.0,31.5,24.6,32.6,,0.0,67.0,남,2.7,1006.0
2024-07-31,14:00,구름많음,20 이상,7.0,7.0,32.2,24.5,33.0,,0.0,64.0,서남서,3.4,1005.4
2024-07-31,15:00,구름많음,20 이상,7.0,7.0,32.6,24.8,33.4,,0.0,64.0,남,2.6,1005.0
2024-07-31,16:00,구름조금,20 이상,4.0,4.0,32.6,23.8,33.0,,0.0,60.0,남서,3.5,1004.8
2024-07-31,17:00,구름조금,20 이상,3.0,3.0,32.7,24.1,33.2,,0.0,61.0,남남서,4.5,1004.4
2024-07-31,18:00,구름조금,20 이상,3.0,3.0,32.3,24.6,33.1,,0.0,64.0,서남서,3.1,1004.4
2024-07-31,19:00,,20 이상,,,31.2,23.3,31.9,,0.0,63.0,남서,2.8,1004.8
2024-07-31,20:00,,20 이상,,,29.7,25.0,31.5,,0.0,76.0,서,2.5,1004.9
2024-07-31,21:00,구름많음,20 이상,7.0,7.0,28.9,24.8,30.9,,0.0,79.0,서,2.6,1005.4
2024-07-31,22:00,,20 이상,,,28.7,24.4,30.6,,0.0,78.0,남서,1.8,1005.3
2024-07-31,23:00,,20 이상,,,28.3,24.0,30.2,,0.0,78.0,남,3.0,1005.3
2024-08-01,06:00,흐림,20 이상,9.0,9.0,27.5,24.1,29.7,0.3,0.0,82.0,남남서,2.3,1004.7
2024-08-01,07:00,약한 비 단속적,20 이상,9.0,9.0,27.6,24.4,29.9,0.3,0.0,83.0,남남서,2.5,1005.0
2024-08-01,08:00,비 끝,20 이상,9.0,9.0,28.0,24.8,30.3,0.3,0.0,83.0,남남서,3.3,1005.1
2024-08-01,09:00,구름많음,13.2,8.0,8.0,28.9,25.0,31.0,0.3,0.0,80.0,남남동,3.0,1004.5
2024-08-01,10:00,구름많음,20 이상,7.0,7.0,29.5,25.2,31.4,0.3,0.0,78.0,남남서,2.5,1004.5
2024-08-01,11:00,구름많음,20 이상,8.0,8.0,30.4,25.2,32.0,0.3,0.0,74.0,남,2.6,1004.6
2024-08-01,12:00,흐림,20 이상,9.0,9.0,31.1,25.2,32.5,0.3,0.0,71.0,남남서,2.3,1004.2
2024-08-01,13:00,흐림,20 이상,9.0,9.0,31.3,25.4,32.7,0.3,0.0,71.0,서남서,2.4,1004.0
2024-08-01,14:00,구름많음,20 이상,8.0,8.0,32.2,25.2,33.3,0.3,0.0,67.0,남남서,3.3,1003.5
2024-08-01,15:00,구름많음,20 이상,8.0,8.0,32.7,25.2,33.6,0.3,0.0,65.0,남,2.9,1002.8
2024-08-01,16:00,구름조금,20 이상,4.0,4.0,33.1,26.1,34.2,0.3,0.0,67.0,남남서,2.8,1002.1
2024-08-01,17:00,구름조금,20 이상,4.0,4.0,32.6,25.6,33.7,0.3,0.0,67.0,남서,2.8,1002.2
2024-08-01,18:00,맑음,20 이상,2.0,2.0,32.6,25.6,33.7,0.3,0.0,67.0,남서,2.8,1002.3
2024-08-01,19:00,,20 이상,,,31.7,25.0,32.8,0.3,0.0,68.0,남서,2.3,1002.6
2024-08-01,20:00,,20 이상,,,30.4,25.4,32.1,0.3,0.0,75.0,서북서,2.8,1003.3
2024-08-01,21:00,맑음,20 이상,2.0,2.0,29.6,25.3,31.5,0.3,0.0,78.0,서,2.2,1003.8
2024-08-01,22:00,,20 이상,,,29.2,25.3,31.3,0.3,0.0,80.0,서,1.8,1003.9
2024-08-01,23:00,,20 이상,,,29.1,25.0,31.1,0.3,0.0,79.0,서남서,2.5,1004.4
2024-08-02,06:00,흐림,20 이상,9.0,9.0,28.2,25.0,30.5,,0.0,83.0,남,2.6,1003.6
2024-08-02,07:00,흐림,20 이상,9.0,9.0,28.3,25.1,30.6,,0.0,83.0,남,3.7,1003.9
2024-08-02,08:00,흐림,20 이상,9.0,9.0,28.5,25.3,30.8,,0.0,83.0,남남서,2.1,1004.0
2024-08-02,09:00,흐림,20 이상,9.0,9.0,28.9,25.0,31.0,,0.0,80.0,남남서,2.8,1003.8
2024-08-02,10:00,흐림,20 이상,10.0,9.0,28.9,25.0,31.0,,0.0,80.0,남남서,2.6,1004.0
2024-08-02,11:00,흐림,20 이상,9.0,9.0,29.3,25.8,31.5,,0.0,82.0,남서,2.7,1004.0
2024-08-02,12:00,흐림,20 이상,10.0,7.0,29.8,25.5,31.7,,0.0,78.0,서남서,2.8,1003.9
2024-08-02,13:00,구름많음,20 이상,7.0,4.0,30.8,26.0,32.6,,0.0,76.0,서,2.6,1003.3
2024-08-02,14:00,흐림,20 이상,9.0,9.0,31.1,25.6,32.7,,0.0,73.0,서,3.0,1003.2
2024-08-02,15:00,구름조금,20 이상,5.0,5.0,31.7,26.0,33.2,,0.0,72.0,서,3.3,1003.2
2024-08-02,16:00,구름조금,20 이상,4.0,4.0,32.2,26.0,33.5,,0.0,70.0,서북서,2.9,1002.7
2024-08-02,17:00,구름조금,20 이상,4.0,4.0,32.4,25.7,33.6,,0.0,68.0,서,2.7,1002.7
2024-08-02,18:00,구름많음,20 이상,8.0,1.0,31.7,26.2,33.3,,0.0,73.0,서,2.6,1002.8
2024-08-02,19:00,,15.2,,,30.9,26.3,32.8,,0.0,77.0,서,2.6,1003.5
2024-08-02,20:00,,12.4,,,29.8,26.1,32.0,,0.0,81.0,서북서,2.3,1004.2
2024-08-02,21:00,구름조금,10.9,5.0,5.0,29.2,26.0,31.5,,0.0,83.0,서남서,2.4,1004.6
2024-08-02,22:00,맑음,7.5,1.0,1.0,29.2,25.8,31.4,,0.0,82.0,서남서,2.9,1005.3
2024-08-02,23:00,맑음,8.4,0.0,0.0,29.0,25.6,31.2,,0.0,82.0,남서,3.5,1005.7
2024-08-03,06:00,박무,6.9,10.0,10.0,27.3,25.1,29.9,,0.0,88.0,서,1.4,1007.0
2024-08-03,07:00,박무,7.2,9.0,9.0,27.4,25.0,29.9,,0.0,87.0,서북서,2.0,1007.4
2024-08-03,08:00,박무,8.3,9.0,9.0,27.9,25.1,30.3,,0.0,85.0,서,1.7,1007.6
2024-08-03,09:00,박무,8.0,9.0,9.0,28.6,25.4,30.9,,0.0,83.0,북서,1.1,1007.7
2024-08-03,10:00,박무,9.4,7.0,7.0,29.9,25.8,31.9,,0.0,79.0,서남서,1.4,1007.9
2024-08-03,11:00,박무,9.8,7.0,7.0,31.0,25.5,32.6,,0.0,73.0,서,2.4,1007.5
2024-08-03,12:00,구름많음,11.4,6.0,6.0,32.0,25.5,33.2,,0.0,69.0,서남서,2.5,1007.2
2024-08-03,13:00,구름조금,16.0,5.0,5.0,32.9,25.4,33.8,,0.0,65.0,서북서,3.0,1006.9
2024-08-03,14:00,구름조금,19.6,4.0,4.0,33.2,24.9,33.8,,0.0,62.0,서북서,2.7,1006.4
2024-08-03,15:00,구름조금,19.4,4.0,4.0,33.8,24.9,34.3,,0.0,60.0,서,3.6,1006.3
2024-08-03,16:00,구름조금,18.6,3.0,3.0,34.0,25.1,34.5,,0.0,60.0,서북서,2.9,1005.8
2024-08-03,17:00,맑음,20 이상,1.0,1.0,33.8,25.4,34.4,,0.0,62.0,서,2.4,1005.4
2024-08-03,18:00,맑음,20 이상,0.0,0.0,33.4,25.3,34.1,,0.0,63.0,서,2.9,1005.5
2024-08-03,19:00,,20 이상,,,32.3,25.1,33.3,,0.0,66.0,서남서,2.5,1006.1
2024-08-03,20:00,,20 이상,,,30.7,24.5,32.0,,0.0,70.0,서북서,2.2,1006.8
2024-08-03,21:00,맑음,20 이상,0.0,0.0,30.0,24.6,31.5,,0.0,73.0,서북서,2.9,1007.5
2024-08-03,22:00,,20 이상,,,29.6,24.6,31.3,,0.0,75.0,서북서,2.7,1007.8
2024-08-03,23:00,,20 이상,,,29.2,24.3,30.9,,0.0,75.0,서북서,1.5,1007.6
2024-08-04,06:00,맑음,13.0,0.0,0.0,27.3,24.9,29.8,,0.0,87.0,북동,1.0,1008.1
2024-08-04,07:00,맑음,12.3,0.0,0.0,27.6,25.2,30.1,,0.0,87.0,북북동,1.4,1007.9
2024-08-04,08:00,맑음,12.5,0.0,0.0,29.1,26.1,31.5,,0.0,84.0,동북동,1.4,1008.2
2024-08-04,09:00,맑음,13.1,1.0,1.0,30.6,26.0,32.5,,0.0,77.0,북동,2.0,1008.3
2024-08-04,10:00,구름조금,14.0,3.0,3.0,31.8,25.8,33.2,,0.0,71.0,동,1.0,1008.0
2024-08-04,11:00,구름조금,20 이상,5.0,5.0,33.6,25.5,34.3,,0.0,63.0,동남동,1.0,1007.9
2024-08-04,12:00,구름조금,20 이상,5.0,5.0,35.0,24.6,35.0,,0.0,55.0,동,1.6,1007.5
2024-08-04,13:00,구름많음,20 이상,8.0,8.0,34.2,24.4,34.4,,0.0,57.0,서,1.4,1006.9
2024-08-04,14:00,구름많음,20 이상,6.0,6.0,35.5,25.3,35.6,,0.0,56.0,서남서,2.8,1006.5
2024-08-04,15:00,구름많음,20 이상,6.0,6.0,36.1,24.9,35.9,,0.0,53.0,서,3.0,1006.1
2024-08-04,16:00,구름많음,19.8,7.0,7.0,36.0,24.9,35.8,,0.0,53.0,서북서,2.5,1005.6
2024-08-04,17:00,맑음,20 이상,2.0,2.0,35.4,25.2,35.5,,0.0,56.0,서,2.9,1005.6
2024-08-04,18:00,맑음,20 이상,0.0,0.0,34.9,25.1,35.1,,0.0,57.0,서,1.6,1005.3
2024-08-04,19:00,,20 이상,,,33.8,25.4,34.4,,0.0,62.0,북서,2.3,1005.4
2024-08-04,20:00,,19.8,,,32.6,25.6,33.7,,0.0,67.0,서북서,2.1,1005.6
2024-08-04,21:00,구름많음,19.0,6.0,4.0,31.8,25.8,33.2,,0.0,71.0,서,1.8,1006.7
2024-08-04,22:00,,19.5,,,31.3,25.1,32.6,,0.0,70.0,서,1.6,1007.0
2024-08-04,23:00,,20 이상,,,30.8,25.1,32.3,,0.0,72.0,서,1.6,1007.0
2024-08-05,06:00,천둥번개 끝,11.3,7.0,5.0,27.5,24.7,29.9,0.5,0.0,85.0,북북동,0.7,1007.3
2024-08-05,07:00,구름많음,11.7,8.0,5.0,27.6,25.4,30.2,0.5,0.0,88.0,북동,2.8,1007.4
2024-08-05,08:00,구름조금,20 이상,4.0,3.0,27.6,24.6,29.9,0.5,0.0,84.0,북동,2.4,1007.3
2024-08-05,09:00,맑음,17.5,2.0,2.0,29.1,25.7,31.3,0.5,0.0,82.0,동북동,1.0,1007.5
2024-08-05,10:00,구름많음,12.0,6.0,6.0,30.5,26.2,32.4,0.5,0.0,78.0,동,0.9,1007.6
2024-08-05,11:00,구름많음,10.8,7.0,7.0,31.5,25.5,32.9,0.5,0.0,71.0,서북서,1.5,1007.6
2024-08-05,12:00,약한 소나기,11.1,8.0,8.0,32.0,25.3,33.2,0.5,0.0,68.0,서,1.8,1007.3
2024-08-05,13:00,소나기 끝,10.1,8.0,8.0,32.3,25.3,33.4,0.5,0.0,67.0,남서,0.5,1007.0
2024-08-05,14:00,구름많음,13.0,7.0,7.0,32.7,26.0,33.9,0.5,0.0,68.0,남,2.0,1006.4
2024-08-05,15:00,구름조금,11.7,5.0,5.0,32.9,26.4,34.2,0.5,0.0,69.0,동,0.9,1005.5
2024-08-05,16:00,구름많음,13.6,8.0,8.0,33.2,25.4,34.0,0.5,0.0,64.0,남남동,0.7,1005.8
2024-08-05,17:00,"천둥번개 끝, 약한 비",18.1,6.0,6.0,32.7,26.2,33.9,0.5,0.0,69.0,북동,1.4,1005.8
2024-08-05,18:00,소나기 끝,20 이상,7.0,2.0,33.0,25.5,33.9,0.5,0.0,65.0,서북서,3.5,1005.2
2024-08-05,19:00,,20 이상,,,31.6,23.9,32.4,0.5,0.0,64.0,서,4.0,1006.0
2024-08-05,20:00,,20 이상,,,30.4,25.0,31.9,0.5,0.0,73.0,서남서,2.9,1006.6
2024-08-05,21:00,번개,20 이상,10.0,2.0,30.0,25.2,31.8,0.5,0.0,76.0,동남동,1.4,1007.8
2024-08-05,22:00,번개,20 이상,10.0,7.0,29.9,25.2,31.7,0.5,0.0,76.0,동남동,2.5,1008.3
2024-08-05,23:00,"약한 천둥번개, 비",20 이상,10.0,8.0,28.8,24.3,30.6,0.5,0.0,77.0,동북동,1.6,1007.4
2024-08-06,06:00,구름많음,20 이상,6.0,6.0,25.7,23.3,28.2,0.0,0.0,87.0,북북동,2.2,1008.1
2024-08-06,07:00,약한 소나기,20 이상,7.0,7.0,26.2,23.6,28.6,0.0,0.0,86.0,북동,1.0,1008.4
2024-08-06,08:00,소나기 끝,20 이상,8.0,8.0,26.7,23.5,28.9,0.0,0.0,83.0,북동,1.5,1008.8
2024-08-06,09:00,천둥번개 끝,20 이상,9.0,5.0,27.2,23.8,29.4,0.0,0.0,82.0,동남동,1.8,1009.2
2024-08-06,10:00,구름많음,20 이상,7.0,4.0,27.8,24.2,29.9,0.0,0.0,81.0,북동,2.7,1008.8
2024-08-06,11:00,구름많음,20 이상,8.0,0.0,28.8,24.7,30.8,0.0,0.0,79.0,북동,2.1,1008.6
2024-08-06,12:00,구름많음,20 이상,8.0,1.0,30.5,24.6,31.9,0.0,0.0,71.0,동,1.8,1008.5
2024-08-06,13:00,맑음,20 이상,2.0,1.0,31.4,24.7,32.5,0.0,0.0,68.0,동,2.1,1007.8
2024-08-06,14:00,천둥번개 끝,20 이상,3.0,2.0,30.8,24.4,32.0,0.0,0.0,69.0,남남동,2.2,1007.1
2024-08-06,15:00,구름조금,20 이상,3.0,3.0,32.9,24.9,33.6,0.0,0.0,63.0,남,1.9,1006.9
2024-08-06,16:00,구름조금,20 이상,5.0,3.0,33.2,24.3,33.7,0.0,0.0,60.0,남남서,2.4,1006.3
2024-08-06,17:00,구름많음,20 이상,6.0,6.0,32.9,24.3,33.4,0.0,0.0,61.0,남남서,2.8,1006.1
2024-08-06,18:00,구름조금,20 이상,4.0,3.0,33.2,24.6,33.7,0.0,0.0,61.0,서남서,1.8,1005.4
2024-08-06,19:00,,20 이상,,,32.6,24.8,33.4,0.0,0.0,64.0,서북서,2.2,1005.7
2024-08-06,20:00,,20 이상,,,31.5,24.6,32.6,0.0,0.0,67.0,서북서,2.1,1006.1
2024-08-06,21:00,구름조금,20 이상,3.0,3.0,30.8,24.4,32.0,0.0,0.0,69.0,서북서,0.6,1006.2
2024-08-06,22:00,,20 이상,,,30.0,24.6,31.5,0.0,0.0,73.0,서,2.7,1006.4
2024-08-06,23:00,,20 이상,,,29.2,24.7,31.0,0.0,0.0,77.0,서남서,2.5,1006.6
2024-08-07,06:00,구름많음,20 이상,7.0,4.0,27.2,23.4,29.2,,0.0,80.0,정온,0.2,1007.0
2024-08-07,07:00,구름많음,20 이상,7.0,5.0,27.4,23.6,29.4,,0.0,80.0,북북동,0.9,1007.2
2024-08-07,08:00,구름많음,20 이상,7.0,4.0,28.5,24.4,30.5,,0.0,79.0,동북동,0.8,1007.0
2024-08-07,09:00,구름많음,20 이상,8.0,2.0,29.8,24.1,31.2,,0.0,72.0,서,1.8,1007.2
2024-08-07,10:00,"약한 천둥번개, 비",20 이상,10.0,7.0,29.5,24.3,31.1,0.0,0.0,74.0,서,2.5,1007.5
2024-08-07,11:00,"천둥번개 끝, 강한 비",20 이상,9.0,3.0,28.3,24.5,30.3,3.4,0.0,80.0,남남서,1.5,1006.8
2024-08-07,12:00,비 끝,20 이상,6.0,1.0,30.1,24.9,31.7,3.4,0.0,74.0,북동,1.2,1006.4
2024-08-07,13:00,구름조금,20 이상,4.0,4.0,31.4,25.2,32.7,3.4,0.0,70.0,서북서,2.0,1005.7
2024-08-07,14:00,구름조금,20 이상,4.0,4.0,32.3,24.0,32.9,3.4,0.0,62.0,서남서,2.4,1005.1
2024-08-07,15:00,맑음,20 이상,2.0,2.0,33.2,24.0,33.6,3.4,0.0,59.0,서북서,3.2,1004.5
2024-08-07,16:00,맑음,20 이상,2.0,2.0,33.3,23.9,33.6,3.4,0.0,58.0,서북서,3.0,1004.0
2024-08-07,17:00,맑음,20 이상,1.0,1.0,33.1,23.7,33.4,3.4,0.0,58.0,서북서,3.5,1003.8
2024-08-07,18:00,구름조금,20 이상,3.0,1.0,32.3,23.2,32.7,3.4,0.0,59.0,서북서,2.9,1003.8
2024-08-07,19:00,,20 이상,,,31.2,23.8,32.1,3.4,0.0,65.0,서,2.5,1003.9
2024-08-07,20:00,,20 이상,,,29.6,23.7,31.0,3.4,0.0,71.0,서,2.9,1004.3
2024-08-07,21:00,맑음,20 이상,1.0,1.0,28.7,23.5,30.3,3.4,0.0,74.0,서,2.5,1004.7
2024-08-07,22:00,,20 이상,,,28.2,23.9,30.1,3.4,0.0,78.0,서,2.2,1005.0
2024-08-07,23:00,,20 이상,,,27.9,23.9,29.9,3.4,0.0,79.0,서남서,1.4,1004.9
2024-08-08,06:00,흐림,20 이상,10.0,7.0,27.1,24.3,29.5,,0.0,85.0,정온,0.2,1004.8
2024-08-08,07:00,비 끝,20 이상,10.0,6.0,27.3,24.3,29.6,0.0,0.0,84.0,북북동,0.7,1005.0
2024-08-08,08:00,흐림,20 이상,9.0,9.0,27.6,24.6,29.9,0.0,0.0,84.0,서,1.3,1005.0
2024-08-08,09:00,흐림,20 이상,9.0,7.0,27.4,23.6,29.4,0.0,0.0,80.0,남남동,2.4,1004.7
2024-08-08,10:00,흐림,20 이상,9.0,4.0,28.8,24.3,30.6,0.0,0.0,77.0,남남동,0.8,1004.1
2024-08-08,11:00,흐림,18.7,9.0,4.0,29.2,24.5,31.0,0.0,0.0,76.0,남남서,1.6,1004.3
2024-08-08,12:00,흐림,18.6,9.0,5.0,29.6,24.2,31.1,0.0,0.0,73.0,남서,2.0,1004.4
2024-08-08,13:00,약한 비 단속적,14.7,10.0,6.0,29.6,24.4,31.2,0.0,0.0,74.0,서남서,0.8,1004.3
2024-08-08,14:00,비 끝,17.2,9.0,6.0,29.6,24.4,31.2,0.0,0.0,74.0,서남서,2.5,1004.1
2024-08-08,15:00,흐림,13.8,9.0,4.0,30.2,25.0,31.8,0.0,0.0,74.0,서북서,2.8,1003.7
2024-08-08,16:00,구름많음,20 이상,7.0,3.0,30.8,24.9,32.2,0.0,0.0,71.0,서,2.3,1003.4
2024-08-08,17:00,구름많음,20 이상,7.0,1.0,31.4,24.0,32.3,0.0,0.0,65.0,서남서,2.6,1003.0
2024-08-08,18:00,구름많음,20 이상,8.0,2.0,30.8,23.7,31.8,0.0,0.0,66.0,서,2.0,1003.0
2024-08-08,19:00,,20 이상,,,30.3,23.9,31.5,0.0,0.0,69.0,서,1.6,1003.2
2024-08-08,20:00,,20 이상,,,29.1,23.9,30.7,0.0,0.0,74.0,서,2.3,1003.8
2024-08-08,21:00,구름조금,19.2,5.0,0.0,28.2,23.9,30.1,0.0,0.0,78.0,서,2.7,1004.6
2024-08-08,22:00,,19.3,,,27.7,23.5,29.6,0.0,0.0,78.0,서,1.8,1004.5
2024-08-08,23:00,,17.8,,,27.2,23.4,29.2,0.0,0.0,80.0,북서,0.7,1004.6
2024-08-09,06:00,맑음,14.2,1.0,1.0,25.6,23.4,28.2,,0.0,88.0,정온,0.1,1005.1
2024-08-09,07:00,맑음,12.9,0.0,0.0,25.8,23.6,28.4,,0.0,88.0,정온,0.3,1005.1
2024-08-09,08:00,구름조금,13.5,3.0,3.0,27.1,24.5,29.6,,0.0,86.0,북북동,1.8,1004.8
2024-08-09,09:00,구름조금,19.1,3.0,3.0,29.1,24.2,30.8,,0.0,75.0,북동,1.5,1004.7
2024-08-09,10:00,구름조금,20 이상,5.0,5.0,29.4,24.0,30.9,,0.0,73.0,남남서,1.5,1004.5
2024-08-09,11:00,구름많음,19.5,6.0,6.0,29.6,24.2,31.1,,0.0,73.0,남남서,1.0,1004.3
2024-08-09,12:00,구름많음,18.1,6.0,6.0,30.5,24.1,31.7,,0.0,69.0,서남서,1.9,1003.9
2024-08-09,13:00,구름조금,20 이상,4.0,4.0,31.7,24.0,32.5,,0.0,64.0,서,1.8,1003.5
2024-08-09,14:00,구름조금,20 이상,4.0,4.0,33.2,23.8,33.5,,0.0,58.0,서남서,2.5,1003.0
2024-08-09,15:00,구름조금,20 이상,4.0,4.0,32.5,22.8,32.7,,0.0,57.0,북서,2.6,1002.6
2024-08-09,16:00,구름많음,20 이상,6.0,6.0,32.6,23.5,33.0,,0.0,59.0,서,2.3,1002.4
2024-08-09,17:00,구름조금,20 이상,5.0,5.0,32.6,24.6,33.3,,0.0,63.0,서,2.8,1002.4
2024-08-09,18:00,구름조금,20 이상,5.0,5.0,32.2,24.7,33.1,,0.0,65.0,서남서,2.7,1002.3
2024-08-09,19:00,,20 이상,,,31.3,24.4,32.4,,0.0,67.0,서남서,2.4,1002.5
2024-08-09,20:00,,20 이상,,,30.3,24.4,31.7,,0.0,71.0,서북서,2.8,1002.7
2024-08-09,21:00,맑음,19.2,1.0,0.0,29.6,24.2,31.1,,0.0,73.0,서남서,1.7,1003.2
2024-08-09,22:00,,18.8,,,29.2,24.3,30.9,,0.0,75.0,서남서,1.3,1003.5
2024-08-09,23:00,,17.5,,,28.8,24.5,30.7,,0.0,78.0,서북서,1.6,1003.2
2024-08-10,06:00,구름많음,13.1,8.0,0.0,26.4,24.0,28.9,,0.0,87.0,북동,2.0,1003.7
2024-08-10,07:00,구름많음,13.5,8.0,3.0,26.7,24.1,29.1,,0.0,86.0,동북동,1.7,1003.9
2024-08-10,08:00,흐림,14.1,9.0,0.0,27.4,24.4,29.7,,0.0,84.0,동북동,1.8,1003.9
2024-08-10,09:00,구름조금,14.1,5.0,1.0,28.9,24.8,30.9,,0.0,79.0,북동,2.2,1003.6
2024-08-10,10:00,구름조금,12.3,4.0,4.0,30.2,24.8,31.7,,0.0,73.0,동북동,2.2,1003.3
2024-08-10,11:00,구름많음,13.3,6.0,3.0,31.2,25.3,32.6,,0.0,71.0,동북동,1.5,1003.1
2024-08-10,12:00,구름많음,18.2,7.0,7.0,32.2,24.2,32.9,,0.0,63.0,동남동,2.5,1002.4
2024-08-10,13:00,구름많음,20 이상,7.0,7.0,32.8,24.5,33.4,,0.0,62.0,남남서,1.9,1002.1
2024-08-10,14:00,구름많음,20 이상,7.0,7.0,33.1,23.1,33.2,,0.0,56.0,남남동,2.4,1001.6
2024-08-10,15:00,구름많음,17.6,8.0,5.0,33.2,23.5,33.4,,0.0,57.0,남서,2.3,1001.6
2024-08-10,16:00,흐림,17.0,9.0,4.0,33.3,24.4,33.8,,0.0,60.0,남서,2.5,1001.4
2024-08-10,17:00,흐림,18.1,9.0,1.0,32.6,23.5,33.0,,0.0,59.0,서북서,1.9,1001.3
2024-08-10,18:00,구름많음,20 이상,8.0,0.0,32.8,23.1,33.0,,0.0,57.0,서,2.0,1001.2
2024-08-10,19:00,,20 이상,,,32.2,23.1,32.6,,0.0,59.0,서남서,1.6,1001.4
2024-08-10,20:00,,20 이상,,,31.1,23.2,31.8,,0.0,63.0,서북서,1.0,1001.7
2024-08-10,21:00,구름많음,16.6,7.0,0.0,30.2,23.3,31.2,,0.0,67.0,서,1.2,1002.3
2024-08-10,22:00,,17.2,,,29.8,23.4,31.0,,0.0,69.0,서북서,1.1,1002.3
2024-08-10,23:00,,15.9,,,29.3,23.4,30.7,,0.0,71.0,서,1.2,1002.5
2024-08-11,06:00,구름많음,18.4,8.0,3.0,27.8,22.9,29.4,,0.0,75.0,동남동,1.2,1002.3
2024-08-11,07:00,구름많음,15.2,8.0,5.0,28.2,23.9,30.1,,0.0,78.0,동남동,1.5,1002.4
2024-08-11,08:00,구름많음,11.8,8.0,0.0,28.9,24.4,30.7,,0.0,77.0,동남동,2.3,1002.9
2024-08-11,09:00,구름많음,13.0,8.0,3.0,30.2,25.2,31.9,,0.0,75.0,동남동,2.2,1002.9
2024-08-11,10:00,구름많음,17.5,7.0,4.0,31.1,25.2,32.5,,0.0,71.0,남남동,2.3,1003.0
2024-08-11,11:00,구름많음,18.9,7.0,5.0,32.2,24.2,32.9,,0.0,63.0,남동,1.6,1002.3
2024-08-11,12:00,구름많음,20 이상,8.0,8.0,32.6,24.3,33.2,,0.0,62.0,동남동,2.1,1002.1
2024-08-11,13:00,구름많음,20 이상,6.0,6.0,33.4,24.5,33.9,,0.0,60.0,남남동,2.9,1001.7
2024-08-11,14:00,구름많음,20 이상,6.0,6.0,33.9,23.5,33.9,,0.0,55.0,남남서,3.3,1001.6
2024-08-11,15:00,구름많음,20 이상,6.0,4.0,33.8,23.7,33.9,,0.0,56.0,남동,2.2,1001.2
2024-08-11,16:00,구름많음,20 이상,6.0,4.0,33.7,23.6,33.8,,0.0,56.0,남남동,2.3,1001.0
2024-08-11,17:00,흐림,20 이상,9.0,6.0,33.3,23.3,33.4,,0.0,56.0,남동,2.9,1001.1
2024-08-11,18:00,흐림,20 이상,9.0,4.0,32.9,23.5,33.2,,0.0,58.0,남동,2.6,1001.1
2024-08-11,19:00,,20 이상,,,32.5,23.7,32.9,,0.0,60.0,남남동,1.7,1001.1
2024-08-11,20:00,,20 이상,,,31.9,23.7,32.5,,0.0,62.0,서남서,1.4,1001.6
2024-08-11,21:00,맑음,19.2,2.0,0.0,31.0,24.3,32.1,,0.0,68.0,서북서,1.3,1002.1
2024-08-11,22:00,,17.9,,,30.4,24.5,31.8,,0.0,71.0,서,1.0,1002.3
2024-08-11,23:00,,17.2,,,30.0,24.6,31.5,,0.0,73.0,북서,1.2,1002.4
2024-08-12,06:00,구름많음,14.2,7.0,7.0,28.3,24.9,30.5,,0.0,82.0,북동,1.7,1003.7
2024-08-12,07:00,맑음,14.0,1.0,1.0,28.4,25.0,30.6,,0.0,82.0,북동,1.6,1003.9
2024-08-12,08:00,구름조금,14.5,4.0,4.0,29.3,25.2,31.3,,0.0,79.0,북북동,1.9,1004.2
2024-08-12,09:00,구름많음,16.0,6.0,6.0,30.0,25.2,31.8,,0.0,76.0,북북동,2.0,1004.2
2024-08-12,10:00,구름많음,20 이상,7.0,7.0,30.3,24.6,31.8,,0.0,72.0,서,2.4,1004.2
2024-08-12,11:00,구름조금,20 이상,5.0,5.0,32.5,24.8,33.3,,0.0,64.0,남,2.3,1003.9
2024-08-12,12:00,구름조금,20 이상,5.0,5.0,32.8,24.8,33.5,,0.0,63.0,서,2.1,1003.6
2024-08-12,13:00,구름많음,20 이상,6.0,6.0,32.9,24.9,33.6,,0.0,63.0,서,1.8,1003.4
2024-08-12,14:00,구름많음,18.5,8.0,8.0,32.9,24.9,33.6,,0.0,63.0,서북서,2.9,1003.4
2024-08-12,15:00,구름많음,20 이상,8.0,8.0,33.8,24.9,34.3,,0.0,60.0,서남서,2.5,1003.2
2024-08-12,16:00,구름많음,20 이상,7.0,7.0,33.6,24.4,34.0,,0.0,59.0,서,2.3,1003.2
2024-08-12,17:00,구름많음,20 이상,7.0,7.0,33.7,24.5,34.1,,0.0,59.0,서,2.2,1003.0
2024-08-12,18:00,구름조금,20 이상,3.0,3.0,33.7,24.8,34.2,,0.0,60.0,서북서,1.9,1003.2
2024-08-12,19:00,,20 이상,,,32.8,24.8,33.5,,0.0,63.0,북서,2.5,1003.7
2024-08-12,20:00,,20 이상,,,31.7,25.0,32.8,,0.0,68.0,북서,3.3,1004.4
2024-08-12,21:00,맑음,20 이상,0.0,0.0,31.0,25.1,32.4,,0.0,71.0,북서,3.2,1005.2
2024-08-12,22:00,,20 이상,,,30.5,24.6,31.9,,0.0,71.0,서북서,2.4,1005.4
2024-08-12,23:00,,20 이상,,,30.2,24.3,31.6,,0.0,71.0,서북서,2.2,1005.7
2024-08-13,06:00,구름많음,18.3,6.0,6.0,28.2,24.8,30.4,,0.0,82.0,정온,0.3,1007.5
2024-08-13,07:00,맑음,19.6,1.0,1.0,28.2,25.0,30.5,,0.0,83.0,북동,1.4,1007.9
2024-08-13,08:00,맑음,15.9,0.0,0.0,29.6,25.5,31.6,,0.0,79.0,북동,2.2,1008.1
2024-08-13,09:00,구름많음,16.6,6.0,6.0,30.5,25.3,32.1,,0.0,74.0,동북동,2.4,1008.4
2024-08-13,10:00,구름조금,19.3,4.0,4.0,32.0,25.3,33.2,,0.0,68.0,동북동,1.7,1008.2
2024-08-13,11:00,구름많음,20 이상,7.0,7.0,32.5,24.8,33.3,,0.0,64.0,북동,1.8,1007.8
2024-08-13,12:00,구름많음,20 이상,7.0,7.0,33.8,24.6,34.2,,0.0,59.0,서,1.2,1007.3
2024-08-13,13:00,구름많음,20 이상,8.0,8.0,34.9,24.5,34.9,,0.0,55.0,서북서,1.9,1006.7
2024-08-13,14:00,구름많음,20 이상,6.0,6.0,35.6,25.7,35.8,,0.0,57.0,북동,1.8,1006.4
2024-08-13,15:00,구름많음,20 이상,6.0,6.0,36.3,24.5,35.9,,0.0,51.0,서남서,2.2,1005.9
2024-08-13,16:00,구름많음,20 이상,6.0,6.0,35.9,24.8,35.7,,0.0,53.0,서,2.8,1005.6
2024-08-13,17:00,약한 소나기,17.5,8.0,8.0,34.3,25.4,34.8,0.0,0.0,60.0,동,2.9,1005.6
2024-08-13,18:00,"약한 천둥번개, 비",20 이상,10.0,8.0,32.1,25.4,33.3,0.0,0.0,68.0,동,1.5,1005.9
2024-08-13,19:00,천둥번개 끝,19.0,6.0,4.0,30.8,25.6,32.4,0.0,0.0,74.0,남,2.0,1006.3
2024-08-13,20:00,구름조금,20 이상,5.0,0.0,31.2,24.0,32.2,0.0,0.0,66.0,북서,3.5,1006.8
2024-08-13,21:00,맑음,20 이상,0.0,0.0,30.8,24.6,32.1,0.0,0.0,70.0,북서,1.2,1007.4
2024-08-13,22:00,,20 이상,,,30.4,25.0,31.9,0.0,0.0,73.0,북북동,1.2,1007.6
2024-08-13,23:00,,20 이상,,,30.1,25.1,31.8,0.0,0.0,75.0,북서,1.4,1007.5
2024-08-14,06:00,구름조금,19.9,4.0,4.0,28.3,24.7,30.4,,0.0,81.0,북동,1.7,1007.7
2024-08-14,07:00,구름조금,20 이상,3.0,3.0,28.5,24.7,30.5,,0.0,80.0,북동,2.3,1008.0
2024-08-14,08:00,구름조금,19.7,5.0,5.0,29.7,24.7,31.4,,0.0,75.0,북동,1.9,1008.1
2024-08-14,09:00,맑음,20 이상,1.0,1.0,31.1,25.4,32.6,,0.0,72.0,북동,2.3,1008.1
2024-08-14,10:00,맑음,20 이상,1.0,1.0,32.2,24.7,33.1,,0.0,65.0,북동,2.1,1008.0
2024-08-14,11:00,맑음,20 이상,2.0,2.0,33.2,24.6,33.7,,0.0,61.0,북동,2.2,1007.7
2024-08-14,12:00,구름많음,20 이상,8.0,8.0,33.1,24.5,33.6,,0.0,61.0,동북동,1.6,1007.3
2024-08-14,13:00,구름많음,20 이상,8.0,8.0,33.3,24.1,33.7,,0.0,59.0,북,1.3,1006.7
2024-08-14,14:00,구름많음,20 이상,6.0,6.0,34.6,24.2,34.6,,0.0,55.0,남,2.3,1006.1
2024-08-14,15:00,구름조금,20 이상,5.0,5.0,34.7,23.7,34.5,,0.0,53.0,북서,1.1,1005.8
2024-08-14,16:00,구름많음,12.5,7.0,7.0,34.0,25.9,34.7,,0.0,63.0,서,3.4,1005.7
2024-08-14,17:00,"약한 천둥번개, 비",8.1,8.0,8.0,30.4,25.0,31.9,2.8,0.0,73.0,서남서,5.5,1005.8
2024-08-14,18:00,"약한 천둥번개, 비",20 이상,8.0,8.0,28.0,24.0,30.0,3.0,0.0,79.0,북서,4.8,1006.1
2024-08-14,19:00,천둥번개 끝,20 이상,5.0,3.0,27.9,23.4,29.7,3.0,0.0,77.0,서남서,1.2,1006.3
2024-08-14,20:00,,20 이상,,,27.4,23.0,29.2,3.0,0.0,77.0,서남서,2.6,1006.9
2024-08-14,21:00,번개,20 이상,3.0,3.0,27.5,23.5,29.4,3.0,0.0,79.0,서북서,1.9,1007.4
2024-08-14,22:00,,20 이상,,,27.6,23.4,29.5,3.0,0.0,78.0,북,0.6,1007.4
2024-08-14,23:00,,20 이상,,,27.6,23.8,29.6,3.0,0.0,80.0,북북동,1.1,1007.6
2024-08-15,06:00,구름조금,20 이상,5.0,1.0,26.7,23.7,29.0,0.3,0.0,84.0,북동,1.8,1007.8
2024-08-15,07:00,구름많음,20 이상,7.0,7.0,26.9,23.5,29.1,0.3,0.0,82.0,북동,1.8,1008.0
2024-08-15,08:00,구름많음,20 이상,7.0,4.0,27.7,23.7,29.7,0.3,0.0,79.0,북동,2.1,1008.2
2024-08-15,09:00,구름조금,20 이상,5.0,2.0,29.3,23.9,30.8,0.3,0.0,73.0,북동,2.3,1008.3
2024-08-15,10:00,구름조금,20 이상,4.0,4.0,30.1,23.7,31.3,0.3,0.0,69.0,북동,1.8,1008.3
2024-08-15,11:00,맑음,20 이상,1.0,1.0,31.5,23.0,32.0,0.3,0.0,61.0,남,1.3,1007.7
2024-08-15,12:00,맑음,20 이상,1.0,1.0,31.5,23.0,32.0,0.3,0.0,61.0,남,1.3,1007.7
2024-08-15,13:00,구름많음,20 이상,7.0,7.0,32.5,23.7,32.9,0.3,0.0,60.0,남남동,0.8,1006.9
2024-08-15,14:00,구름많음,20 이상,6.0,6.0,33.9,23.8,34.0,0.3,0.0,56.0,남남동,1.0,1006.2
2024-08-15,15:00,구름많음,20 이상,7.0,7.0,34.2,24.1,34.3,0.3,0.0,56.0,남서,0.8,1005.4
2024-08-15,16:00,구름많음,20 이상,8.0,8.0,34.5,23.8,34.4,0.3,0.0,54.0,서남서,2.3,1005.3
2024-08-15,17:00,구름많음,20 이상,8.0,8.0,34.5,23.8,34.4,0.3,0.0,54.0,서남서,2.3,1005.3
2024-08-15,18:00,소나기 끝,19.5,7.0,2.0,28.6,24.3,30.5,6.4,0.0,78.0,남서,1.8,1005.9
2024-08-15,19:00,,20 이상,,,28.5,24.7,30.5,6.4,0.0,80.0,북북서,1.5,1006.2
2024-08-15,20:00,,19.9,,,28.1,24.3,30.1,6.4,0.0,80.0,서,2.3,1006.6
2024-08-15,21:00,맑음,20 이상,2.0,0.0,28.1,24.3,30.1,6.4,0.0,80.0,서남서,1.2,1007.1
2024-08-15,22:00,,19.4,,,28.1,24.3,30.1,6.4,0.0,80.0,북,1.1,1007.3
2024-08-15,23:00,,20 이상,,,27.9,23.4,29.7,6.4,0.0,77.0,동남동,1.4,1007.4
2024-08-16,06:00,구름조금,20 이상,3.0,3.0,26.8,23.0,28.8,,0.0,80.0,동,2.0,1008.5
2024-08-16,07:00,구름조금,20 이상,4.0,4.0,27.0,23.0,28.9,,0.0,79.0,동,1.2,1008.7
2024-08-16,08:00,구름많음,20 이상,7.0,3.0,28.4,23.9,30.2,,0.0,77.0,북동,1.9,1008.8
2024-08-16,09:00,맑음,20 이상,1.0,1.0,29.4,23.5,30.8,,0.0,71.0,동북동,2.0,1008.9
2024-08-16,10:00,맑음,20 이상,1.0,1.0,30.7,23.6,31.7,,0.0,66.0,동,1.5,1009.1
2024-08-16,11:00,구름조금,20 이상,3.0,3.0,31.9,23.4,32.4,,0.0,61.0,북동,3.4,1008.6
2024-08-16,12:00,구름많음,20 이상,6.0,6.0,31.7,23.2,32.2,,0.0,61.0,북북동,2.6,1008.2
2024-08-16,13:00,구름조금,20 이상,3.0,3.0,33.1,24.0,33.5,,0.0,59.0,동,1.6,1007.6
2024-08-16,14:00,구름많음,20 이상,6.0,6.0,33.9,22.9,33.7,,0.0,53.0,북동,1.9,1007.1
2024-08-16,15:00,구름많음,20 이상,6.0,6.0,33.5,22.9,33.4,,0.0,54.0,북동,1.7,1006.7
2024-08-16,16:00,소나기 끝,20 이상,7.0,7.0,33.5,23.2,33.5,0.0,0.0,55.0,북동,3.3,1006.4
2024-08-16,17:00,구름조금,20 이상,5.0,5.0,33.5,23.8,33.7,0.0,0.0,57.0,서남서,1.8,1006.3
2024-08-16,18:00,구름조금,20 이상,3.0,3.0,32.4,24.1,33.0,0.0,0.0,62.0,남서,2.3,1006.6
2024-08-16,19:00,,20 이상,,,30.9,24.2,32.0,0.0,0.0,68.0,서,2.5,1007.3
2024-08-16,20:00,,20 이상,,,30.1,24.0,31.4,0.0,0.0,70.0,서남서,1.8,1008.1
2024-08-16,21:00,맑음,20 이상,1.0,1.0,29.0,22.9,30.3,0.0,0.0,70.0,서북서,4.8,1008.5
2024-08-16,22:00,,20 이상,,,28.9,23.7,30.5,0.0,0.0,74.0,북동,0.6,1008.8
2024-08-16,23:00,,20 이상,,,28.6,23.5,30.2,0.0,0.0,74.0,북동,2.5,1009.1
2024-08-17,06:00,구름많음,20 이상,7.0,0.0,27.2,23.2,29.1,,0.0,79.0,북북동,1.6,1010.4
2024-08-17,07:00,구름많음,20 이상,6.0,6.0,27.3,23.3,29.2,,0.0,79.0,북동,1.6,1010.4
2024-08-17,08:00,구름조금,20 이상,5.0,0.0,28.7,24.2,30.5,,0.0,77.0,동,1.0,1010.7
2024-08-17,09:00,맑음,20 이상,1.0,0.0,30.0,23.6,31.2,,0.0,69.0,동,1.4,1010.7
2024-08-17,10:00,구름조금,20 이상,3.0,1.0,31.1,23.2,31.8,,0.0,63.0,남동,1.8,1010.8
2024-08-17,11:00,구름조금,20 이상,4.0,2.0,32.2,23.1,32.6,,0.0,59.0,남,1.5,1010.2
2024-08-17,12:00,구름조금,20 이상,4.0,4.0,32.6,22.9,32.8,,0.0,57.0,북,1.6,1009.7
2024-08-17,13:00,구름많음,20 이상,6.0,6.0,32.8,23.4,33.1,,0.0,58.0,북북동,1.6,1009.3
2024-08-17,14:00,약한 소나기,20 이상,6.0,6.0,33.0,23.3,33.2,0.0,0.0,57.0,서,1.1,1008.8
2024-08-17,15:00,소나기 끝,20 이상,4.0,4.0,33.7,23.0,33.6,0.0,0.0,54.0,서남서,1.5,1008.3
2024-08-17,16:00,구름많음,20 이상,6.0,6.0,33.6,23.3,33.6,0.0,0.0,55.0,서,2.4,1007.7
2024-08-17,17:00,구름많음,12.7,8.0,8.0,32.2,25.5,33.4,0.0,0.0,68.0,서북서,3.2,1008.2
2024-08-17,18:00,"약한 천둥번개, 비",14.3,9.0,8.0,31.4,25.0,32.6,0.0,0.0,69.0,서,2.2,1008.5
2024-08-17,19:00,천둥번개 끝,20 이상,8.0,6.0,27.4,24.0,29.6,11.0,0.0,82.0,서북서,2.6,1008.4
2024-08-17,20:00,,20 이상,,,27.5,23.5,29.4,11.0,0.0,79.0,남서,1.5,1009.2
2024-08-17,21:00,맑음,20 이상,1.0,0.0,27.6,24.0,29.7,11.0,0.0,81.0,정온,0.1,1009.7
2024-08-17,22:00,,20 이상,,,27.5,24.3,29.7,11.0,0.0,83.0,북북서,1.5,1009.6
2024-08-17,23:00,,19.0,,,27.5,24.7,29.9,11.0,0.0,85.0,북북동,1.2,1010.1
2024-08-18,06:00,구름많음,20 이상,7.0,7.0,27.0,24.0,29.3,0.0,0.0,84.0,북동,2.2,1010.0
2024-08-18,07:00,구름많음,20 이상,8.0,8.0,27.3,24.1,29.5,0.0,0.0,83.0,북동,2.4,1010.3
2024-08-18,08:00,구름많음,20 이상,7.0,2.0,27.7,24.3,29.9,0.0,0.0,82.0,동북동,1.2,1010.3
2024-08-18,09:00,맑음,20 이상,1.0,1.0,29.5,24.1,31.0,0.0,0.0,73.0,동남동,2.0,1009.8
2024-08-18,10:00,맑음,20 이상,2.0,2.0,30.2,23.8,31.4,0.0,0.0,69.0,남동,2.9,1009.9
2024-08-18,11:00,구름조금,20 이상,3.0,3.0,32.0,24.0,32.7,0.0,0.0,63.0,동남동,2.2,1009.4
2024-08-18,12:00,구름조금,20 이상,5.0,5.0,32.4,23.9,32.9,0.0,0.0,61.0,동,1.8,1008.8
2024-08-18,13:00,구름많음,20 이상,6.0,6.0,33.6,23.6,33.7,0.0,0.0,56.0,남,2.1,1008.3
2024-08-18,14:00,구름많음,20 이상,6.0,6.0,33.1,24.8,33.7,0.0,0.0,62.0,서남서,3.0,1007.8
2024-08-18,15:00,약한 소나기,20 이상,8.0,8.0,31.8,24.6,32.8,0.0,0.0,66.0,서남서,3.8,1007.5
2024-08-18,16:00,소나기 끝,20 이상,6.0,6.0,31.3,25.8,32.9,0.0,0.0,73.0,서,2.7,1007.1
2024-08-18,17:00,구름조금,20 이상,4.0,2.0,31.5,24.3,32.5,0.0,0.0,66.0,서,2.5,1007.0
2024-08-18,18:00,구름많음,15.2,6.0,0.0,30.8,24.9,32.2,0.0,0.0,71.0,서,2.3,1006.9
2024-08-18,19:00,,15.7,,,30.5,24.6,31.9,0.0,0.0,71.0,서,1.9,1007.3
2024-08-18,20:00,,16.3,,,30.2,24.8,31.7,0.0,0.0,73.0,북,1.0,1008.0
2024-08-18,21:00,천둥번개 끝,20 이상,6.0,3.0,29.3,23.2,30.6,0.0,0.0,70.0,북동,2.0,1008.6
2024-08-18,22:00,,20 이상,,,28.4,23.9,30.2,0.0,0.0,77.0,동북동,1.2,1008.5
2024-08-18,23:00,,20 이상,,,28.1,23.8,30.0,0.0,0.0,78.0,북동,1.6,1008.6
2024-08-19,06:00,맑음,15.2,0.0,0.0,26.4,24.0,28.9,,0.0,87.0,북동,2.1,1008.0
2024-08-19,07:00,구름많음,20 이상,7.0,7.0,26.7,24.5,29.3,,0.0,88.0,북동,2.0,1008.5
2024-08-19,08:00,맑음,20 이상,0.0,0.0,28.2,25.0,30.5,,0.0,83.0,북동,2.3,1008.2
2024-08-19,09:00,맑음,19.8,1.0,1.0,29.5,24.8,31.3,,0.0,76.0,동,2.6,1008.2
2024-08-19,10:00,맑음,20 이상,2.0,2.0,30.8,24.2,31.9,,0.0,68.0,남동,1.5,1008.3
2024-08-19,11:00,맑음,20 이상,2.0,2.0,32.3,24.6,33.1,,0.0,64.0,동,1.9,1008.1
2024-08-19,12:00,구름조금,20 이상,3.0,3.0,33.5,23.8,33.7,,0.0,57.0,동남동,2.4,1007.3
2024-08-19,13:00,구름조금,20 이상,4.0,4.0,34.6,23.6,34.4,,0.0,53.0,남남동,2.6,1006.8
2024-08-19,14:00,구름많음,20 이상,6.0,6.0,35.2,22.8,34.5,,0.0,49.0,남,2.5,1006.4
2024-08-19,15:00,구름많음,20 이상,7.0,7.0,34.4,22.1,33.8,,0.0,49.0,동남동,2.9,1005.8
2024-08-19,16:00,구름많음,20 이상,6.0,6.0,34.4,21.7,33.7,,0.0,48.0,남남서,3.5,1005.6
2024-08-19,17:00,구름조금,20 이상,5.0,5.0,33.6,24.1,33.9,,0.0,58.0,서북서,2.4,1005.5
2024-08-19,18:00,"천둥번개 끝, 약한 비",20 이상,6.0,6.0,30.8,22.6,31.4,0.0,0.0,62.0,서,5.0,1006.4
2024-08-19,19:00,소나기 끝,18.2,3.0,3.0,27.8,24.2,29.9,2.3,0.0,81.0,서북서,0.9,1006.9
2024-08-19,20:00,,13.5,,,27.7,24.7,30.0,2.3,0.0,84.0,서,2.2,1007.4
2024-08-19,21:00,맑음,13.6,0.0,0.0,27.9,24.5,30.1,2.3,0.0,82.0,남서,0.9,1007.9
2024-08-19,22:00,,12.9,,,27.9,24.5,30.1,2.3,0.0,82.0,서,0.9,1008.4
2024-08-19,23:00,,15.5,,,27.9,24.1,29.9,2.3,0.0,80.0,북,0.9,1008.7
2024-08-20,06:00,맑음,20 이상,2.0,0.0,27.0,23.8,29.2,,0.0,83.0,북동,2.5,1008.9
2024-08-20,07:00,구름많음,20 이상,7.0,0.0,27.4,24.0,29.6,,0.0,82.0,북동,2.5,1008.5
2024-08-20,08:00,구름많음,20 이상,8.0,0.0,29.1,24.4,30.9,,0.0,76.0,동북동,2.2,1008.6
2024-08-20,09:00,구름많음,20 이상,8.0,0.0,30.4,24.7,31.9,,0.0,72.0,동북동,2.4,1009.3
2024-08-20,10:00,구름조금,20 이상,4.0,4.0,31.6,24.7,32.7,,0.0,67.0,동,2.5,1009.4
2024-08-20,11:00,구름조금,20 이상,4.0,2.0,32.8,24.8,33.5,,0.0,63.0,동북동,3.1,1009.0
2024-08-20,12:00,구름많음,20 이상,6.0,4.0,33.6,24.7,34.1,,0.0,60.0,동북동,2.5,1008.5
2024-08-20,13:00,구름많음,20 이상,6.0,6.0,34.1,24.6,34.4,,0.0,58.0,동,1.8,1007.8
2024-08-20,14:00,구름조금,20 이상,5.0,5.0,35.0,24.9,35.1,,0.0,56.0,동,2.3,1007.5
2024-08-20,15:00,구름많음,20 이상,7.0,7.0,35.1,24.6,35.1,,0.0,55.0,동남동,2.0,1007.2
2024-08-20,16:00,구름많음,20 이상,7.0,7.0,35.1,24.6,35.1,,0.0,55.0,남동,2.5,1006.8
2024-08-20,17:00,구름많음,20 이상,7.0,6.0,34.9,24.8,35.0,,0.0,56.0,동,1.8,1006.7
2024-08-20,18:00,구름많음,20 이상,8.0,2.0,34.3,24.2,34.4,,0.0,56.0,동남동,2.8,1006.5
2024-08-20,19:00,,20 이상,,,33.5,24.6,34.0,,0.0,60.0,동남동,2.8,1006.3
2024-08-20,20:00,,20 이상,,,32.9,24.6,33.5,,0.0,62.0,동남동,3.0,1007.2
2024-08-20,21:00,약한 비 단속적,20 이상,9.0,7.0,32.5,24.8,33.3,0.0,0.0,64.0,동북동,2.4,1008.1
2024-08-20,22:00,비 끝,20 이상,8.0,2.0,31.7,25.3,32.9,0.0,0.0,69.0,북동,3.4,1008.1
2024-08-20,23:00,,20 이상,,,31.2,25.3,32.6,0.0,0.0,71.0,동북동,2.8,1008.0
2024-08-21,06:00,"약한 천둥번개, 비",2.2,10.0,8.0,27.1,25.8,30.1,13.7,0.0,93.0,동북동,2.6,1005.6
2024-08-21,07:00,"천둥번개 끝, 강한 비",3.6,10.0,9.0,26.9,25.6,29.9,18.6,0.0,93.0,동,2.4,1005.7
2024-08-21,08:00,"천둥번개 끝, 강한 비",3.9,10.0,9.0,27.1,26.0,30.1,26.7,0.0,94.0,남,3.0,1006.1
2024-08-21,09:00,보통 비 연속적,7.7,10.0,9.0,27.0,25.9,30.0,40.0,0.0,94.0,남,3.0,1006.5
2024-08-21,10:00,약한 비 연속적,19.8,10.0,7.0,27.2,25.9,30.2,41.1,0.0,93.0,남남서,3.8,1006.8
2024-08-21,11:00,약한 비 단속적,20 이상,10.0,8.0,27.4,25.7,30.2,41.8,0.0,91.0,남남서,3.7,1007.4
2024-08-21,12:00,약한 비 연속적,20 이상,10.0,8.0,27.9,26.2,30.8,42.1,0.0,91.0,남남서,3.2,1007.2
2024-08-21,13:00,약한 비 단속적,20 이상,10.0,7.0,27.9,25.7,30.5,42.2,0.0,88.0,남,3.1,1007.1
2024-08-21,14:00,약한 비 단속적,20 이상,10.0,7.0,28.3,25.5,30.7,42.2,0.0,85.0,남,3.5,1006.6
2024-08-21,15:00,비 끝,20 이상,10.0,5.0,29.1,25.9,31.4,42.2,0.0,83.0,남,4.0,1006.5
2024-08-21,16:00,흐림,20 이상,9.0,8.0,29.6,25.5,31.6,42.2,0.0,79.0,남,4.9,1005.8
2024-08-21,17:00,흐림,20 이상,9.0,8.0,29.7,25.6,31.7,42.2,0.0,79.0,남,2.7,1005.7
2024-08-21,18:00,흐림,20 이상,9.0,9.0,29.7,25.8,31.8,42.2,0.0,80.0,남남동,2.5,1005.4
2024-08-21,19:00,,20 이상,,,29.8,25.5,31.7,42.2,0.0,78.0,남,4.0,1005.4
2024-08-21,20:00,,20 이상,,,29.6,25.7,31.7,42.2,0.0,80.0,남,2.4,1006.0
2024-08-21,21:00,구름많음,20 이상,8.0,3.0,29.5,25.2,31.4,42.2,0.0,78.0,남,3.8,1006.6
2024-08-21,22:00,,20 이상,,,29.2,24.9,31.1,42.2,0.0,78.0,남,3.4,1007.1
2024-08-21,23:00,,20 이상,,,29.0,24.7,30.9,42.2,0.0,78.0,남,4.2,1007.1
2024-08-22,06:00,구름많음,20 이상,8.0,3.0,28.1,25.1,30.4,,0.0,84.0,동남동,2.3,1004.6
2024-08-22,07:00,구름많음,20 이상,8.0,0.0,28.1,24.9,30.4,,0.0,83.0,동남동,1.4,1004.4
2024-08-22,08:00,구름많음,20 이상,8.0,1.0,29.2,24.9,31.1,,0.0,78.0,남남동,1.7,1004.3
2024-08-22,09:00,흐림,20 이상,9.0,7.0,29.9,24.7,31.5,,0.0,74.0,남동,2.9,1003.4
2024-08-22,10:00,흐림,20 이상,10.0,9.0,30.2,24.5,31.7,,0.0,72.0,남동,3.5,1003.2
2024-08-22,11:00,비 끝,20 이상,10.0,8.0,29.8,24.6,31.4,0.0,0.0,74.0,남동,3.6,1002.6
2024-08-22,12:00,흐림,20 이상,9.0,9.0,30.2,25.0,31.8,0.0,0.0,74.0,남남동,4.6,1002.2
2024-08-22,13:00,비 끝,20 이상,9.0,8.0,30.3,24.9,31.8,0.0,0.0,73.0,남남동,4.0,1001.4
2024-08-22,14:00,약한 비 단속적,20 이상,10.0,8.0,30.2,25.0,31.8,0.0,0.0,74.0,남,4.2,1000.8
2024-08-22,15:00,약한 비 단속적,20 이상,10.0,7.0,29.5,25.6,31.6,0.0,0.0,80.0,남남서,5.9,1001.0
2024-08-22,16:00,약한 비 단속적,15.0,10.0,7.0,29.0,25.1,31.1,0.4,0.0,80.0,남남서,5.8,1000.9
2024-08-22,17:00,비 끝,20 이상,9.0,9.0,28.5,25.3,30.8,0.5,0.0,83.0,남남서,4.4,1001.3
2024-08-22,18:00,흐림,20 이상,9.0,7.0,28.5,24.7,30.5,0.5,0.0,80.0,남남서,4.0,1001.5
2024-08-22,19:00,비 끝,20 이상,10.0,7.0,27.9,24.7,30.2,0.6,0.0,83.0,남서,5.7,1002.1
2024-08-22,20:00,,20 이상,,,27.7,24.1,29.8,0.6,0.0,81.0,서남서,3.0,1003.2
2024-08-22,21:00,비 끝,20 이상,9.0,9.0,27.3,24.1,29.5,0.6,0.0,83.0,서남서,3.0,1004.4
2024-08-22,22:00,,20 이상,,,27.2,23.6,29.3,0.6,0.0,81.0,서남서,3.0,1005.0
2024-08-22,23:00,,20 이상,,,27.1,23.5,29.2,0.6,0.0,81.0,서,2.3,1005.5
2024-08-23,06:00,흐림,14.6,9.0,9.0,26.4,23.8,28.8,,0.0,86.0,남남서,3.5,1006.6
2024-08-23,07:00,약한 비 단속적,13.5,10.0,8.0,26.4,24.0,28.9,0.0,0.0,87.0,남남서,3.3,1007.1
2024-08-23,08:00,비 끝,11.5,10.0,7.0,26.4,24.0,28.9,0.0,0.0,87.0,남남서,3.1,1007.5
2024-08-23,09:00,구름많음,15.6,8.0,8.0,27.0,23.6,29.2,0.0,0.0,82.0,남남서,2.7,1007.8
2024-08-23,10:00,구름조금,20 이상,3.0,3.0,28.3,23.2,29.9,0.0,0.0,74.0,남남서,3.0,1008.1
2024-08-23,11:00,맑음,19.6,2.0,2.0,29.4,23.3,30.7,0.0,0.0,70.0,서,2.9,1007.8
2024-08-23,12:00,구름많음,14.5,6.0,6.0,30.3,23.2,31.3,0.0,0.0,66.0,서남서,2.3,1007.5
2024-08-23,13:00,구름조금,13.8,5.0,5.0,30.7,23.3,31.6,0.0,0.0,65.0,서,2.6,1007.4
2024-08-23,14:00,구름많음,14.5,6.0,6.0,31.0,23.3,31.8,0.0,0.0,64.0,서남서,3.0,1007.1
2024-08-23,15:00,구름많음,16.8,6.0,6.0,31.3,22.8,31.8,0.0,0.0,61.0,서,3.1,1006.6
2024-08-23,16:00,구름조금,16.0,4.0,4.0,31.8,23.6,32.4,0.0,0.0,62.0,남남서,3.4,1006.4
2024-08-23,17:00,구름조금,15.5,3.0,2.0,31.6,23.1,32.1,0.0,0.0,61.0,남,3.3,1006.3
2024-08-23,18:00,구름많음,18.4,6.0,2.0,30.7,22.3,31.2,0.0,0.0,61.0,남남서,3.4,1006.5
2024-08-23,19:00,,17.1,,,29.6,22.3,30.5,0.0,0.0,65.0,남남서,3.2,1007.1
2024-08-23,20:00,,16.4,,,28.7,22.6,30.0,0.0,0.0,70.0,남남서,3.5,1007.6
2024-08-23,21:00,맑음,15.4,0.0,0.0,28.0,22.2,29.3,0.0,0.0,71.0,남,2.2,1008.3
2024-08-23,22:00,,11.9,,,27.6,22.7,29.2,0.0,0.0,75.0,남남서,1.5,1008.7
2024-08-23,23:00,맑음,9.3,1.0,0.0,27.2,22.8,29.0,0.0,0.0,77.0,남남서,1.8,1009.3
2024-08-24,06:00,박무,4.9,2.0,0.0,25.2,22.8,27.7,,0.0,87.0,북동,1.5,1010.4
2024-08-24,07:00,박무,5.1,2.0,2.0,25.3,23.1,27.8,,0.0,88.0,북동,0.9,1010.7
2024-08-24,08:00,박무,5.0,3.0,1.0,26.2,23.8,28.7,,0.0,87.0,북북동,1.5,1010.7
2024-08-24,09:00,박무,5.8,6.0,3.0,27.7,24.1,29.8,,0.0,81.0,동,0.9,1010.7
2024-08-24,10:00,박무,7.5,7.0,4.0,29.2,24.5,31.0,,0.0,76.0,남동,1.3,1010.7
2024-08-24,11:00,구름많음,10.3,6.0,5.0,30.1,23.5,31.2,,0.0,68.0,남남서,1.8,1010.6
2024-08-24,12:00,약한 소나기,4.3,9.0,9.0,29.0,24.3,30.8,0.7,0.0,76.0,서남서,2.9,1010.2
2024-08-24,13:00,약한 소나기,15.1,9.0,9.0,28.1,22.7,29.6,1.5,0.0,73.0,정온,0.3,1009.9
2024-08-24,14:00,약한 소나기,7.3,9.0,9.0,28.1,23.8,30.0,1.5,0.0,78.0,남,2.6,1009.9
2024-08-24,15:00,소나기 끝,5.6,7.0,3.0,29.1,24.8,31.0,2.0,0.0,78.0,정온,0.3,1009.0
2024-08-24,16:00,박무,7.1,6.0,6.0,30.1,25.1,31.8,2.0,0.0,75.0,서,0.5,1008.6
2024-08-24,17:00,구름많음,10.7,7.0,3.0,30.4,23.8,31.5,2.0,0.0,68.0,서남서,2.4,1008.2
2024-08-24,18:00,약한 소나기,10.1,6.0,6.0,29.8,24.1,31.2,2.0,0.0,72.0,서남서,2.3,1008.1
2024-08-24,19:00,소나기 끝,11.3,3.0,3.0,29.3,24.4,31.0,2.0,0.0,75.0,서남서,2.7,1008.2
2024-08-24,20:00,,14.5,,,28.3,22.7,29.7,2.0,0.0,72.0,서,2.7,1008.6
2024-08-24,21:00,맑음,13.4,0.0,0.0,27.8,22.5,29.3,2.0,0.0,73.0,서북서,1.5,1009.2
2024-08-24,22:00,,11.9,,,27.3,22.4,28.9,2.0,0.0,75.0,서,1.0,1009.3
2024-08-24,23:00,,11.4,,,26.8,22.2,28.5,2.0,0.0,76.0,정온,0.4,1009.4
2024-08-25,06:00,박무,3.9,0.0,0.0,25.0,23.2,27.7,,0.0,90.0,북북동,1.7,1009.4
2024-08-25,07:00,박무,4.6,0.0,0.0,25.1,23.3,27.8,,0.0,90.0,북북동,1.6,1009.9
2024-08-25,08:00,박무,5.4,0.0,0.0,26.1,24.1,28.7,,0.0,89.0,북동,1.5,1009.9
2024-08-25,09:00,박무,5.6,3.0,1.0,27.4,24.4,29.7,,0.0,84.0,북동,1.5,1009.7
2024-08-25,10:00,박무,7.5,4.0,4.0,28.5,24.0,30.3,,0.0,77.0,북북동,1.2,1009.6
2024-08-25,11:00,박무,9.0,5.0,5.0,29.4,24.2,31.0,,0.0,74.0,서남서,0.7,1009.4
2024-08-25,12:00,구름많음,10.6,6.0,6.0,30.7,24.3,31.9,,0.0,69.0,남남동,1.5,1008.8
2024-08-25,13:00,구름많음,12.9,7.0,7.0,31.5,23.8,32.3,,0.0,64.0,서,1.5,1008.2
2024-08-25,14:00,구름많음,12.2,7.0,7.0,31.5,23.3,32.1,,0.0,62.0,서남서,2.1,1007.8
2024-08-25,15:00,구름많음,14.4,6.0,6.0,31.7,24.0,32.5,,0.0,64.0,서,1.3,1007.1
2024-08-25,16:00,구름많음,14.0,6.0,6.0,32.6,23.8,33.0,,0.0,60.0,서남서,2.5,1006.7
2024-08-25,17:00,구름많음,10.6,6.0,6.0,31.8,23.8,32.5,,0.0,63.0,남남서,3.6,1007.0
2024-08-25,18:00,연무,9.5,7.0,2.0,30.9,24.2,32.0,,0.0,68.0,남남동,1.4,1006.9
2024-08-25,19:00,구름많음,10.1,7.0,1.0,30.2,23.8,31.4,,0.0,69.0,남서,1.1,1007.0
2024-08-25,20:00,맑음,10.7,0.0,0.0,29.5,24.3,31.1,,0.0,74.0,남서,1.1,1007.3
2024-08-25,21:00,맑음,15.1,0.0,0.0,28.8,23.6,30.4,,0.0,74.0,북서,2.7,1008.0
2024-08-25,22:00,,12.9,,,28.3,24.0,30.2,,0.0,78.0,북서,2.6,1008.1
2024-08-25,23:00,,11.6,,,27.9,24.3,30.0,,0.0,81.0,북서,0.9,1008.0
2024-08-26,06:00,박무,6.6,2.0,0.0,25.7,23.5,28.3,,0.0,88.0,북북동,1.8,1007.1
2024-08-26,07:00,박무,8.1,8.0,3.0,25.7,23.5,28.3,,0.0,88.0,북동,1.8,1007.4
2024-08-26,08:00,박무,9.5,8.0,0.0,26.7,24.1,29.1,,0.0,86.0,동북동,1.4,1007.5
2024-08-26,09:00,박무,9.2,9.0,0.0,27.2,24.0,29.4,,0.0,83.0,북북동,2.0,1007.4
2024-08-26,10:00,박무,9.8,9.0,0.0,27.8,24.2,29.9,,0.0,81.0,북,2.6,1007.7
2024-08-26,11:00,박무,8.7,9.0,2.0,29.1,24.2,30.8,,0.0,75.0,북북서,2.0,1007.5
2024-08-26,12:00,흐림,10.8,9.0,2.0,29.7,23.8,31.1,,0.0,71.0,동,0.8,1006.7
2024-08-26,13:00,연무,9.9,9.0,2.0,29.9,24.2,31.4,,0.0,72.0,북동,1.9,1006.0
2024-08-26,14:00,흐림,12.3,9.0,4.0,29.7,23.6,31.0,,0.0,70.0,북북동,1.9,1005.4
2024-08-26,15:00,구름많음,12.2,8.0,4.0,30.5,24.1,31.7,,0.0,69.0,북북서,1.4,1005.2
2024-08-26,16:00,흐림,12.1,9.0,6.0,30.4,23.8,31.5,,0.0,68.0,서,1.2,1005.5
2024-08-26,17:00,소나기 끝,13.6,9.0,5.0,29.5,24.3,31.1,0.0,0.0,74.0,북서,2.8,1005.4
2024-08-26,18:00,흐림,15.0,9.0,1.0,29.3,24.1,30.9,0.0,0.0,74.0,북,1.6,1005.2
2024-08-26,19:00,,20 이상,,,28.3,20.3,28.9,0.0,0.0,62.0,남,1.0,1005.5
2024-08-26,20:00,,18.2,,,28.1,22.1,29.4,0.0,0.0,70.0,북북동,0.8,1005.9
2024-08-26,21:00,흐림,15.6,9.0,6.0,28.1,23.4,29.8,0.0,0.0,76.0,북동,0.7,1006.1
2024-08-26,22:00,,18.7,,,27.7,22.8,29.3,0.0,0.0,75.0,북동,1.7,1006.0
2024-08-26,23:00,,16.8,,,27.5,23.0,29.3,0.0,0.0,77.0,정온,0.4,1005.7
2024-08-27,06:00,흐림,20 이상,10.0,3.0,25.5,20.5,27.0,0.0,0.0,74.0,북북동,1.4,1005.4
2024-08-27,07:00,약한 비 단속적,20 이상,10.0,4.0,25.3,20.1,26.8,0.0,0.0,73.0,북동,1.8,1005.8
2024-08-27,08:00,약한 비 단속적,20 이상,10.0,4.0,25.2,19.1,26.4,0.0,0.0,69.0,동북동,1.0,1006.4
2024-08-27,09:00,약한 비 연속적,18.8,10.0,7.0,25.0,20.8,26.8,0.0,0.0,78.0,북동,2.7,1006.9
2024-08-27,10:00,비 끝,20 이상,10.0,8.0,24.7,19.5,26.1,0.3,0.0,73.0,북동,0.9,1007.5
2024-08-27,11:00,흐림,20 이상,10.0,10.0,25.2,19.7,26.6,0.3,0.0,72.0,북동,1.8,1007.0
2024-08-27,12:00,흐림,20 이상,10.0,2.0,25.6,20.1,27.0,0.3,0.0,72.0,북북서,2.7,1006.5
2024-08-27,13:00,흐림,20 이상,10.0,10.0,26.0,18.9,26.9,0.3,0.0,65.0,북서,2.6,1006.6
2024-08-27,14:00,흐림,20 이상,9.0,0.0,27.4,19.9,28.2,0.3,0.0,64.0,북동,2.1,1005.6
2024-08-27,15:00,흐림,20 이상,9.0,0.0,28.2,19.9,28.7,0.3,0.0,61.0,북동,2.9,1005.2
2024-08-27,16:00,구름많음,20 이상,7.0,0.0,29.4,20.2,29.7,0.3,0.0,58.0,동,2.2,1005.0
2024-08-27,17:00,맑음,20 이상,2.0,2.0,30.1,19.4,29.9,0.3,0.0,53.0,동북동,2.9,1005.1
2024-08-27,18:00,맑음,20 이상,0.0,0.0,29.6,19.5,29.6,0.3,0.0,55.0,동북동,2.2,1005.5
2024-08-27,19:00,,20 이상,,,28.4,19.6,28.8,0.3,0.0,59.0,북동,2.5,1006.1
2024-08-27,20:00,,20 이상,,,27.1,19.1,27.7,0.3,0.0,62.0,북동,2.1,1006.8
2024-08-27,21:00,맑음,20 이상,0.0,0.0,26.3,19.4,27.2,0.3,0.0,66.0,북동,2.0,1007.8
2024-08-27,22:00,,20 이상,,,25.8,19.1,26.8,0.3,0.0,67.0,북동,1.9,1008.1
2024-08-27,23:00,,20 이상,,,25.4,19.7,26.7,0.3,0.0,71.0,북동,2.2,1008.2
2024-08-28,06:00,맑음,20 이상,0.0,0.0,23.0,18.7,24.7,,0.0,77.0,북동,2.0,1008.7
2024-08-28,07:00,맑음,20 이상,0.0,0.0,23.2,18.7,24.8,,0.0,76.0,동북동,2.8,1009.0
2024-08-28,08:00,맑음,20 이상,0.0,0.0,25.4,19.2,26.6,,0.0,69.0,북동,3.9,1009.2
2024-08-28,09:00,맑음,20 이상,0.0,0.0,27.0,20.0,27.9,,0.0,66.0,동북동,3.6,1009.5
2024-08-28,10:00,맑음,20 이상,0.0,0.0,28.7,20.1,29.1,,0.0,60.0,북동,3.6,1009.5
2024-08-28,11:00,맑음,20 이상,0.0,0.0,29.9,20.1,30.0,,0.0,56.0,북동,3.5,1009.1
2024-08-28,12:00,맑음,20 이상,0.0,0.0,30.7,20.3,30.6,,0.0,54.0,북동,3.2,1008.6
2024-08-28,13:00,맑음,20 이상,0.0,0.0,31.6,21.1,31.5,,0.0,54.0,동,2.9,1008.0
2024-08-28,14:00,맑음,20 이상,0.0,0.0,32.5,21.0,32.1,,0.0,51.0,동북동,2.0,1007.3
2024-08-28,15:00,맑음,20 이상,2.0,2.0,32.5,20.7,32.0,,0.0,50.0,동북동,2.2,1006.7
2024-08-28,16:00,구름조금,20 이상,3.0,3.0,32.8,19.6,31.9,,0.0,46.0,동북동,2.6,1006.5
2024-08-28,17:00,구름조금,20 이상,4.0,4.0,32.5,20.0,31.8,,0.0,48.0,북동,2.1,1006.5
2024-08-28,18:00,맑음,20 이상,1.0,1.0,32.0,20.9,31.7,,0.0,52.0,북동,3.3,1006.6
2024-08-28,19:00,,20 이상,,,30.9,20.2,30.7,,0.0,53.0,북동,2.6,1006.9
2024-08-28,20:00,,20 이상,,,30.0,20.2,30.1,,0.0,56.0,북동,2.9,1007.3
2024-08-28,21:00,맑음,20 이상,0.0,0.0,29.3,20.4,29.7,,0.0,59.0,동북동,3.0,1007.7
2024-08-28,22:00,,20 이상,,,28.5,20.2,29.0,,0.0,61.0,동북동,3.4,1008.2
2024-08-28,23:00,,20 이상,,,27.7,20.0,28.4,,0.0,63.0,북동,3.1,1008.0
2024-08-29,06:00,맑음,20 이상,0.0,0.0,23.6,18.2,25.0,,0.0,72.0,북동,2.1,1008.1
2024-08-29,07:00,맑음,20 이상,0.0,0.0,23.7,18.7,25.2,,0.0,74.0,동북동,2.7,1008.4
2024-08-29,08:00,맑음,20 이상,0.0,0.0,25.6,18.7,26.5,,0.0,66.0,동북동,2.9,1008.3
2024-08-29,09:00,맑음,20 이상,0.0,0.0,27.2,19.0,27.7,,0.0,61.0,동북동,2.8,1008.1
2024-08-29,10:00,맑음,20 이상,0.0,0.0,28.8,19.4,29.0,,0.0,57.0,북동,3.4,1008.0
2024-08-29,11:00,맑음,20 이상,0.0,0.0,30.3,20.5,30.4,,0.0,56.0,북동,3.0,1007.3
2024-08-29,12:00,맑음,20 이상,0.0,0.0,31.4,20.9,31.3,,0.0,54.0,북동,2.8,1006.7
2024-08-29,13:00,맑음,20 이상,0.0,0.0,32.6,21.7,32.4,,0.0,53.0,동,2.9,1005.9
2024-08-29,14:00,구름조금,20 이상,4.0,4.0,33.0,21.5,32.6,,0.0,51.0,북동,3.8,1005.2
2024-08-29,15:00,구름조금,20 이상,5.0,5.0,33.3,22.1,33.0,,0.0,52.0,북동,3.3,1004.8
2024-08-29,16:00,맑음,20 이상,2.0,2.0,33.2,21.3,32.7,,0.0,50.0,북동,3.5,1004.5
2024-08-29,17:00,맑음,20 이상,0.0,0.0,32.8,21.3,32.4,,0.0,51.0,동북동,3.3,1004.5
2024-08-29,18:00,맑음,20 이상,0.0,0.0,31.7,21.5,31.7,,0.0,55.0,북동,3.6,1004.9
2024-08-29,19:00,,20 이상,,,30.2,20.7,30.4,,0.0,57.0,동북동,3.7,1005.2
2024-08-29,20:00,,20 이상,,,29.1,20.8,29.6,,0.0,61.0,동북동,3.4,1005.4
2024-08-29,21:00,맑음,20 이상,0.0,0.0,28.0,20.0,28.6,,0.0,62.0,북동,4.8,1005.8
2024-08-29,22:00,,20 이상,,,27.6,19.9,28.3,,0.0,63.0,동북동,2.6,1006.0
2024-08-29,23:00,,20 이상,,,27.1,19.6,27.9,,0.0,64.0,동북동,3.0,1005.8
2024-08-30,06:00,맑음,20 이상,0.0,0.0,23.8,18.8,25.3,,0.0,74.0,동북동,1.1,1005.4
2024-08-30,07:00,맑음,20 이상,0.0,0.0,23.8,19.0,25.4,,0.0,75.0,북동,2.2,1005.9
2024-08-30,08:00,맑음,20 이상,1.0,1.0,25.6,19.9,26.9,,0.0,71.0,북동,2.2,1005.8
2024-08-30,09:00,구름조금,20 이상,3.0,3.0,27.5,20.5,28.4,,0.0,66.0,동북동,2.2,1005.8
2024-08-30,10:00,맑음,20 이상,2.0,2.0,29.3,21.5,30.0,,0.0,63.0,서남서,1.2,1005.8
2024-08-30,11:00,맑음,20 이상,0.0,0.0,30.3,21.3,30.7,,0.0,59.0,서북서,3.7,1005.4
2024-08-30,12:00,맑음,20 이상,1.0,1.0,31.0,20.8,31.0,,0.0,55.0,서북서,3.8,1004.8
2024-08-30,13:00,맑음,20 이상,1.0,1.0,32.0,21.5,31.9,,0.0,54.0,서,2.7,1004.3
2024-08-30,14:00,맑음,20 이상,1.0,1.0,32.7,21.5,32.4,,0.0,52.0,서남서,2.4,1003.6
2024-08-30,15:00,맑음,20 이상,2.0,2.0,32.4,20.9,32.0,,0.0,51.0,서,2.8,1003.3
2024-08-30,16:00,맑음,20 이상,1.0,1.0,32.3,20.2,31.7,,0.0,49.0,서북서,3.6,1003.2
2024-08-30,17:00,맑음,20 이상,0.0,0.0,32.3,19.5,31.5,,0.0,47.0,서,3.5,1003.0
2024-08-30,18:00,맑음,20 이상,0.0,0.0,31.4,19.7,30.9,,0.0,50.0,서남서,3.2,1003.1
2024-08-30,19:00,,20 이상,,,29.6,22.3,30.5,,0.0,65.0,서남서,3.1,1003.6
2024-08-30,20:00,,20 이상,,,28.1,22.1,29.4,,0.0,70.0,서,3.1,1004.1
2024-08-30,21:00,맑음,20 이상,0.0,0.0,27.2,21.4,28.5,,0.0,71.0,서,3.0,1004.4
2024-08-30,22:00,,20 이상,,,26.8,21.5,28.3,,0.0,73.0,서,2.0,1004.7
2024-08-30,23:00,,20 이상,,,26.5,21.2,28.0,,0.0,73.0,서북서,2.1,1005.0
2024-08-31,06:00,맑음,19.6,0.0,0.0,22.8,19.3,24.8,,0.0,81.0,동북동,0.6,1006.1
2024-08-31,07:00,맑음,20 이상,0.0,0.0,22.8,19.3,24.8,,0.0,81.0,북서,2.2,1006.8
2024-08-31,08:00,맑음,20 이상,1.0,0.0,23.9,19.6,25.6,,0.0,77.0,북북서,1.4,1007.1
2024-08-31,09:00,구름조금,20 이상,3.0,0.0,25.8,20.8,27.3,,0.0,74.0,남남서,1.3,1006.9
2024-08-31,10:00,맑음,20 이상,1.0,0.0,27.3,20.1,28.2,,0.0,65.0,서,1.8,1007.0
2024-08-31,11:00,구름조금,20 이상,4.0,0.0,28.8,20.5,29.3,,0.0,61.0,서,1.2,1007.0
2024-08-31,12:00,구름조금,20 이상,5.0,0.0,30.4,21.4,30.8,,0.0,59.0,남,1.5,1006.2
2024-08-31,13:00,구름조금,20 이상,5.0,2.0,31.5,21.9,31.7,,0.0,57.0,남서,2.4,1005.7
2024-08-31,14:00,구름조금,20 이상,3.0,3.0,32.2,20.1,31.6,,0.0,49.0,서남서,2.6,1005.2
2024-08-31,15:00,구름조금,20 이상,4.0,4.0,32.5,19.0,31.5,,0.0,45.0,서북서,2.8,1004.7
2024-08-31,16:00,맑음,20 이상,2.0,2.0,32.9,17.8,31.4,,0.0,41.0,서,2.5,1004.6
2024-08-31,17:00,구름조금,20 이상,3.0,3.0,32.7,18.4,31.5,,0.0,43.0,서남서,2.4,1004.5
2024-08-31,18:00,맑음,20 이상,2.0,2.0,31.3,19.6,30.8,,0.0,50.0,서,3.4,1005.0
2024-08-31,19:00,,20 이상,,,29.7,19.0,29.5,,0.0,53.0,서,2.5,1005.2
2024-08-31,20:00,,20 이상,,,28.8,19.1,28.9,,0.0,56.0,서북서,2.2,1005.8
2024-08-31,21:00,맑음,20 이상,0.0,0.0,27.9,20.9,28.8,,0.0,66.0,서남서,1.4,1006.4
2024-08-31,22:00,,16.4,,,27.4,21.8,28.8,,0.0,72.0,정온,0.3,1006.4
2024-08-31,23:00,,20 이상,,,26.7,20.7,27.9,,0.0,70.0,서남서,1.6,1006.9
2024-09-01,06:00,흐림,15.7,9.0,9.0,24.6,20.9,26.6,,0.0,80.0,북동,1.0,1007.1
2024-09-01,07:00,흐림,14.1,9.0,9.0,24.7,21.0,26.7,,0.0,80.0,북동,1.3,1007.2
2024-09-01,08:00,구름많음,11.8,8.0,8.0,25.3,21.7,27.3,,0.0,81.0,남,1.3,1007.4
2024-09-01,09:00,박무,9.1,3.0,3.0,26.3,21.9,28.1,,0.0,77.0,남,2.3,1007.3
2024-09-01,10:00,박무,9.1,4.0,4.0,27.9,21.9,29.2,,0.0,70.0,남,3.0,1007.3
2024-09-01,11:00,구름조금,15.4,3.0,3.0,28.5,20.5,29.1,,0.0,62.0,남남서,3.1,1007.5
2024-09-01,12:00,맑음,20 이상,2.0,2.0,29.2,18.9,29.1,,0.0,54.0,남남서,3.4,1007.1
2024-09-01,13:00,맑음,20 이상,2.0,1.0,30.7,19.3,30.3,,0.0,51.0,서,3.3,1006.7
2024-09-01,14:00,맑음,20 이상,1.0,1.0,30.9,18.6,30.2,,0.0,48.0,서,2.9,1006.3
2024-09-01,15:00,맑음,20 이상,1.0,0.0,31.5,17.7,30.4,,0.0,44.0,남서,2.6,1005.8
2024-09-01,16:00,구름많음,20 이상,6.0,0.0,30.9,16.1,29.5,,0.0,41.0,서남서,3.1,1005.6
2024-09-01,17:00,구름많음,20 이상,7.0,0.0,29.7,16.1,28.7,,0.0,44.0,서,3.0,1005.5
2024-09-01,18:00,구름많음,20 이상,8.0,0.0,28.5,18.5,28.5,,0.0,55.0,서북서,2.4,1005.5
2024-09-01,19:00,,20 이상,,,27.5,16.4,27.2,,0.0,51.0,서남서,2.5,1005.5
2024-09-01,20:00,,20 이상,,,27.0,16.5,26.9,,0.0,53.0,서남서,2.8,1006.5
2024-09-01,21:00,구름많음,20 이상,7.0,2.0,26.3,18.4,26.9,,0.0,62.0,서,2.2,1007.1
2024-09-01,22:00,,20 이상,,,25.9,18.3,26.6,,0.0,63.0,서북서,1.1,1007.0
2024-09-01,23:00,,20 이상,,,25.5,18.4,26.4,,0.0,65.0,북,0.5,1007.1
2024-09-02,06:00,약한 비 연속적,8.6,10.0,7.0,22.6,20.5,25.1,2.3,0.0,88.0,북동,2.8,1007.2
2024-09-02,07:00,비 끝,16.9,10.0,3.0,22.3,19.8,24.6,2.7,0.0,86.0,북동,2.3,1007.7
2024-09-02,08:00,흐림,20 이상,10.0,10.0,22.5,19.6,24.7,2.7,0.0,84.0,북동,1.9,1007.7
2024-09-02,09:00,약한 비 단속적,20 이상,10.0,7.0,22.8,18.1,24.4,2.7,0.0,75.0,북동,1.2,1008.7
2024-09-02,10:00,약한 비 단속적,20 이상,10.0,7.0,23.3,17.2,24.4,2.7,0.0,69.0,동북동,1.5,1009.3
2024-09-02,11:00,약한 비 단속적,15.6,10.0,7.0,23.8,19.9,25.7,2.7,0.0,79.0,북동,3.3,1009.4
2024-09-02,12:00,비 끝,19.0,10.0,5.0,24.0,19.9,25.8,2.7,0.0,78.0,북동,3.6,1009.3
2024-09-02,13:00,흐림,18.0,10.0,7.0,24.5,19.7,26.1,2.7,0.0,75.0,북동,2.9,1009.1
2024-09-02,14:00,흐림,19.6,10.0,7.0,25.2,20.0,26.7,2.7,0.0,73.0,북동,2.4,1008.8
2024-09-02,15:00,흐림,19.2,9.0,9.0,25.6,19.9,26.9,2.7,0.0,71.0,북동,2.6,1008.8
2024-09-02,16:00,흐림,20 이상,9.0,9.0,26.6,20.2,27.7,2.7,0.0,68.0,북동,3.2,1008.5
2024-09-02,17:00,구름많음,20 이상,8.0,8.0,26.8,20.3,27.9,2.7,0.0,68.0,북동,3.2,1008.6
2024-09-02,18:00,구름많음,20 이상,8.0,8.0,26.8,20.6,28.0,2.7,0.0,69.0,북동,2.8,1008.9
2024-09-02,19:00,,20 이상,,,26.3,20.6,27.6,2.7,0.0,71.0,동북동,3.5,1009.2
2024-09-02,20:00,구름조금,20 이상,5.0,5.0,25.8,20.1,27.1,2.7,0.0,71.0,북동,3.7,1009.7
2024-09-02,21:00,구름많음,20 이상,6.0,6.0,25.5,20.0,26.9,2.7,0.0,72.0,북동,2.6,1010.5
2024-09-02,22:00,,20 이상,,,25.2,19.3,26.4,2.7,0.0,70.0,동북동,2.7,1011.1
2024-09-02,23:00,,20 이상,,,24.8,18.4,25.9,2.7,0.0,68.0,동북동,4.1,1011.4
2024-09-03,06:00,구름많음,20 이상,6.0,6.0,23.3,14.5,23.6,,0.0,58.0,동북동,3.1,1012.6
2024-09-03,07:00,구름조금,20 이상,5.0,5.0,23.2,13.3,23.2,,0.0,54.0,북동,3.2,1012.7
2024-09-03,08:00,구름조금,20 이상,4.0,4.0,24.0,13.8,23.9,,0.0,53.0,동북동,3.5,1013.0
2024-09-03,09:00,맑음,20 이상,1.0,1.0,25.6,14.7,25.3,,0.0,51.0,북동,3.9,1013.4
2024-09-03,10:00,맑음,20 이상,1.0,1.0,26.9,15.2,26.4,,0.0,49.0,동북동,3.6,1013.4
2024-09-03,11:00,맑음,20 이상,1.0,1.0,27.9,15.8,27.3,,0.0,48.0,북동,3.6,1013.1
2024-09-03,12:00,맑음,20 이상,1.0,1.0,29.1,16.9,28.5,,0.0,48.0,동북동,3.6,1012.1
2024-09-03,13:00,맑음,20 이상,1.0,1.0,30.1,17.5,29.3,,0.0,47.0,동북동,2.9,1011.5
2024-09-03,14:00,맑음,20 이상,2.0,2.0,31.1,18.4,30.3,,0.0,47.0,남남동,1.6,1010.8
2024-09-03,15:00,맑음,20 이상,1.0,1.0,31.9,18.4,30.9,,0.0,45.0,남남동,2.2,1010.0
2024-09-03,16:00,맑음,20 이상,2.0,1.0,30.8,18.5,30.1,,0.0,48.0,남,1.0,1009.6
2024-09-03,17:00,구름조금,20 이상,4.0,3.0,30.9,17.9,30.0,,0.0,46.0,서북서,1.2,1009.4
2024-09-03,18:00,구름많음,20 이상,6.0,6.0,30.0,18.7,29.6,,0.0,51.0,동,2.2,1009.3
2024-09-03,19:00,,20 이상,,,29.0,18.4,28.8,,0.0,53.0,동북동,2.7,1009.2
2024-09-03,20:00,,20 이상,,,28.1,18.2,28.1,,0.0,55.0,북동,2.1,1009.8
2024-09-03,21:00,맑음,20 이상,0.0,0.0,27.1,17.8,27.3,,0.0,57.0,북동,2.5,1010.2
2024-09-03,22:00,,20 이상,,,26.3,17.3,26.6,,0.0,58.0,북동,2.2,1010.3
2024-09-03,23:00,,20 이상,,,25.9,16.7,26.1,,0.0,57.0,북동,2.1,1010.4
2024-09-04,06:00,구름많음,20 이상,6.0,3.0,23.2,17.6,24.5,,0.0,71.0,북동,2.3,1010.8
2024-09-04,07:00,구름조금,20 이상,4.0,2.0,23.4,17.6,24.6,,0.0,70.0,북동,2.5,1010.9
2024-09-04,08:00,맑음,20 이상,0.0,0.0,24.5,18.1,25.6,,0.0,68.0,동북동,1.8,1010.7
2024-09-04,09:00,맑음,20 이상,0.0,0.0,26.1,18.2,26.7,,0.0,62.0,북동,2.1,1011.0
2024-09-04,10:00,맑음,20 이상,0.0,0.0,27.7,18.1,27.8,,0.0,56.0,동북동,2.4,1010.7
2024-09-04,11:00,맑음,20 이상,0.0,0.0,29.1,18.5,28.9,,0.0,53.0,남동,2.1,1010.1
2024-09-04,12:00,맑음,20 이상,0.0,0.0,30.3,18.7,29.8,,0.0,50.0,남남동,2.6,1009.4
2024-09-04,13:00,맑음,20 이상,0.0,0.0,31.6,18.9,30.8,,0.0,47.0,남남동,2.7,1008.5
2024-09-04,14:00,맑음,20 이상,0.0,0.0,32.0,18.5,31.0,,0.0,45.0,동남동,2.4,1007.7
2024-09-04,15:00,맑음,20 이상,1.0,1.0,32.6,19.4,31.7,,0.0,46.0,남동,2.0,1006.9
2024-09-04,16:00,구름조금,20 이상,3.0,3.0,33.3,19.7,32.3,,0.0,45.0,남남동,2.7,1006.5
2024-09-04,17:00,구름조금,20 이상,5.0,5.0,32.2,19.4,31.4,,0.0,47.0,남남동,2.5,1006.4
2024-09-04,18:00,구름조금,20 이상,4.0,4.0,31.7,21.5,31.7,,0.0,55.0,서북서,2.7,1006.2
2024-09-04,19:00,,20 이상,,,30.1,21.1,30.5,,0.0,59.0,서북서,1.4,1006.7
2024-09-04,20:00,,20 이상,,,28.8,21.3,29.6,,0.0,64.0,서북서,2.8,1007.2
2024-09-04,21:00,맑음,20 이상,2.0,2.0,28.0,21.5,29.1,,0.0,68.0,서남서,2.3,1007.8
2024-09-04,22:00,,18.8,,,27.6,22.0,29.0,,0.0,72.0,북서,1.8,1008.1
2024-09-04,23:00,,16.8,,,27.2,22.1,28.8,,0.0,74.0,서,2.0,1008.0
2024-09-05,06:00,흐림,20 이상,9.0,9.0,26.2,21.6,27.9,,0.0,76.0,남,3.1,1006.9
2024-09-05,07:00,흐림,20 이상,9.0,9.0,26.3,22.1,28.1,,0.0,78.0,남남서,2.8,1007.3
2024-09-05,08:00,구름많음,20 이상,6.0,6.0,26.7,22.5,28.6,,0.0,78.0,남,2.4,1007.1
2024-09-05,09:00,구름많음,20 이상,8.0,5.0,27.5,21.7,28.8,,0.0,71.0,남남서,4.1,1007.1
2024-09-05,10:00,흐림,20 이상,10.0,6.0,28.1,21.3,29.1,,0.0,67.0,남남서,4.2,1007.0
2024-09-05,11:00,흐림,20 이상,9.0,7.0,28.6,21.6,29.5,,0.0,66.0,남서,4.4,1006.7
2024-09-05,12:00,약한 비 단속적,7.8,10.0,8.0,26.6,23.0,28.7,0.3,0.0,81.0,남서,3.4,1006.8
2024-09-05,13:00,약한 비 단속적,5.4,10.0,8.0,26.1,23.7,28.6,1.4,0.0,87.0,남서,2.7,1006.4
2024-09-05,14:00,약한 비 연속적,4.0,10.0,8.0,26.1,24.3,28.8,3.9,0.0,90.0,남서,3.3,1006.1
2024-09-05,15:00,약한 비 단속적,13.2,10.0,7.0,25.9,23.9,28.5,6.7,0.0,89.0,서남서,2.9,1005.7
2024-09-05,16:00,비 끝,13.2,10.0,8.0,26.2,24.6,29.0,6.9,0.0,91.0,남남서,2.5,1005.6
2024-09-05,17:00,흐림,15.8,9.0,7.0,26.2,24.0,28.8,6.9,0.0,88.0,남서,2.6,1005.7
2024-09-05,18:00,흐림,15.8,10.0,7.0,26.2,23.4,28.6,6.9,0.0,85.0,남서,2.2,1006.0
2024-09-05,19:00,,20 이상,,,25.7,21.7,27.6,6.9,0.0,79.0,서,2.6,1006.3
2024-09-05,20:00,,20 이상,,,25.6,21.6,27.5,6.9,0.0,79.0,서,2.3,1007.1
2024-09-05,21:00,흐림,20 이상,10.0,8.0,25.7,21.9,27.7,6.9,0.0,80.0,서,1.7,1007.7
2024-09-05,22:00,,20 이상,,,25.7,22.5,27.9,6.9,0.0,83.0,서북서,1.3,1007.9
2024-09-05,23:00,,17.7,,,25.8,23.0,28.1,6.9,0.0,85.0,서남서,1.5,1007.7
2024-09-06,06:00,약한 비 단속적,14.0,10.0,8.0,23.8,22.0,26.4,0.4,0.0,90.0,동북동,2.4,1009.5
2024-09-06,07:00,비 끝,17.9,10.0,8.0,23.9,21.9,26.5,0.4,0.0,89.0,북동,3.3,1009.9
2024-09-06,08:00,흐림,20 이상,10.0,9.0,24.1,21.4,26.4,0.4,0.0,85.0,북동,3.2,1010.2
2024-09-06,09:00,흐림,20 이상,10.0,8.0,24.6,21.5,26.8,0.4,0.0,83.0,동북동,2.7,1011.0
2024-09-06,10:00,약한 비 단속적,20 이상,10.0,7.0,24.6,21.7,26.8,0.4,0.0,84.0,북동,3.8,1011.5
2024-09-06,11:00,약한 비 연속적,7.5,10.0,9.0,24.1,22.1,26.7,0.5,0.0,89.0,동북동,2.7,1011.8
2024-09-06,12:00,약한 비 연속적,9.6,10.0,7.0,23.5,21.0,25.9,0.6,0.0,86.0,동북동,3.5,1011.9
2024-09-06,13:00,약한 비 연속적,11.2,10.0,9.0,23.4,20.7,25.7,0.7,0.0,85.0,동북동,3.6,1011.7
2024-09-06,14:00,비 끝,20 이상,10.0,4.0,23.4,19.7,25.3,0.7,0.0,80.0,북동,4.3,1011.5
2024-09-06,15:00,흐림,20 이상,10.0,6.0,24.0,19.0,25.5,0.7,0.0,74.0,동북동,3.7,1010.9
2024-09-06,16:00,흐림,20 이상,10.0,5.0,24.4,19.0,25.8,0.7,0.0,72.0,북동,2.8,1011.1
2024-09-06,17:00,흐림,20 이상,9.0,9.0,24.3,18.4,25.5,0.7,0.0,70.0,북동,3.0,1011.2
2024-09-06,18:00,흐림,20 이상,10.0,7.0,24.1,18.2,25.3,0.7,0.0,70.0,북동,3.2,1011.4
2024-09-06,19:00,,20 이상,,,23.8,17.9,25.0,0.7,0.0,70.0,북동,3.2,1011.3
2024-09-06,20:00,,20 이상,,,23.7,17.6,24.8,0.7,0.0,69.0,북동,2.5,1012.0
2024-09-06,21:00,흐림,20 이상,10.0,8.0,23.7,17.8,24.9,0.7,0.0,70.0,동북동,2.1,1012.6
2024-09-06,22:00,비 끝,20 이상,10.0,7.0,23.5,18.1,24.9,0.7,0.0,72.0,북동,2.9,1012.7
2024-09-06,23:00,,20 이상,,,23.4,18.0,24.8,0.7,0.0,72.0,동북동,2.5,1012.4
2024-09-07,06:00,구름많음,20 이상,7.0,7.0,23.0,18.9,24.8,0.0,0.0,78.0,북동,1.6,1013.0
2024-09-07,07:00,구름많음,20 이상,7.0,7.0,22.9,19.4,24.9,0.0,0.0,81.0,동북동,1.2,1013.4
2024-09-07,08:00,구름많음,20 이상,7.0,7.0,23.6,19.7,25.5,0.0,0.0,79.0,북동,1.8,1013.5
2024-09-07,09:00,구름많음,20 이상,7.0,7.0,25.0,20.4,26.7,0.0,0.0,76.0,북동,2.1,1013.6
2024-09-07,10:00,구름많음,20 이상,7.0,7.0,25.9,20.9,27.4,0.0,0.0,74.0,북동,0.8,1013.7
2024-09-07,11:00,구름많음,18.2,6.0,6.0,27.7,21.4,28.9,0.0,0.0,69.0,남동,1.1,1013.5
2024-09-07,12:00,구름조금,20 이상,4.0,4.0,29.0,20.7,29.5,0.0,0.0,61.0,동북동,1.2,1012.9
2024-09-07,13:00,구름조금,18.3,5.0,5.0,30.1,20.3,30.2,0.0,0.0,56.0,서남서,2.0,1012.5
2024-09-07,14:00,구름조금,17.8,5.0,5.0,30.1,20.3,30.2,0.0,0.0,56.0,북서,1.9,1012.0
2024-09-07,15:00,구름조금,18.0,4.0,4.0,31.0,19.9,30.7,0.0,0.0,52.0,남,2.9,1011.7
2024-09-07,16:00,맑음,13.7,2.0,2.0,30.9,20.5,30.8,0.0,0.0,54.0,서남서,2.9,1011.4
2024-09-07,17:00,맑음,17.2,2.0,2.0,30.8,20.4,30.7,0.0,0.0,54.0,서남서,2.9,1011.6
2024-09-07,18:00,맑음,17.7,0.0,0.0,29.5,20.9,29.9,0.0,0.0,60.0,서,2.6,1011.9
2024-09-07,19:00,,17.4,,,28.1,20.8,29.0,0.0,0.0,65.0,서북서,2.3,1012.1
2024-09-07,20:00,,16.4,,,27.1,20.4,28.1,0.0,0.0,67.0,서,1.0,1012.7
2024-09-07,21:00,맑음,16.2,0.0,0.0,26.4,20.2,27.6,0.0,0.0,69.0,서,1.0,1012.9
2024-09-07,22:00,,15.5,,,25.5,20.0,26.9,0.0,0.0,72.0,서남서,1.9,1013.3
2024-09-07,23:00,,12.5,,,24.9,21.2,26.9,0.0,0.0,80.0,서,2.2,1013.6
2024-09-08,06:00,맑음,10.6,1.0,1.0,22.8,20.3,25.1,,0.0,86.0,북동,1.5,1014.1
2024-09-08,07:00,맑음,10.8,1.0,1.0,22.7,20.4,25.1,,0.0,87.0,북동,1.1,1014.5
2024-09-08,08:00,맑음,13.0,0.0,0.0,23.9,21.2,26.2,,0.0,85.0,동북동,1.1,1014.5
2024-09-08,09:00,맑음,17.3,0.0,0.0,25.7,21.1,27.4,,0.0,76.0,동북동,1.2,1014.6
2024-09-08,10:00,구름조금,15.9,3.0,3.0,27.3,21.8,28.7,,0.0,72.0,동북동,1.1,1014.3
2024-09-08,11:00,구름조금,20 이상,5.0,5.0,29.0,21.2,29.7,,0.0,63.0,남,1.9,1013.7
2024-09-08,12:00,구름조금,17.4,5.0,5.0,30.1,21.4,30.5,,0.0,60.0,동,1.9,1013.0
2024-09-08,13:00,구름조금,20 이상,5.0,5.0,31.4,21.2,31.4,,0.0,55.0,남,2.6,1012.5
2024-09-08,14:00,구름조금,20 이상,5.0,5.0,31.2,20.4,31.0,,0.0,53.0,북동,1.7,1012.0
2024-09-08,15:00,구름조금,20 이상,5.0,5.0,32.3,20.2,31.7,,0.0,49.0,남,1.9,1011.5
2024-09-08,16:00,구름조금,18.8,5.0,5.0,32.4,20.9,32.0,,0.0,51.0,서북서,2.2,1011.3
2024-09-08,17:00,구름조금,15.9,5.0,5.0,31.6,21.7,31.7,,0.0,56.0,서남서,2.3,1011.3
2024-09-08,18:00,맑음,16.5,1.0,1.0,30.0,21.9,30.6,,0.0,62.0,서,2.5,1011.6
2024-09-08,19:00,,16.8,,,28.4,21.9,29.5,,0.0,68.0,서,3.0,1011.6
2024-09-08,20:00,,17.5,,,27.7,21.2,28.8,,0.0,68.0,북서,2.7,1012.3
2024-09-08,21:00,맑음,19.4,1.0,1.0,27.2,20.5,28.2,,0.0,67.0,서북서,2.7,1012.5
2024-09-08,22:00,,18.9,,,26.6,20.4,27.8,,0.0,69.0,서북서,0.6,1012.7
2024-09-08,23:00,,18.0,,,26.3,20.8,27.7,,0.0,72.0,서북서,1.0,1012.6
2024-09-09,06:00,구름조금,18.1,5.0,5.0,24.2,20.9,26.3,,0.0,82.0,북동,2.1,1012.9
2024-09-09,07:00,구름많음,20 이상,8.0,8.0,24.6,21.1,26.6,,0.0,81.0,북동,2.4,1013.4
2024-09-09,08:00,맑음,20 이상,2.0,1.0,26.0,21.8,27.8,,0.0,78.0,북동,2.1,1013.5
2024-09-09,09:00,맑음,20 이상,2.0,1.0,27.9,22.3,29.3,,0.0,72.0,동북동,1.8,1013.5
2024-09-09,10:00,맑음,19.9,2.0,2.0,29.5,22.9,30.6,,0.0,68.0,남동,2.1,1013.3
2024-09-09,11:00,구름조금,20 이상,5.0,5.0,30.2,22.3,30.9,,0.0,63.0,남,2.8,1013.0
2024-09-09,12:00,구름많음,20 이상,6.0,6.0,30.8,22.9,31.5,,0.0,63.0,서북서,1.2,1012.3
2024-09-09,13:00,구름많음,20 이상,6.0,6.0,32.2,22.5,32.4,,0.0,57.0,남남서,2.5,1011.7
2024-09-09,14:00,구름많음,20 이상,6.0,6.0,33.6,23.0,33.5,,0.0,54.0,남서,2.2,1011.2
2024-09-09,15:00,구름많음,20 이상,7.0,7.0,33.5,22.2,33.2,,0.0,52.0,서,1.5,1011.0
2024-09-09,16:00,구름많음,19.1,6.0,6.0,32.5,23.1,32.8,,0.0,58.0,서,2.1,1010.9
2024-09-09,17:00,구름많음,20 이상,6.0,6.0,31.7,22.6,32.1,,0.0,59.0,서,2.6,1010.9
2024-09-09,18:00,맑음,17.6,1.0,1.0,31.2,22.7,31.7,,0.0,61.0,북서,2.7,1011.1
2024-09-09,19:00,,20 이상,,,30.0,22.6,30.9,,0.0,65.0,북서,2.6,1011.4
2024-09-09,20:00,,20 이상,,,29.1,22.5,30.2,,0.0,68.0,서북서,2.5,1011.9
2024-09-09,21:00,맑음,20 이상,0.0,0.0,28.6,22.5,29.9,,0.0,70.0,서북서,2.8,1012.4
2024-09-09,22:00,,20 이상,,,28.2,22.2,29.5,,0.0,70.0,정온,0.3,1012.6
2024-09-09,23:00,,20 이상,,,27.7,22.1,29.1,,0.0,72.0,서북서,0.8,1012.4
2024-09-10,06:00,맑음,15.5,0.0,0.0,25.6,22.4,27.8,,0.0,83.0,북동,1.6,1013.0
2024-09-10,07:00,맑음,16.1,0.0,0.0,25.7,22.5,27.9,,0.0,83.0,북동,1.1,1013.5
2024-09-10,08:00,맑음,17.6,0.0,0.0,27.0,23.4,29.1,,0.0,81.0,북동,2.0,1013.4
2024-09-10,09:00,맑음,15.8,0.0,0.0,28.8,23.9,30.5,,0.0,75.0,북동,1.8,1013.3
2024-09-10,10:00,맑음,18.9,0.0,0.0,30.1,24.0,31.4,,0.0,70.0,남,0.8,1013.3
2024-09-10,11:00,맑음,18.7,2.0,2.0,31.5,23.5,32.2,,0.0,63.0,남동,1.4,1013.1
2024-09-10,12:00,구름조금,18.0,3.0,3.0,32.6,23.8,33.0,,0.0,60.0,서,1.5,1012.5
2024-09-10,13:00,구름조금,17.2,4.0,4.0,32.6,23.2,32.9,,0.0,58.0,서남서,2.2,1012.1
2024-09-10,14:00,구름많음,15.3,6.0,6.0,32.5,23.4,32.9,,0.0,59.0,서,3.3,1011.9
2024-09-10,15:00,구름조금,15.9,3.0,3.0,33.4,22.8,33.3,,0.0,54.0,서북서,2.8,1011.5
2024-09-10,16:00,맑음,18.1,1.0,1.0,33.8,23.1,33.7,,0.0,54.0,서,2.9,1011.3
2024-09-10,17:00,맑음,20 이상,1.0,1.0,33.3,22.1,33.0,,0.0,52.0,서,2.9,1011.2
2024-09-10,18:00,맑음,20 이상,0.0,0.0,32.2,22.5,32.4,,0.0,57.0,북서,2.7,1011.6
2024-09-10,19:00,,20 이상,,,30.4,21.7,30.8,,0.0,60.0,북서,3.4,1012.0
2024-09-10,20:00,,20 이상,,,29.6,21.0,30.0,,0.0,60.0,북서,1.2,1012.6
2024-09-10,21:00,맑음,20 이상,0.0,0.0,28.9,21.1,29.6,,0.0,63.0,북북서,1.2,1013.5
2024-09-10,22:00,,20 이상,,,28.7,20.6,29.3,,0.0,62.0,북서,2.0,1013.6
2024-09-10,23:00,,20 이상,,,28.2,20.7,29.0,,0.0,64.0,정온,0.4,1014.0
2024-09-11,06:00,맑음,16.7,1.0,1.0,25.5,21.3,27.3,,0.0,78.0,북동,1.6,1015.5
2024-09-11,07:00,맑음,16.4,1.0,1.0,25.7,21.7,27.6,,0.0,79.0,북동,1.6,1015.9
2024-09-11,08:00,맑음,15.7,0.0,0.0,27.3,22.4,28.9,,0.0,75.0,북동,2.3,1015.7
2024-09-11,09:00,맑음,18.1,0.0,0.0,29.3,23.4,30.7,,0.0,71.0,동북동,1.6,1015.7
2024-09-11,10:00,맑음,16.1,0.0,0.0,31.4,23.5,32.1,,0.0,63.0,동북동,1.8,1015.7
2024-09-11,11:00,맑음,15.1,1.0,1.0,32.5,23.4,32.9,,0.0,59.0,북동,2.1,1015.6
2024-09-11,12:00,구름조금,18.2,4.0,4.0,33.6,23.3,33.6,,0.0,55.0,북동,2.2,1014.8
2024-09-11,13:00,구름조금,18.9,4.0,4.0,34.5,23.2,34.2,,0.0,52.0,북동,1.9,1014.1
2024-09-11,14:00,구름많음,20 이상,8.0,8.0,33.9,22.3,33.5,,0.0,51.0,북서,1.7,1013.4
2024-09-11,15:00,약한 소나기,14.6,9.0,9.0,32.8,23.4,33.1,0.0,0.0,58.0,남서,2.2,1013.4
2024-09-11,16:00,소나기 끝,14.6,10.0,8.0,31.6,23.9,32.4,0.0,0.0,64.0,남서,2.6,1013.5
2024-09-11,17:00,흐림,16.0,10.0,8.0,29.7,23.8,31.1,0.0,0.0,71.0,서,3.3,1013.9
2024-09-11,18:00,흐림,12.5,9.0,8.0,29.1,23.7,30.6,0.0,0.0,73.0,서,3.4,1014.1
2024-09-11,19:00,,10.4,,,28.8,23.9,30.5,0.0,0.0,75.0,서,1.9,1014.5
2024-09-11,20:00,흐림,8.5,10.0,1.0,28.5,24.0,30.3,0.0,0.0,77.0,서,2.0,1015.2
2024-09-11,21:00,박무,8.4,10.0,7.0,28.3,24.3,30.3,0.0,0.0,79.0,서남서,2.1,1015.8
2024-09-11,22:00,흐림,8.9,10.0,9.0,28.4,24.1,30.3,0.0,0.0,78.0,서,1.8,1016.1
2024-09-11,23:00,약한 비 단속적,7.7,10.0,7.0,27.9,24.1,29.9,0.0,0.0,80.0,서남서,2.5,1015.8
2024-09-12,06:00,보통 비 연속적,4.9,10.0,9.0,25.3,24.2,28.3,17.1,0.0,94.0,북동,2.3,1015.1
2024-09-12,07:00,보통 비 연속적,4.1,10.0,9.0,25.3,24.2,28.3,24.1,0.0,94.0,정온,0.2,1015.4
2024-09-12,08:00,약한 비 연속적,20 이상,10.0,9.0,25.4,24.3,28.4,25.9,0.0,94.0,북동,2.1,1015.5
2024-09-12,09:00,약한 비 단속적,20 이상,10.0,9.0,25.5,24.2,28.4,26.2,0.0,93.0,북동,2.5,1015.5
2024-09-12,10:00,약한 비 연속적,19.6,10.0,9.0,25.4,23.9,28.2,26.4,0.0,92.0,북동,2.4,1015.6
2024-09-12,11:00,약한 비 연속적,20 이상,10.0,9.0,25.6,24.3,28.5,26.6,0.0,93.0,북동,2.8,1015.4
2024-09-12,12:00,비 끝,20 이상,10.0,8.0,26.0,24.2,28.7,26.6,0.0,90.0,북동,2.8,1014.8
2024-09-12,13:00,약한 비 단속적,20 이상,10.0,7.0,26.3,24.1,28.9,26.6,0.0,88.0,북동,2.8,1014.4
2024-09-12,14:00,"천둥번개 끝, 약한 비",12.9,10.0,8.0,26.0,24.0,28.6,27.3,0.0,89.0,북동,2.6,1014.2
2024-09-12,15:00,보통 비 연속적,7.2,10.0,9.0,25.5,23.9,28.3,30.5,0.0,91.0,북동,2.1,1013.8
2024-09-12,16:00,약한 비 연속적,20 이상,10.0,9.0,25.3,23.8,28.1,32.5,0.0,92.0,북동,2.2,1013.8
2024-09-12,17:00,약한 비 단속적,20 이상,10.0,9.0,25.3,23.7,28.1,32.6,0.0,91.0,북동,2.2,1013.7
2024-09-12,18:00,약한 비 단속적,20 이상,10.0,9.0,25.2,23.6,28.0,32.7,0.0,91.0,북동,2.4,1013.4
2024-09-12,19:00,비 끝,20 이상,10.0,9.0,25.1,23.5,27.9,32.7,0.0,91.0,북동,2.1,1013.4
2024-09-12,20:00,약한 비 연속적,20 이상,10.0,9.0,25.0,23.4,27.7,32.7,0.0,91.0,북동,2.1,1013.7
2024-09-12,21:00,비 끝,20 이상,9.0,7.0,24.9,23.3,27.6,32.7,0.0,91.0,북동,2.3,1013.8
2024-09-12,22:00,,20 이상,,,24.8,23.0,27.5,32.7,0.0,90.0,북동,2.1,1013.6
2024-09-12,23:00,비 끝,20 이상,9.0,7.0,24.8,23.0,27.5,32.7,0.0,90.0,북동,2.4,1013.2
2024-09-13,06:00,약한 비 단속적,20 이상,10.0,7.0,24.2,23.1,27.1,0.6,0.0,94.0,북동,2.0,1010.3
2024-09-13,07:00,약한 비 단속적,17.7,10.0,7.0,24.4,23.5,27.4,0.6,0.0,95.0,북동,1.5,1010.5
2024-09-13,08:00,비 끝,18.9,10.0,7.0,25.0,23.9,28.0,0.6,0.0,94.0,북동,1.2,1010.4
2024-09-13,09:00,흐림,19.3,10.0,4.0,25.7,24.2,28.5,0.6,0.0,92.0,북동,1.1,1010.1
2024-09-13,10:00,흐림,20 이상,10.0,6.0,26.7,24.5,29.3,0.6,0.0,88.0,동,1.5,1009.9
2024-09-13,11:00,약한 비 단속적,20 이상,10.0,8.0,27.3,24.5,29.7,0.6,0.0,85.0,남동,1.3,1009.4
2024-09-13,12:00,약한 비 단속적,20 이상,10.0,7.0,27.5,25.1,30.0,0.9,0.0,87.0,남남동,1.4,1008.5
2024-09-13,13:00,약한 비 단속적,14.1,10.0,9.0,27.9,24.7,30.2,0.9,0.0,83.0,남남서,2.4,1007.9
2024-09-13,14:00,약한 비 연속적,14.9,10.0,9.0,27.3,24.7,29.8,1.4,0.0,86.0,남남서,3.3,1007.5
2024-09-13,15:00,약한 비 연속적,9.2,10.0,8.0,26.9,24.9,29.6,2.0,0.0,89.0,남서,2.9,1007.2
2024-09-13,16:00,약한 비 연속적,9.5,10.0,8.0,26.1,24.3,28.8,4.5,0.0,90.0,남남서,2.7,1007.0
2024-09-13,17:00,약한 비 단속적,17.3,10.0,8.0,26.4,24.8,29.2,4.9,0.0,91.0,남,2.6,1006.6
2024-09-13,18:00,비 끝,19.1,10.0,8.0,26.7,25.1,29.5,4.9,0.0,91.0,남남서,2.0,1006.3
2024-09-13,19:00,약한 비 단속적,10.5,10.0,8.0,26.6,24.8,29.3,5.1,0.0,90.0,남남서,3.9,1006.0
2024-09-13,20:00,약한 비 단속적,20 이상,10.0,8.0,26.2,24.4,28.9,5.1,0.0,90.0,남남서,3.0,1006.3
2024-09-13,21:00,약한 비 연속적,13.7,10.0,9.0,26.1,24.6,29.0,5.4,0.0,92.0,남,1.8,1006.6
2024-09-13,22:00,약한 비 연속적,12.6,10.0,9.0,26.0,24.9,29.0,7.2,0.0,94.0,남남서,2.2,1006.7
2024-09-13,23:00,약한 비 연속적,11.0,10.0,8.0,26.1,25.2,29.2,7.5,0.0,95.0,남남서,3.3,1006.6
2024-09-14,06:00,구름많음,16.2,7.0,7.0,25.3,23.8,28.1,0.0,0.0,92.0,서,1.2,1005.8
2024-09-14,07:00,구름많음,20 이상,7.0,7.0,25.2,23.8,28.0,0.0,0.0,92.0,정온,0.3,1005.9
2024-09-14,08:00,구름조금,20 이상,4.0,4.0,25.5,24.0,28.3,0.0,0.0,92.0,북북동,1.3,1006.0
2024-09-14,09:00,구름많음,20 이상,7.0,7.0,27.1,24.9,29.7,0.0,0.0,88.0,동북동,1.3,1006.0
2024-09-14,10:00,구름많음,20 이상,7.0,7.0,27.9,24.9,30.2,0.0,0.0,84.0,서,0.9,1006.3
2024-09-14,11:00,구름많음,20 이상,8.0,8.0,29.4,24.2,31.0,0.0,0.0,74.0,남,2.3,1006.2
2024-09-14,12:00,흐림,20 이상,9.0,9.0,29.9,23.8,31.2,0.0,0.0,70.0,남남서,2.3,1005.4
2024-09-14,13:00,흐림,20 이상,9.0,9.0,29.1,23.5,30.5,0.0,0.0,72.0,서,2.1,1005.2
2024-09-14,14:00,구름조금,20 이상,4.0,2.0,30.2,24.1,31.5,0.0,0.0,70.0,남서,1.7,1004.6
2024-09-14,15:00,맑음,20 이상,2.0,2.0,31.3,23.4,32.0,0.0,0.0,63.0,서북서,2.0,1004.1
2024-09-14,16:00,구름조금,20 이상,3.0,3.0,31.7,22.9,32.1,0.0,0.0,60.0,서,2.2,1003.7
2024-09-14,17:00,구름많음,20 이상,7.0,7.0,31.1,22.9,31.7,0.0,0.0,62.0,서,2.5,1003.8
2024-09-14,18:00,구름조금,20 이상,3.0,3.0,30.3,23.9,31.5,0.0,0.0,69.0,서남서,2.8,1004.3
2024-09-14,19:00,,20 이상,,,29.0,23.6,30.5,0.0,0.0,73.0,서,1.9,1004.6
2024-09-14,20:00,,20 이상,,,28.1,23.6,29.9,0.0,0.0,77.0,서,2.0,1005.7
2024-09-14,21:00,맑음,20 이상,0.0,0.0,27.6,24.2,29.8,0.0,0.0,82.0,서,1.9,1006.1
2024-09-14,22:00,,20 이상,,,27.2,24.0,29.4,0.0,0.0,83.0,북서,1.2,1006.5
2024-09-14,23:00,,20 이상,,,26.9,23.7,29.1,0.0,0.0,83.0,서,0.5,1006.5
2024-09-15,06:00,구름조금,17.9,3.0,1.0,25.0,23.4,27.7,,0.0,91.0,북동,1.3,1007.7
2024-09-15,07:00,구름조금,19.1,5.0,4.0,25.1,23.7,27.9,,0.0,92.0,북동,1.2,1008.3
2024-09-15,08:00,구름조금,20 이상,5.0,3.0,26.3,24.5,29.0,,0.0,90.0,북동,2.4,1008.6
2024-09-15,09:00,구름많음,20 이상,6.0,6.0,27.3,24.3,29.6,,0.0,84.0,동북동,2.1,1008.8
2024-09-15,10:00,구름많음,20 이상,6.0,6.0,28.8,24.7,30.8,,0.0,79.0,북동,2.5,1009.1
2024-09-15,11:00,구름많음,20 이상,8.0,6.0,29.4,24.4,31.1,,0.0,75.0,북동,2.9,1009.2
2024-09-15,12:00,구름조금,20 이상,4.0,2.0,30.7,24.1,31.8,,0.0,68.0,북동,2.9,1008.7
2024-09-15,13:00,구름조금,20 이상,4.0,1.0,31.1,23.7,32.0,,0.0,65.0,동북동,3.2,1008.3
2024-09-15,14:00,구름조금,20 이상,3.0,1.0,32.0,23.7,32.6,,0.0,62.0,동북동,3.7,1008.1
2024-09-15,15:00,구름많음,20 이상,7.0,4.0,32.1,23.8,32.7,,0.0,62.0,동북동,3.7,1008.2
2024-09-15,16:00,맑음,20 이상,1.0,1.0,31.8,23.0,32.2,,0.0,60.0,동북동,3.9,1008.3
2024-09-15,17:00,맑음,20 이상,1.0,1.0,30.8,22.1,31.2,,0.0,60.0,동북동,3.6,1009.0
2024-09-15,18:00,맑음,20 이상,2.0,2.0,28.9,20.8,29.5,,0.0,62.0,동북동,4.0,1009.6
2024-09-15,19:00,,20 이상,,,27.7,20.2,28.5,,0.0,64.0,동북동,4.4,1010.2
2024-09-15,20:00,,20 이상,,,26.6,19.4,27.5,,0.0,65.0,동북동,4.3,1011.2
2024-09-15,21:00,맑음,20 이상,0.0,0.0,25.8,18.9,26.7,,0.0,66.0,동북동,4.1,1012.2
2024-09-15,22:00,,20 이상,,,25.1,18.5,26.1,,0.0,67.0,북동,4.1,1012.9
2024-09-15,23:00,,20 이상,,,24.6,18.2,25.7,,0.0,68.0,북동,4.6,1013.0
2024-09-16,06:00,보통 소나기,4.3,9.0,9.0,22.0,19.7,24.4,6.4,0.0,87.0,동북동,3.0,1014.9
2024-09-16,07:00,약한 소나기,20 이상,8.0,8.0,21.4,19.8,24.0,8.0,0.0,91.0,동북동,4.0,1015.2
2024-09-16,08:00,약한 소나기,20 이상,8.0,8.0,21.5,19.9,24.1,9.5,0.0,91.0,동북동,3.2,1015.2
2024-09-16,09:00,소나기 끝,20 이상,8.0,8.0,22.6,20.8,25.2,9.5,0.0,90.0,북동,2.7,1015.6
2024-09-16,10:00,구름많음,20 이상,7.0,7.0,23.3,20.4,25.5,9.5,0.0,84.0,동북동,2.5,1015.8
2024-09-16,11:00,맑음,20 이상,1.0,1.0,26.1,20.6,27.5,9.5,0.0,72.0,동북동,3.9,1015.6
2024-09-16,12:00,구름조금,20 이상,3.0,1.0,27.8,21.3,28.9,9.5,0.0,68.0,북동,4.0,1015.3
2024-09-16,13:00,구름조금,20 이상,3.0,3.0,28.8,21.5,29.7,9.5,0.0,65.0,북동,2.3,1015.1
2024-09-16,14:00,맑음,20 이상,1.0,1.0,31.1,22.6,31.6,9.5,0.0,61.0,동북동,1.4,1014.5
2024-09-16,15:00,구름많음,20 이상,6.0,1.0,32.2,23.4,32.6,9.5,0.0,60.0,동북동,1.9,1014.2
2024-09-16,16:00,구름많음,20 이상,7.0,1.0,31.7,23.2,32.2,9.5,0.0,61.0,북북동,2.5,1014.0
2024-09-16,17:00,구름많음,20 이상,7.0,1.0,31.5,23.5,32.2,9.5,0.0,63.0,북북동,2.4,1014.1
2024-09-16,18:00,맑음,20 이상,2.0,1.0,30.6,23.2,31.5,9.5,0.0,65.0,북동,2.2,1014.2
2024-09-16,19:00,,20 이상,,,29.4,23.3,30.7,9.5,0.0,70.0,북동,2.4,1014.4
2024-09-16,20:00,,20 이상,,,28.8,23.2,30.2,9.5,0.0,72.0,북동,1.6,1015.1
2024-09-16,21:00,구름조금,20 이상,5.0,5.0,28.3,23.2,29.9,9.5,0.0,74.0,북동,1.9,1015.5
2024-09-16,22:00,,20 이상,,,28.1,23.4,29.8,9.5,0.0,76.0,북동,1.4,1015.6
2024-09-16,23:00,,20 이상,,,27.8,23.3,29.6,9.5,0.0,77.0,북동,1.7,1015.8
2024-09-17,06:00,구름많음,20 이상,8.0,2.0,25.8,23.0,28.1,,0.0,85.0,북동,0.9,1015.2
2024-09-17,07:00,흐림,20 이상,9.0,2.0,25.9,23.3,28.3,,0.0,86.0,북동,1.4,1015.6
2024-09-17,08:00,흐림,20 이상,9.0,4.0,26.3,23.5,28.7,,0.0,85.0,동북동,0.9,1015.8
2024-09-17,09:00,흐림,20 이상,9.0,6.0,27.0,23.8,29.2,,0.0,83.0,북동,1.6,1015.7
2024-09-17,10:00,흐림,20 이상,9.0,5.0,28.2,24.4,30.2,,0.0,80.0,동북동,0.8,1015.8
2024-09-17,11:00,구름많음,20 이상,7.0,4.0,29.7,24.3,31.2,,0.0,73.0,동북동,1.1,1015.4
2024-09-17,12:00,구름조금,20 이상,5.0,2.0,31.7,24.5,32.7,,0.0,66.0,동남동,1.0,1014.7
2024-09-17,13:00,구름많음,20 이상,7.0,3.0,32.4,24.4,33.1,,0.0,63.0,서,2.1,1014.1
2024-09-17,14:00,구름많음,20 이상,7.0,4.0,33.1,24.5,33.6,,0.0,61.0,서북서,3.0,1013.5
2024-09-17,15:00,구름많음,20 이상,8.0,6.0,32.8,25.0,33.6,,0.0,64.0,서북서,2.1,1013.1
2024-09-17,16:00,구름많음,20 이상,7.0,4.0,32.0,24.8,33.0,,0.0,66.0,북서,2.9,1012.8
2024-09-17,17:00,구름많음,20 이상,8.0,3.0,31.3,24.6,32.4,,0.0,68.0,북서,3.2,1013.2
2024-09-17,18:00,구름많음,20 이상,8.0,2.0,29.6,24.4,31.2,,0.0,74.0,북서,2.8,1013.3
2024-09-17,19:00,,20 이상,,,28.7,24.4,30.6,,0.0,78.0,서북서,2.6,1013.2
2024-09-17,20:00,,20 이상,,,28.3,24.5,30.3,,0.0,80.0,서,1.4,1013.6
2024-09-17,21:00,구름많음,20 이상,7.0,7.0,28.2,23.9,30.1,,0.0,78.0,북,1.8,1014.1
2024-09-17,22:00,,20 이상,,,27.9,23.9,29.9,,0.0,79.0,동북동,0.5,1013.6
2024-09-17,23:00,,20 이상,,,27.5,24.1,29.7,,0.0,82.0,북동,1.2,1013.4
2024-09-18,06:00,흐림,20 이상,9.0,9.0,26.5,24.3,29.1,,0.0,88.0,북북서,1.1,1013.4
2024-09-18,07:00,흐림,20 이상,9.0,9.0,26.7,24.5,29.3,,0.0,88.0,북북동,0.8,1013.5
2024-09-18,08:00,흐림,20 이상,9.0,9.0,27.3,24.9,29.8,,0.0,87.0,북,0.8,1013.5
2024-09-18,09:00,구름많음,20 이상,8.0,3.0,28.0,25.0,30.3,,0.0,84.0,서북서,1.0,1013.8
2024-09-18,10:00,구름조금,20 이상,3.0,2.0,30.1,25.3,31.9,,0.0,76.0,남동,0.8,1013.9
2024-09-18,11:00,구름많음,20 이상,6.0,3.0,31.5,25.1,32.7,,0.0,69.0,남서,1.6,1013.4
2024-09-18,12:00,구름많음,20 이상,8.0,4.0,31.7,25.3,32.9,,0.0,69.0,서,1.4,1013.0
2024-09-18,13:00,구름많음,20 이상,8.0,2.0,32.4,23.9,32.9,,0.0,61.0,서북서,3.0,1012.3
2024-09-18,14:00,구름많음,20 이상,8.0,3.0,32.8,24.8,33.5,,0.0,63.0,서북서,2.9,1011.9
2024-09-18,15:00,구름많음,20 이상,7.0,2.0,32.9,24.6,33.5,,0.0,62.0,북서,3.3,1011.5
2024-09-18,16:00,구름조금,20 이상,3.0,2.0,33.0,25.0,33.7,,0.0,63.0,서북서,2.9,1011.0
2024-09-18,17:00,맑음,20 이상,2.0,1.0,33.1,24.8,33.7,,0.0,62.0,서남서,2.3,1011.1
2024-09-18,18:00,구름조금,20 이상,4.0,3.0,31.7,24.5,32.7,,0.0,66.0,서북서,1.7,1011.6
2024-09-18,19:00,,20 이상,,,30.7,24.1,31.8,,0.0,68.0,북북서,1.9,1012.2
2024-09-18,20:00,,20 이상,,,30.2,24.3,31.6,,0.0,71.0,서,1.0,1012.8
2024-09-18,21:00,구름많음,20 이상,8.0,8.0,29.9,24.5,31.4,,0.0,73.0,서북서,0.8,1013.5
2024-09-18,22:00,,20 이상,,,29.5,24.5,31.2,,0.0,75.0,북,1.1,1013.5
2024-09-18,23:00,소나기 끝,20 이상,7.0,7.0,28.4,25.2,30.7,0.7,0.0,83.0,동남동,2.4,1013.6
2024-09-19,06:00,흐림,20 이상,10.0,2.0,25.8,23.6,28.4,,0.0,88.0,북동,1.9,1014.1
2024-09-19,07:00,흐림,20 이상,9.0,2.0,25.7,23.3,28.2,,0.0,87.0,북동,1.9,1014.5
2024-09-19,08:00,흐림,20 이상,9.0,4.0,26.2,23.8,28.7,,0.0,87.0,북동,1.8,1014.6
2024-09-19,09:00,흐림,20 이상,9.0,7.0,27.2,24.0,29.4,,0.0,83.0,북동,2.2,1014.7
2024-09-19,10:00,흐림,20 이상,9.0,7.0,28.1,24.1,30.1,,0.0,79.0,남동,1.5,1015.0
2024-09-19,11:00,구름많음,15.7,8.0,1.0,29.5,24.5,31.2,,0.0,75.0,동,1.3,1014.2
2024-09-19,12:00,흐림,18.1,9.0,2.0,31.1,25.2,32.5,,0.0,71.0,서북서,1.0,1014.0
2024-09-19,13:00,흐림,16.1,9.0,4.0,31.3,24.9,32.5,,0.0,69.0,서북서,1.3,1013.5
2024-09-19,14:00,구름많음,20 이상,8.0,3.0,31.7,24.8,32.8,,0.0,67.0,서남서,2.2,1012.8
2024-09-19,15:00,구름많음,17.9,8.0,3.0,32.3,24.8,33.2,,0.0,65.0,서,1.4,1012.1
2024-09-19,16:00,흐림,15.7,9.0,3.0,31.9,24.7,32.9,,0.0,66.0,서남서,2.4,1011.9
2024-09-19,17:00,구름많음,20 이상,7.0,2.0,31.9,24.4,32.8,,0.0,65.0,서,2.1,1011.8
2024-09-19,18:00,구름많음,20 이상,7.0,1.0,31.5,24.6,32.6,,0.0,67.0,서북서,1.7,1012.0
2024-09-19,19:00,,20 이상,,,30.6,24.7,32.0,,0.0,71.0,서북서,1.4,1012.3
2024-09-19,20:00,,19.6,,,30.1,24.9,31.7,,0.0,74.0,서북서,1.7,1012.7
2024-09-19,21:00,구름많음,16.5,8.0,8.0,29.6,25.1,31.4,,0.0,77.0,서북서,1.1,1013.0
2024-09-19,22:00,,15.7,,,29.4,25.3,31.4,,0.0,79.0,서,0.8,1013.2
2024-09-19,23:00,,16.7,,,29.1,25.2,31.2,,0.0,80.0,북동,0.9,1012.8
2024-09-20,06:00,약한 비 단속적,12.4,10.0,8.0,25.5,24.0,28.3,7.4,0.0,92.0,북북동,1.7,1011.4
2024-09-20,07:00,비 끝,10.1,10.0,7.0,25.6,24.3,28.5,7.5,0.0,93.0,북동,1.9,1011.1
2024-09-20,08:00,구름많음,20 이상,8.0,5.0,25.8,24.2,28.6,7.5,0.0,91.0,북동,2.5,1010.8
2024-09-20,09:00,흐림,20 이상,10.0,8.0,26.3,24.5,29.0,7.5,0.0,90.0,북동,2.3,1010.6
2024-09-20,10:00,흐림,20 이상,10.0,8.0,27.2,24.8,29.7,7.5,0.0,87.0,북동,2.0,1010.9
2024-09-20,11:00,약한 비 연속적,12.5,10.0,8.0,27.1,24.9,29.7,9.0,0.0,88.0,남남동,1.0,1010.5
2024-09-20,12:00,비 끝,20 이상,10.0,8.0,27.3,25.1,29.9,9.4,0.0,88.0,남남동,2.1,1009.9
2024-09-20,13:00,흐림,20 이상,10.0,8.0,27.8,24.4,30.0,9.4,0.0,82.0,남남동,3.4,1008.8
2024-09-20,14:00,약한 비 단속적,11.8,10.0,9.0,26.9,24.3,29.4,9.9,0.0,86.0,남,3.4,1008.3
2024-09-20,15:00,보통 비 연속적,5.3,10.0,8.0,26.0,24.5,28.9,13.3,0.0,92.0,남남동,2.6,1008.1
2024-09-20,16:00,보통 비 연속적,6.9,10.0,8.0,25.8,24.3,28.6,18.0,0.0,92.0,남남동,1.2,1007.4
2024-09-20,17:00,보통 비 연속적,5.2,10.0,9.0,25.8,24.7,28.8,22.0,0.0,94.0,남남서,2.0,1007.7
2024-09-20,18:00,보통 비 연속적,7.5,10.0,9.0,25.8,24.9,28.9,26.6,0.0,95.0,남남서,2.3,1007.3
2024-09-20,19:00,보통 비 연속적,8.4,10.0,9.0,26.0,24.9,29.0,29.8,0.0,94.0,정온,0.2,1007.1
2024-09-20,20:00,약한 비 연속적,20 이상,10.0,9.0,25.9,25.0,29.0,32.5,0.0,95.0,동남동,1.9,1007.1
2024-09-20,21:00,약한 비 연속적,20 이상,10.0,8.0,23.3,20.0,25.4,32.8,0.0,82.0,북동,6.7,1007.9
2024-09-20,22:00,약한 비 연속적,18.8,10.0,9.0,20.2,18.6,22.8,34.7,0.0,91.0,동북동,3.7,1008.5
2024-09-20,23:00,보통 비 연속적,2.4,10.0,9.0,18.6,17.7,21.4,49.1,0.0,95.0,북동,5.6,1008.5
2024-09-21,06:00,약한 비 연속적,5.9,10.0,9.0,17.3,16.8,20.2,6.4,0.0,97.0,동북동,4.8,1006.9
2024-09-21,07:00,보통 비 연속적,3.8,10.0,9.0,17.2,16.8,20.2,12.9,0.0,98.0,북동,4.8,1007.7
2024-09-21,08:00,보통 비 연속적,4.1,10.0,9.0,17.1,16.7,20.1,18.9,0.0,98.0,북동,5.7,1008.1
2024-09-21,09:00,보통 비 연속적,20 이상,10.0,8.0,17.2,16.8,20.2,26.4,0.0,98.0,동북동,4.7,1007.9
2024-09-21,10:00,약한 비 단속적,20 이상,10.0,8.0,17.8,16.8,20.5,27.0,0.0,94.0,동북동,5.6,1008.3
2024-09-21,11:00,비 끝,20 이상,10.0,8.0,18.6,16.5,21.0,27.0,0.0,88.0,북동,5.8,1008.4
2024-09-21,12:00,흐림,20 이상,9.0,8.0,20.2,16.6,22.1,27.0,0.0,80.0,동북동,4.9,1007.4
2024-09-21,13:00,흐림,20 이상,9.0,9.0,21.1,16.2,22.6,27.0,0.0,74.0,동북동,5.0,1007.3
2024-09-21,14:00,흐림,20 이상,10.0,8.0,21.6,16.7,23.1,27.0,0.0,74.0,북동,4.2,1006.9
2024-09-21,15:00,흐림,20 이상,10.0,9.0,21.7,16.8,23.2,27.0,0.0,74.0,동북동,4.0,1006.4
2024-09-21,16:00,흐림,20 이상,10.0,8.0,21.9,16.6,23.3,27.0,0.0,72.0,북동,4.2,1006.3
2024-09-21,17:00,흐림,20 이상,10.0,8.0,21.8,16.5,23.1,27.0,0.0,72.0,북동,3.5,1006.3
2024-09-21,18:00,흐림,20 이상,10.0,8.0,21.5,16.2,22.8,27.0,0.0,72.0,북동,3.2,1006.6
2024-09-21,19:00,,20 이상,,,20.7,15.4,22.0,27.0,0.0,72.0,북동,4.4,1006.9
2024-09-21,20:00,,20 이상,,,20.3,15.0,21.6,27.0,0.0,72.0,북동,3.2,1007.4
2024-09-21,21:00,구름많음,20 이상,7.0,7.0,20.0,14.5,21.3,27.0,0.0,71.0,북동,3.5,1007.9
2024-09-21,22:00,,20 이상,,,19.7,14.2,21.0,27.0,0.0,71.0,북동,2.8,1008.5
2024-09-21,23:00,,20 이상,,,19.2,14.0,20.5,27.0,0.0,72.0,북동,2.5,1008.9
2024-09-22,06:00,구름조금,20 이상,4.0,4.0,17.1,14.1,19.1,,0.0,83.0,북북동,1.2,1010.9
2024-09-22,07:00,구름조금,20 이상,4.0,4.0,17.2,14.4,19.3,,0.0,84.0,북북동,1.0,1011.7
2024-09-22,08:00,구름많음,20 이상,7.0,7.0,18.4,14.8,20.2,,0.0,80.0,북동,1.9,1012.2
2024-09-22,09:00,구름많음,20 이상,7.0,7.0,20.5,15.2,21.8,,0.0,72.0,동북동,2.6,1012.4
2024-09-22,10:00,구름많음,20 이상,8.0,8.0,21.9,15.4,22.9,,0.0,67.0,동북동,3.4,1012.9
2024-09-22,11:00,구름많음,20 이상,6.0,6.0,23.5,15.7,24.1,,0.0,62.0,동북동,3.0,1012.8
2024-09-22,12:00,구름많음,20 이상,6.0,6.0,23.9,15.6,24.4,,0.0,60.0,북동,3.3,1012.6
2024-09-22,13:00,구름조금,20 이상,4.0,4.0,25.1,15.9,25.3,,0.0,57.0,북동,2.9,1012.0
2024-09-22,14:00,구름많음,20 이상,7.0,7.0,25.6,15.5,25.6,,0.0,54.0,북동,3.0,1011.6
2024-09-22,15:00,구름조금,20 이상,5.0,5.0,26.1,16.0,26.1,,0.0,54.0,북동,3.4,1011.5
2024-09-22,16:00,구름많음,20 이상,6.0,6.0,26.2,17.0,26.4,,0.0,57.0,북,4.5,1011.7
2024-09-22,17:00,구름많음,20 이상,6.0,6.0,25.6,16.4,25.8,,0.0,57.0,북동,3.7,1011.9
2024-09-22,18:00,구름많음,20 이상,6.0,6.0,23.6,14.8,23.9,,0.0,58.0,북동,3.2,1012.6
2024-09-22,19:00,,20 이상,,,22.2,15.2,23.1,,0.0,65.0,북동,3.6,1013.3
2024-09-22,20:00,,20 이상,,,21.1,14.4,22.0,,0.0,66.0,북동,4.0,1014.3
2024-09-22,21:00,구름조금,20 이상,4.0,4.0,20.5,13.6,21.4,,0.0,65.0,북동,3.8,1015.5
2024-09-22,22:00,,20 이상,,,19.9,13.3,20.8,,0.0,66.0,북동,3.8,1016.0
2024-09-22,23:00,,20 이상,,,19.5,13.2,20.5,,0.0,67.0,북동,4.5,1016.4
2024-09-23,06:00,맑음,20 이상,1.0,1.0,16.7,11.4,18.0,,0.0,71.0,북동,3.5,1018.4
2024-09-23,07:00,맑음,20 이상,0.0,0.0,16.7,11.6,18.0,,0.0,72.0,북동,3.5,1018.9
2024-09-23,08:00,맑음,20 이상,0.0,0.0,18.2,11.5,19.1,,0.0,65.0,동북동,3.4,1019.0
2024-09-23,09:00,맑음,20 이상,0.0,0.0,19.9,11.6,20.3,,0.0,59.0,북동,4.0,1019.1
2024-09-23,10:00,맑음,20 이상,0.0,0.0,21.3,12.1,21.5,,0.0,56.0,북동,3.6,1019.2
2024-09-23,11:00,맑음,20 이상,0.0,0.0,22.7,13.1,22.8,,0.0,55.0,동북동,2.8,1018.8
2024-09-23,12:00,맑음,20 이상,0.0,0.0,23.9,13.1,23.7,,0.0,51.0,동,3.8,1017.9
2024-09-23,13:00,맑음,20 이상,0.0,0.0,24.5,12.7,24.0,,0.0,48.0,북동,3.4,1017.0
2024-09-23,14:00,맑음,20 이상,0.0,0.0,25.2,13.4,24.7,,0.0,48.0,북동,2.9,1016.2
2024-09-23,15:00,맑음,20 이상,0.0,0.0,25.9,13.0,25.1,,0.0,45.0,북동,3.0,1015.7
2024-09-23,16:00,맑음,20 이상,0.0,0.0,25.9,12.7,25.0,,0.0,44.0,동북동,2.5,1015.6
2024-09-23,17:00,맑음,20 이상,1.0,1.0,25.3,11.8,24.3,,0.0,43.0,북동,2.7,1015.9
2024-09-23,18:00,맑음,20 이상,0.0,0.0,24.0,11.9,23.4,,0.0,47.0,북동,2.3,1016.0
2024-09-23,19:00,,20 이상,,,22.2,12.1,22.2,,0.0,53.0,북동,2.1,1016.5
2024-09-23,20:00,,20 이상,,,21.0,12.1,21.3,,0.0,57.0,북동,2.4,1017.0
2024-09-23,21:00,맑음,20 이상,2.0,0.0,20.2,12.1,20.7,,0.0,60.0,북동,2.8,1017.5
2024-09-23,22:00,,20 이상,,,19.5,12.0,20.2,,0.0,62.0,북동,2.9,1017.7
2024-09-23,23:00,,20 이상,,,18.8,11.8,19.6,,0.0,64.0,북동,2.4,1017.7
2024-09-24,06:00,구름조금,20 이상,4.0,0.0,15.8,11.3,17.3,,0.0,75.0,북동,3.1,1017.6
2024-09-24,07:00,맑음,20 이상,1.0,0.0,15.7,11.2,17.2,,0.0,75.0,북동,2.6,1018.0
2024-09-24,08:00,맑음,20 이상,1.0,0.0,17.4,11.8,18.6,,0.0,70.0,북동,2.6,1018.0
2024-09-24,09:00,맑음,20 이상,0.0,0.0,19.4,11.9,20.1,,0.0,62.0,동북동,2.7,1017.8
2024-09-24,10:00,맑음,20 이상,0.0,0.0,21.2,12.3,21.5,,0.0,57.0,동북동,2.2,1017.9
2024-09-24,11:00,맑음,20 이상,0.0,0.0,22.9,12.8,22.8,,0.0,53.0,동북동,2.5,1017.1
2024-09-24,12:00,맑음,20 이상,0.0,0.0,23.9,12.2,23.4,,0.0,48.0,북동,2.6,1016.2
2024-09-24,13:00,맑음,20 이상,0.0,0.0,25.0,11.8,24.1,,0.0,44.0,동남동,2.8,1015.5
2024-09-24,14:00,맑음,20 이상,0.0,0.0,25.7,11.8,24.6,,0.0,42.0,북동,2.2,1014.8
2024-09-24,15:00,맑음,20 이상,0.0,0.0,26.6,12.9,25.6,,0.0,43.0,남동,2.2,1014.0
2024-09-24,16:00,맑음,20 이상,0.0,0.0,26.5,12.1,25.3,,0.0,41.0,남동,2.1,1013.7
2024-09-24,17:00,맑음,20 이상,0.0,0.0,26.3,11.6,25.0,,0.0,40.0,남동,2.6,1013.8
2024-09-24,18:00,맑음,20 이상,0.0,0.0,24.9,11.8,24.0,,0.0,44.0,동,1.9,1013.9
2024-09-24,19:00,,20 이상,,,23.3,12.2,23.0,,0.0,50.0,동,0.8,1014.2
2024-09-24,20:00,,20 이상,,,22.2,11.8,22.1,,0.0,52.0,북북동,1.7,1014.7
2024-09-24,21:00,맑음,20 이상,0.0,0.0,21.1,11.6,21.2,,0.0,55.0,북동,1.6,1014.8
2024-09-24,22:00,,20 이상,,,20.3,12.0,20.7,,0.0,59.0,북동,1.8,1014.6
2024-09-24,23:00,,20 이상,,,19.8,12.3,20.5,,0.0,62.0,북동,1.6,1014.9
2024-09-25,06:00,흐림,20 이상,9.0,9.0,19.2,14.2,20.6,,0.0,73.0,북동,3.0,1014.0
2024-09-25,07:00,구름많음,20 이상,7.0,7.0,19.2,14.4,20.7,,0.0,74.0,동북동,2.1,1014.4
2024-09-25,08:00,맑음,20 이상,0.0,0.0,20.5,15.4,21.9,,0.0,73.0,북동,2.1,1014.6
2024-09-25,09:00,구름많음,20 이상,6.0,1.0,22.0,16.0,23.1,,0.0,69.0,동북동,1.9,1015.2
2024-09-25,10:00,흐림,20 이상,10.0,6.0,22.8,16.8,23.9,,0.0,69.0,동,1.4,1015.3
2024-09-25,11:00,흐림,20 이상,9.0,1.0,24.1,17.5,25.1,,0.0,67.0,동북동,2.2,1014.8
2024-09-25,12:00,구름조금,20 이상,3.0,1.0,26.2,18.0,26.7,,0.0,61.0,동북동,1.3,1014.0
2024-09-25,13:00,구름조금,20 이상,5.0,2.0,26.8,17.5,27.0,,0.0,57.0,동북동,1.3,1013.1
2024-09-25,14:00,구름많음,20 이상,6.0,5.0,26.3,17.3,26.6,,0.0,58.0,북북서,1.9,1012.6
2024-09-25,15:00,흐림,20 이상,9.0,6.0,26.7,17.4,26.9,,0.0,57.0,남남서,1.9,1012.3
2024-09-25,16:00,구름조금,20 이상,5.0,3.0,27.0,17.4,27.1,,0.0,56.0,서,2.5,1011.9
2024-09-25,17:00,구름조금,20 이상,3.0,2.0,27.0,17.4,27.1,,0.0,56.0,서,1.8,1012.1
2024-09-25,18:00,구름조금,20 이상,3.0,1.0,26.2,17.0,26.4,,0.0,57.0,서북서,1.4,1012.3
2024-09-25,19:00,,20 이상,,,25.1,17.2,25.7,,0.0,62.0,서북서,1.3,1012.9
2024-09-25,20:00,,20 이상,,,24.4,17.3,25.3,,0.0,65.0,북서,2.1,1012.8
2024-09-25,21:00,맑음,20 이상,2.0,2.0,24.0,17.2,24.9,,0.0,66.0,북북서,1.0,1013.2
2024-09-25,22:00,,20 이상,,,23.8,17.2,24.8,,0.0,67.0,정온,0.4,1013.3
2024-09-25,23:00,약한 비 단속적,20 이상,10.0,10.0,23.5,17.7,24.7,0.0,0.0,70.0,북서,0.7,1013.1
2024-09-26,06:00,약한 비 연속적,8.3,10.0,9.0,21.4,18.7,23.6,1.1,0.0,85.0,북,1.2,1012.9
2024-09-26,07:00,약한 비 단속적,16.2,9.0,6.0,21.2,18.7,23.5,1.2,0.0,86.0,정온,0.3,1013.0
2024-09-26,08:00,비 끝,18.3,8.0,8.0,21.5,19.2,23.9,1.2,0.0,87.0,서북서,1.9,1013.5
2024-09-26,09:00,구름많음,20 이상,6.0,3.0,22.0,19.5,24.3,1.2,0.0,86.0,북동,1.5,1013.6
2024-09-26,10:00,맑음,20 이상,2.0,1.0,24.0,19.9,25.8,1.2,0.0,78.0,북동,1.9,1013.6
2024-09-26,11:00,구름조금,20 이상,5.0,3.0,24.9,19.7,26.4,1.2,0.0,73.0,북북동,1.5,1013.3
2024-09-26,12:00,구름많음,20 이상,7.0,7.0,25.7,19.1,26.7,1.2,0.0,67.0,서,1.8,1012.7
2024-09-26,13:00,구름많음,20 이상,6.0,6.0,26.2,18.5,26.9,1.2,0.0,63.0,서남서,1.7,1011.9
2024-09-26,14:00,구름조금,20 이상,3.0,3.0,27.2,19.2,27.8,1.2,0.0,62.0,서,1.6,1011.1
2024-09-26,15:00,구름조금,20 이상,3.0,3.0,27.9,18.8,28.2,1.2,0.0,58.0,서,2.7,1010.6
2024-09-26,16:00,구름조금,20 이상,3.0,3.0,27.0,18.8,27.5,1.2,0.0,61.0,서,3.3,1010.6
2024-09-26,17:00,맑음,20 이상,2.0,2.0,26.7,18.5,27.2,1.2,0.0,61.0,서북서,3.7,1010.7
2024-09-26,18:00,맑음,20 이상,1.0,1.0,25.4,19.0,26.5,1.2,0.0,68.0,서남서,2.3,1010.8
2024-09-26,19:00,,20 이상,,,24.2,18.6,25.5,1.2,0.0,71.0,서,2.0,1011.2
2024-09-26,20:00,,20 이상,,,23.4,18.4,24.9,1.2,0.0,74.0,서,0.8,1012.2
2024-09-26,21:00,맑음,20 이상,0.0,0.0,22.7,18.2,24.3,1.2,0.0,76.0,서,1.4,1012.4
2024-09-26,22:00,,20 이상,,,22.3,18.6,24.2,1.2,0.0,80.0,서남서,0.9,1012.5
2024-09-26,23:00,,20 이상,,,21.9,18.6,23.9,1.2,0.0,82.0,남서,1.0,1012.7
2024-09-27,06:00,구름조금,15.8,3.0,0.0,19.3,17.6,21.8,,0.0,90.0,북동,1.5,1012.8
2024-09-27,07:00,구름많음,17.3,6.0,0.0,19.2,17.3,21.6,,0.0,89.0,북동,1.7,1013.4
2024-09-27,08:00,구름조금,17.2,4.0,2.0,20.1,18.2,22.6,,0.0,89.0,북북동,2.3,1013.9
2024-09-27,09:00,구름조금,20 이상,5.0,1.0,21.6,18.3,23.6,,0.0,82.0,북동,2.0,1014.1
2024-09-27,10:00,구름조금,20 이상,5.0,3.0,22.8,18.5,24.5,,0.0,77.0,북동,2.7,1014.1
2024-09-27,11:00,구름많음,20 이상,6.0,5.0,23.4,18.0,24.8,,0.0,72.0,북동,2.6,1014.0
2024-09-27,12:00,구름조금,20 이상,3.0,2.0,24.8,19.1,26.1,,0.0,71.0,북동,2.0,1013.6
2024-09-27,13:00,구름조금,20 이상,3.0,3.0,26.3,18.4,26.9,,0.0,62.0,동북동,2.5,1012.8
2024-09-27,14:00,구름조금,20 이상,3.0,3.0,26.7,18.5,27.2,,0.0,61.0,동북동,1.7,1012.3
2024-09-27,15:00,구름조금,20 이상,3.0,3.0,27.6,17.7,27.6,,0.0,55.0,북북동,2.1,1012.0
2024-09-27,16:00,구름조금,20 이상,3.0,3.0,27.9,17.1,27.7,,0.0,52.0,북동,2.2,1011.8
2024-09-27,17:00,맑음,20 이상,2.0,2.0,27.3,16.8,27.2,,0.0,53.0,북북서,2.7,1012.2
2024-09-27,18:00,구름조금,20 이상,3.0,3.0,25.6,16.9,26.0,,0.0,59.0,북동,4.1,1012.9
2024-09-27,19:00,,20 이상,,,23.9,16.9,24.8,,0.0,65.0,북동,4.1,1013.5
2024-09-27,20:00,,20 이상,,,22.8,16.3,23.8,,0.0,67.0,북동,4.3,1014.2
2024-09-27,21:00,맑음,20 이상,0.0,0.0,22.0,15.8,23.1,,0.0,68.0,북동,3.4,1015.0
2024-09-27,22:00,,20 이상,,,21.4,15.4,22.5,,0.0,69.0,북동,3.6,1015.0
2024-09-27,23:00,,20 이상,,,20.9,15.2,22.1,,0.0,70.0,북동,3.6,1015.3
2024-09-28,06:00,구름조금,20 이상,3.0,3.0,19.3,13.9,20.6,,0.0,71.0,북북동,2.6,1017.3
2024-09-28,07:00,맑음,20 이상,1.0,1.0,19.4,13.5,20.5,,0.0,69.0,북동,3.4,1017.7
2024-09-28,08:00,맑음,20 이상,1.0,1.0,20.7,14.1,21.6,,0.0,66.0,북동,3.2,1018.1
2024-09-28,09:00,맑음,20 이상,0.0,0.0,22.3,12.8,22.4,,0.0,55.0,동북동,4.0,1018.2
2024-09-28,10:00,구름조금,20 이상,5.0,1.0,23.8,13.6,23.7,,0.0,53.0,동북동,4.3,1018.5
2024-09-28,11:00,구름조금,20 이상,4.0,1.0,25.2,14.6,25.0,,0.0,52.0,동북동,3.6,1018.2
2024-09-28,12:00,구름조금,20 이상,4.0,2.0,26.1,15.1,25.8,,0.0,51.0,북동,3.8,1017.8
2024-09-28,13:00,구름조금,20 이상,3.0,3.0,27.1,16.0,26.8,,0.0,51.0,북동,3.7,1017.2
2024-09-28,14:00,구름많음,20 이상,6.0,6.0,27.9,16.5,27.5,,0.0,50.0,동북동,3.0,1016.9
2024-09-28,15:00,구름많음,20 이상,7.0,7.0,27.0,15.9,26.7,,0.0,51.0,북동,3.3,1016.9
2024-09-28,16:00,구름많음,20 이상,8.0,8.0,27.3,16.2,27.0,,0.0,51.0,동북동,3.0,1016.9
2024-09-28,17:00,구름많음,20 이상,7.0,7.0,26.8,16.4,26.7,,0.0,53.0,동북동,2.0,1017.1
2024-09-28,18:00,구름많음,20 이상,6.0,6.0,25.8,16.0,25.8,,0.0,55.0,북동,3.5,1017.5
2024-09-28,19:00,,20 이상,,,24.6,15.7,24.9,,0.0,58.0,동북동,2.9,1017.9
2024-09-28,20:00,,20 이상,,,23.8,15.0,24.1,,0.0,58.0,동북동,3.4,1018.4
2024-09-28,21:00,맑음,20 이상,0.0,0.0,23.2,14.4,23.5,,0.0,58.0,동북동,3.7,1019.0
2024-09-28,22:00,,20 이상,,,22.4,13.9,22.8,,0.0,59.0,동북동,3.1,1019.5
2024-09-28,23:00,,20 이상,,,21.8,13.9,22.4,,0.0,61.0,북동,2.8,1019.9
2024-09-29,06:00,구름조금,20 이상,3.0,2.0,19.3,13.2,20.4,,0.0,68.0,동북동,2.7,1020.9
2024-09-29,07:00,구름조금,20 이상,4.0,3.0,19.2,13.1,20.3,,0.0,68.0,동북동,2.4,1021.4
2024-09-29,08:00,구름조금,20 이상,4.0,4.0,19.7,13.8,20.8,,0.0,69.0,동북동,3.2,1021.2
2024-09-29,09:00,구름조금,20 이상,3.0,3.0,21.2,14.5,22.1,,0.0,66.0,북동,3.9,1021.2
2024-09-29,10:00,맑음,20 이상,0.0,0.0,23.6,15.6,24.2,,0.0,61.0,동북동,2.7,1020.6
2024-09-29,11:00,맑음,20 이상,0.0,0.0,25.0,15.8,25.2,,0.0,57.0,동북동,3.8,1020.1
2024-09-29,12:00,맑음,20 이상,1.0,1.0,26.8,17.2,26.9,,0.0,56.0,북동,2.5,1019.6
2024-09-29,13:00,맑음,20 이상,0.0,0.0,27.6,17.1,27.5,,0.0,53.0,북동,3.3,1018.4
2024-09-29,14:00,맑음,20 이상,0.0,0.0,28.5,17.0,28.1,,0.0,50.0,동북동,2.6,1017.6
2024-09-29,15:00,맑음,20 이상,1.0,1.0,28.9,16.7,28.3,,0.0,48.0,동북동,2.3,1017.2
2024-09-29,16:00,맑음,20 이상,2.0,2.0,27.8,16.1,27.3,,0.0,49.0,북동,2.5,1016.9
2024-09-29,17:00,구름조금,20 이상,4.0,4.0,27.3,17.1,27.2,,0.0,54.0,북동,2.1,1017.3
2024-09-29,18:00,맑음,20 이상,2.0,2.0,26.3,17.0,26.5,,0.0,57.0,북동,2.2,1017.5
2024-09-29,19:00,,20 이상,,,25.3,16.7,25.7,,0.0,59.0,동북동,2.2,1018.1
2024-09-29,20:00,,20 이상,,,24.5,16.4,25.0,,0.0,61.0,북동,2.6,1018.5
2024-09-29,21:00,맑음,20 이상,1.0,1.0,23.5,16.0,24.2,,0.0,63.0,북동,2.4,1018.8
2024-09-29,22:00,,20 이상,,,22.8,15.8,23.7,,0.0,65.0,북동,2.7,1019.0
2024-09-29,23:00,,20 이상,,,22.1,15.6,23.1,,0.0,67.0,북동,2.9,1018.8
2024-09-30,06:00,구름조금,20 이상,4.0,0.0,18.5,13.9,20.0,,0.0,75.0,북동,2.3,1017.9
2024-09-30,07:00,구름많음,20 이상,7.0,0.0,18.5,13.9,20.0,,0.0,75.0,북동,2.0,1017.9
2024-09-30,08:00,구름많음,20 이상,6.0,0.0,19.8,14.1,21.0,,0.0,70.0,동북동,2.0,1017.7
2024-09-30,09:00,구름많음,20 이상,6.0,0.0,21.7,14.3,22.4,,0.0,63.0,북동,2.6,1017.4
2024-09-30,10:00,구름많음,20 이상,7.0,0.0,23.5,14.2,23.7,,0.0,56.0,동북동,1.8,1017.0
2024-09-30,11:00,구름조금,20 이상,4.0,0.0,24.5,14.8,24.6,,0.0,55.0,북동,2.1,1016.4
2024-09-30,12:00,구름조금,20 이상,3.0,3.0,26.5,14.5,25.9,,0.0,48.0,남,2.2,1015.5
2024-09-30,13:00,맑음,20 이상,1.0,1.0,27.9,14.8,27.0,,0.0,45.0,남남동,2.5,1014.6
2024-09-30,14:00,구름조금,20 이상,5.0,5.0,27.2,15.2,26.6,,0.0,48.0,서,2.0,1013.8
2024-09-30,15:00,구름조금,20 이상,4.0,4.0,28.1,16.3,27.6,,0.0,49.0,서,1.4,1013.0
2024-09-30,16:00,구름조금,20 이상,4.0,4.0,28.1,16.0,27.5,,0.0,48.0,서남서,3.0,1012.4
2024-09-30,17:00,구름조금,20 이상,4.0,4.0,26.3,15.9,26.2,,0.0,53.0,서남서,3.8,1012.3
2024-09-30,18:00,맑음,20 이상,2.0,2.0,24.6,15.7,24.9,,0.0,58.0,서,2.8,1012.4
2024-09-30,19:00,,20 이상,,,23.6,15.3,24.1,,0.0,60.0,서,2.1,1012.5
2024-09-30,20:00,,20 이상,,,23.1,15.6,23.8,,0.0,63.0,서,1.9,1012.8
2024-09-30,21:00,구름많음,20 이상,7.0,0.0,22.6,15.9,23.5,,0.0,66.0,서,2.4,1013.1
2024-09-30,22:00,,20 이상,,,22.1,16.1,23.2,,0.0,69.0,서남서,1.3,1013.0
2024-09-30,23:00,,20 이상,,,21.8,16.0,23.0,,0.0,70.0,정온,0.4,1012.5
2024-10-01,06:00,약한 비 연속적,5.4,10.0,9.0,20.7,18.6,20.7,1.6,,88.0,북북서,1.3,1008.9
2024-10-01,07:00,약한 비 단속적,19.2,10.0,8.0,20.5,18.2,20.5,2.1,,87.0,남,2.6,1009.2
2024-10-01,08:00,비 끝,20 이상,10.0,8.0,20.6,18.7,20.6,2.2,,89.0,남남서,2.1,1009.2
2024-10-01,09:00,약한 비 단속적,11.0,10.0,8.0,20.5,18.4,20.5,2.2,,88.0,서,2.7,1009.6
2024-10-01,10:00,비 끝,20 이상,10.0,9.0,18.6,16.0,18.6,2.5,,85.0,서,3.2,1010.4
2024-10-01,11:00,흐림,20 이상,10.0,6.0,18.7,14.9,18.7,2.5,,79.0,서북서,4.4,1010.3
2024-10-01,12:00,흐림,20 이상,10.0,5.0,18.8,12.9,18.8,2.5,,69.0,서북서,4.1,1011.0
2024-10-01,13:00,약한 비 단속적,20 이상,10.0,7.0,18.6,12.1,18.6,2.5,,66.0,서,3.5,1010.8
2024-10-01,14:00,비 끝,20 이상,10.0,10.0,19.2,12.2,19.2,2.5,,64.0,서,3.1,1010.3
2024-10-01,15:00,흐림,20 이상,9.0,9.0,19.0,9.4,19.0,2.5,,54.0,서북서,3.9,1010.3
2024-10-01,16:00,구름많음,20 이상,8.0,2.0,19.6,10.3,19.6,2.5,,55.0,서,3.1,1010.2
2024-10-01,17:00,구름많음,20 이상,8.0,0.0,19.6,6.6,19.6,2.5,,43.0,서북서,3.7,1010.8
2024-10-01,18:00,구름조금,20 이상,3.0,0.0,18.3,4.8,18.3,2.5,,41.0,서북서,2.0,1011.8
2024-10-01,19:00,,20 이상,,,17.0,4.9,17.0,2.5,,45.0,서,3.2,1012.6
2024-10-01,20:00,,20 이상,,,15.9,6.0,15.9,2.5,,52.0,북서,2.7,1013.4
2024-10-01,21:00,맑음,20 이상,0.0,0.0,15.1,6.6,15.1,2.5,,57.0,북서,4.8,1014.6
2024-10-01,22:00,,20 이상,,,14.4,7.2,14.4,2.5,,62.0,서,3.2,1015.3
2024-10-01,23:00,,20 이상,,,14.0,7.2,14.0,2.5,,64.0,서,2.0,1015.4
2024-10-02,06:00,구름많음,20 이상,7.0,0.0,12.1,4.0,12.1,,,58.0,북북서,2.9,1016.8
2024-10-02,07:00,구름많음,20 이상,7.0,0.0,11.7,3.1,11.7,,,56.0,북북서,1.9,1017.7
2024-10-02,08:00,구름조금,20 이상,4.0,0.0,11.7,4.1,11.7,,,60.0,서북서,2.1,1018.6
2024-10-02,09:00,맑음,20 이상,1.0,0.0,13.2,4.0,13.2,,,54.0,서북서,3.0,1018.8
2024-10-02,10:00,맑음,20 이상,0.0,0.0,14.6,4.8,14.6,,,52.0,서북서,4.6,1018.9
2024-10-02,11:00,맑음,20 이상,0.0,0.0,16.2,4.8,16.2,,,47.0,서북서,3.0,1019.2
2024-10-02,12:00,맑음,20 이상,0.0,0.0,17.2,4.1,17.2,,,42.0,서북서,3.7,1018.7
2024-10-02,13:00,맑음,20 이상,0.0,0.0,18.1,3.5,18.1,,,38.0,서,4.0,1018.0
2024-10-02,14:00,맑음,20 이상,0.0,0.0,18.7,2.4,18.7,,,34.0,서북서,3.6,1017.8
2024-10-02,15:00,맑음,20 이상,0.0,0.0,19.2,2.5,19.2,,,33.0,북서,3.5,1017.5
2024-10-02,16:00,맑음,20 이상,0.0,0.0,19.3,2.6,19.3,,,33.0,북서,3.6,1017.5
2024-10-02,17:00,맑음,20 이상,0.0,0.0,18.9,3.0,18.9,,,35.0,서북서,2.4,1018.0
2024-10-02,18:00,맑음,20 이상,0.0,0.0,17.1,2.2,17.1,,,37.0,북북서,3.6,1018.5
2024-10-02,19:00,,20 이상,,,16.3,2.3,16.3,,,39.0,북북서,3.2,1019.4
2024-10-02,20:00,,20 이상,,,15.7,1.0,15.7,,,37.0,북북서,3.4,1020.0
2024-10-02,21:00,맑음,20 이상,0.0,0.0,14.9,1.0,14.9,,,39.0,북북서,2.3,1020.8
2024-10-02,22:00,,20 이상,,,14.0,1.2,14.0,,,42.0,서,0.8,1021.2
2024-10-02,23:00,,20 이상,,,12.9,2.1,12.9,,,48.0,북동,1.7,1021.5
2024-10-03,06:00,맑음,20 이상,0.0,0.0,10.9,6.0,10.9,,,72.0,북동,1.6,1022.4
2024-10-03,07:00,맑음,20 이상,0.0,0.0,10.9,6.2,10.9,,,73.0,북동,1.0,1022.7
2024-10-03,08:00,맑음,20 이상,0.0,0.0,12.5,7.5,12.5,,,72.0,동,1.4,1022.6
2024-10-03,09:00,맑음,20 이상,0.0,0.0,16.1,8.8,16.1,,,62.0,동,2.4,1022.5
2024-10-03,10:00,맑음,20 이상,0.0,0.0,18.3,9.6,18.3,,,57.0,북동,3.1,1022.4
2024-10-03,11:00,맑음,20 이상,0.0,0.0,20.0,8.9,20.0,,,49.0,북동,3.4,1022.1
2024-10-03,12:00,맑음,20 이상,1.0,1.0,21.1,9.0,21.1,,,46.0,동남동,2.1,1021.5
2024-10-03,13:00,맑음,20 이상,1.0,1.0,22.1,8.2,22.1,,,41.0,남남동,2.5,1020.8
2024-10-03,14:00,구름많음,20 이상,7.0,5.0,21.4,7.5,21.4,,,41.0,북북동,2.7,1020.4
2024-10-03,15:00,구름많음,20 이상,8.0,5.0,21.2,7.4,21.2,,,41.0,북동,2.0,1020.3
2024-10-03,16:00,구름많음,20 이상,8.0,3.0,20.7,7.6,20.7,,,43.0,동남동,1.4,1020.3
2024-10-03,17:00,구름많음,20 이상,8.0,4.0,20.6,8.2,20.6,,,45.0,남남동,1.3,1020.6
2024-10-03,18:00,구름많음,20 이상,7.0,5.0,19.5,9.0,19.5,,,51.0,남,2.9,1020.7
2024-10-03,19:00,,20 이상,,,18.7,9.9,18.7,,,57.0,북동,3.0,1020.9
2024-10-03,20:00,,20 이상,,,17.7,10.0,17.7,,,61.0,동남동,1.9,1021.6
2024-10-03,21:00,맑음,20 이상,0.0,0.0,16.6,10.4,16.6,,,67.0,북북동,2.0,1021.9
2024-10-03,22:00,,20 이상,,,15.9,9.9,15.9,,,68.0,북북동,1.9,1022.1
2024-10-03,23:00,,20 이상,,,15.3,10.2,15.3,,,72.0,북북동,2.1,1022.2
2024-10-04,06:00,맑음,20 이상,0.0,0.0,12.3,9.6,12.3,,,84.0,북북동,1.1,1024.4
2024-10-04,07:00,맑음,20 이상,0.0,0.0,11.9,9.4,11.9,,,85.0,북동,1.6,1024.6
2024-10-04,08:00,맑음,20 이상,0.0,0.0,13.3,10.1,13.3,,,81.0,동북동,2.5,1024.8
2024-10-04,09:00,맑음,20 이상,0.0,0.0,15.9,10.2,15.9,,,69.0,동북동,1.5,1024.8
2024-10-04,10:00,맑음,20 이상,0.0,0.0,18.1,10.9,18.1,,,63.0,동북동,1.3,1024.6
2024-10-04,11:00,맑음,20 이상,0.0,0.0,20.2,9.1,20.2,,,49.0,동북동,2.0,1024.6
2024-10-04,12:00,맑음,20 이상,0.0,0.0,21.3,8.8,21.3,,,45.0,동북동,1.5,1024.0
2024-10-04,13:00,맑음,20 이상,0.0,0.0,22.4,8.1,22.4,,,40.0,동북동,1.8,1023.0
2024-10-04,14:00,맑음,20 이상,0.0,0.0,23.8,9.0,23.8,,,39.0,남동,2.6,1022.5
2024-10-04,15:00,맑음,20 이상,0.0,0.0,24.0,7.9,24.0,,,36.0,남남서,2.2,1022.1
2024-10-04,16:00,맑음,20 이상,0.0,0.0,23.6,7.6,23.6,,,36.0,서,1.7,1022.0
2024-10-04,17:00,맑음,20 이상,0.0,0.0,23.0,7.5,23.0,,,37.0,서,2.2,1022.0
2024-10-04,18:00,맑음,20 이상,0.0,0.0,20.8,7.4,20.8,,,42.0,서북서,2.0,1022.1
2024-10-04,19:00,,20 이상,,,19.6,8.2,19.6,,,48.0,북서,3.4,1022.5
2024-10-04,20:00,,20 이상,,,18.8,8.4,18.8,,,51.0,북서,2.8,1023.0
2024-10-04,21:00,맑음,20 이상,0.0,0.0,17.6,8.9,17.6,,,57.0,북서,1.8,1023.7
2024-10-04,22:00,,20 이상,,,17.6,9.2,17.6,,,58.0,북서,2.2,1023.8
2024-10-04,23:00,,20 이상,,,16.5,8.9,16.5,,,61.0,북북서,0.7,1024.0
2024-10-05,06:00,구름조금,20 이상,4.0,0.0,11.7,8.5,11.7,,,81.0,북북동,2.3,1023.8
2024-10-05,07:00,구름많음,20 이상,6.0,0.0,11.6,8.6,11.6,,,82.0,북북동,2.1,1024.0
2024-10-05,08:00,구름조금,20 이상,3.0,0.0,12.7,8.9,12.7,,,78.0,북동,0.9,1024.2
2024-10-05,09:00,맑음,20 이상,2.0,0.0,15.7,9.5,15.7,,,67.0,북동,1.8,1024.2
2024-10-05,10:00,구름조금,20 이상,4.0,0.0,17.6,10.2,17.6,,,62.0,동북동,1.4,1024.2
2024-10-05,11:00,구름많음,20 이상,7.0,0.0,20.2,10.3,20.2,,,53.0,동북동,1.7,1023.6
2024-10-05,12:00,구름많음,20 이상,6.0,0.0,21.6,9.1,21.6,,,45.0,동북동,1.6,1023.0
2024-10-05,13:00,구름많음,20 이상,8.0,0.0,22.8,9.2,22.8,,,42.0,서남서,1.1,1022.1
2024-10-05,14:00,구름많음,20 이상,8.0,0.0,23.6,9.1,23.6,,,40.0,동남동,1.5,1021.3
2024-10-05,15:00,구름조금,20 이상,4.0,0.0,24.0,9.9,24.0,,,41.0,서남서,2.5,1020.8
2024-10-05,16:00,구름많음,20 이상,7.0,1.0,23.9,10.1,23.9,,,42.0,서남서,2.1,1021.0
2024-10-05,17:00,구름조금,20 이상,5.0,0.0,22.7,9.8,22.7,,,44.0,서북서,2.1,1020.9
2024-10-05,18:00,맑음,20 이상,1.0,0.0,20.8,9.6,20.8,,,49.0,서북서,2.2,1021.2
2024-10-05,19:00,,20 이상,,,19.3,9.4,19.3,,,53.0,정온,0.4,1020.9
2024-10-05,20:00,,20 이상,,,17.9,9.7,17.9,,,59.0,서,1.1,1021.6
2024-10-05,21:00,구름조금,20 이상,4.0,0.0,17.1,9.9,17.1,,,63.0,북서,1.0,1021.8
2024-10-05,22:00,,20 이상,,,16.4,9.5,16.4,,,64.0,정온,0.3,1022.0
2024-10-05,23:00,,20 이상,,,15.9,8.6,15.9,,,62.0,북동,1.3,1022.2
2024-10-06,06:00,구름많음,20 이상,8.0,0.0,12.4,8.2,12.4,,,76.0,북동,1.4,1021.3
2024-10-06,07:00,흐림,20 이상,10.0,0.0,12.7,8.7,12.7,,,77.0,북북서,1.6,1021.3
2024-10-06,08:00,흐림,20 이상,10.0,4.0,13.6,9.2,13.6,,,75.0,북동,0.5,1021.6
2024-10-06,09:00,흐림,20 이상,10.0,10.0,14.6,10.2,14.6,,,75.0,북동,1.8,1022.0
2024-10-06,10:00,흐림,20 이상,10.0,10.0,15.4,10.3,15.4,,,72.0,동북동,0.6,1022.2
2024-10-06,11:00,흐림,20 이상,10.0,10.0,16.2,10.7,16.2,,,70.0,북동,2.0,1021.7
2024-10-06,12:00,흐림,20 이상,10.0,4.0,16.6,10.8,16.6,,,69.0,북동,2.6,1020.5
2024-10-06,13:00,흐림,20 이상,10.0,7.0,16.9,11.1,16.9,,,69.0,북동,2.3,1019.4
2024-10-06,14:00,약한 비 단속적,20 이상,10.0,8.0,17.4,11.6,17.4,0.0,,69.0,북북서,1.7,1018.9
2024-10-06,15:00,약한 비 단속적,20 이상,10.0,8.0,17.9,11.9,17.9,0.0,,68.0,남남서,1.1,1019.1
2024-10-06,16:00,비 끝,20 이상,10.0,5.0,17.3,13.0,17.3,0.0,,76.0,서,1.2,1019.7
2024-10-06,17:00,비 끝,20 이상,10.0,10.0,16.9,12.2,16.9,0.0,,74.0,서,1.6,1019.7
2024-10-06,18:00,흐림,20 이상,10.0,10.0,16.9,12.8,16.9,0.0,,77.0,북북서,1.3,1019.4
2024-10-06,19:00,,20 이상,,,16.6,12.7,16.6,0.0,,78.0,북,1.9,1019.1
2024-10-06,20:00,,20 이상,,,16.6,12.9,16.6,0.0,,79.0,북북서,1.1,1019.3
2024-10-06,21:00,구름많음,20 이상,8.0,8.0,16.4,12.5,16.4,0.0,,78.0,북서,0.7,1019.1
2024-10-06,22:00,,20 이상,,,15.8,10.9,15.8,0.0,,73.0,서북서,1.6,1019.3
2024-10-06,23:00,,20 이상,,,15.0,10.5,15.0,0.0,,75.0,남남서,0.5,1018.9
2024-10-07,06:00,흐림,20 이상,9.0,0.0,14.2,10.9,14.2,,,81.0,정온,0.3,1018.1
2024-10-07,07:00,흐림,20 이상,9.0,0.0,14.0,11.1,14.0,,,83.0,북북동,1.5,1017.8
2024-10-07,08:00,흐림,20 이상,9.0,0.0,14.3,11.4,14.3,,,83.0,북북서,1.8,1018.1
2024-10-07,09:00,구름많음,17.3,8.0,3.0,15.7,12.4,15.7,,,81.0,정온,0.0,1018.1
2024-10-07,10:00,구름많음,14.6,8.0,0.0,17.7,12.9,17.7,,,74.0,서북서,1.6,1017.7
2024-10-07,11:00,구름많음,13.0,7.0,0.0,18.8,12.9,18.8,,,69.0,서북서,2.4,1017.4
2024-10-07,12:00,구름많음,15.6,8.0,0.0,19.4,12.8,19.4,,,66.0,서,2.4,1017.2
2024-10-07,13:00,흐림,16.1,9.0,0.0,20.5,12.7,20.5,,,61.0,서남서,1.7,1016.2
2024-10-07,14:00,흐림,16.0,10.0,4.0,20.3,12.7,20.3,,,62.0,서북서,2.5,1015.4
2024-10-07,15:00,흐림,19.8,10.0,3.0,20.4,12.1,20.4,,,59.0,서북서,2.7,1015.6
2024-10-07,16:00,흐림,20 이상,10.0,10.0,19.6,11.1,19.6,,,58.0,북서,2.7,1015.4
2024-10-07,17:00,흐림,14.8,9.0,9.0,19.3,12.7,19.3,,,66.0,서,1.7,1015.5
2024-10-07,18:00,흐림,15.5,9.0,0.0,18.7,12.4,18.7,,,67.0,서,1.4,1015.8
2024-10-07,19:00,,14.8,,,18.2,12.6,18.2,,,70.0,서,1.1,1015.9
2024-10-07,20:00,,13.6,,,17.6,12.9,17.6,,,74.0,북북동,0.6,1016.2
2024-10-07,21:00,맑음,11.4,0.0,0.0,16.9,12.8,16.9,,,77.0,서,0.6,1016.7
2024-10-07,22:00,,10.3,,,16.4,12.7,16.4,,,79.0,서,1.0,1016.7
2024-10-07,23:00,맑음,8.1,0.0,0.0,15.9,12.8,15.9,,,82.0,북북서,1.0,1016.9
2024-10-08,06:00,박무,3.9,0.0,0.0,13.1,11.6,13.1,,,91.0,북동,1.9,1016.5
2024-10-08,07:00,박무,3.8,0.0,0.0,12.8,11.6,12.8,,,93.0,북북동,1.8,1016.8
2024-10-08,08:00,박무,4.8,0.0,0.0,13.3,12.3,13.3,,,94.0,북북동,2.1,1017.2
2024-10-08,09:00,박무,6.7,0.0,0.0,15.1,13.2,15.1,,,89.0,북동,1.2,1017.6
2024-10-08,10:00,박무,9.1,0.0,0.0,17.2,13.3,17.2,,,78.0,동북동,1.5,1017.4
2024-10-08,11:00,박무,11.2,0.0,0.0,19.5,13.8,19.5,,,70.0,동남동,1.4,1016.9
2024-10-08,12:00,맑음,16.0,2.0,2.0,20.7,13.1,20.7,,,62.0,북동,1.4,1016.6
2024-10-08,13:00,구름조금,20 이상,3.0,3.0,22.2,13.2,22.2,,,57.0,북북동,1.4,1015.7
2024-10-08,14:00,구름많음,20 이상,6.0,6.0,22.9,13.0,22.9,,,54.0,동남동,1.5,1015.0
2024-10-08,15:00,구름많음,20 이상,6.0,6.0,23.8,13.3,23.8,,,52.0,남동,2.1,1014.7
2024-10-08,16:00,구름많음,20 이상,7.0,7.0,22.0,13.0,22.0,,,57.0,북북동,2.9,1014.9
2024-10-08,17:00,구름조금,20 이상,3.0,3.0,21.3,13.2,21.3,,,60.0,북서,1.8,1015.0
2024-10-08,18:00,맑음,20 이상,2.0,2.0,20.3,13.2,20.3,,,64.0,북북동,1.9,1015.3
2024-10-08,19:00,맑음,20 이상,2.0,1.0,19.0,12.9,19.0,,,68.0,북동,2.3,1015.9
2024-10-08,20:00,,20 이상,,,18.6,12.7,18.6,,,69.0,동북동,3.2,1016.6
2024-10-08,21:00,맑음,20 이상,0.0,0.0,17.8,12.4,17.8,,,71.0,북동,3.1,1017.1
2024-10-08,22:00,,20 이상,,,17.1,11.7,17.1,,,71.0,북동,2.5,1017.6
2024-10-08,23:00,,20 이상,,,16.7,11.4,16.7,,,71.0,동북동,2.4,1017.7
2024-10-09,06:00,맑음,20 이상,0.0,0.0,14.1,11.0,14.1,,,82.0,북동,2.0,1017.5
2024-10-09,07:00,구름조금,20 이상,3.0,1.0,13.9,11.0,13.9,,,83.0,동북동,1.3,1017.9
2024-10-09,08:00,맑음,20 이상,0.0,0.0,14.9,11.6,14.9,,,81.0,북동,2.9,1017.8
2024-10-09,09:00,맑음,20 이상,2.0,0.0,17.4,12.0,17.4,,,71.0,북동,2.5,1017.7
2024-10-09,10:00,맑음,20 이상,1.0,0.0,19.3,12.0,19.3,,,63.0,북동,2.8,1017.5
2024-10-09,11:00,구름조금,20 이상,4.0,0.0,21.2,12.8,21.2,,,59.0,동북동,3.1,1016.8
2024-10-09,12:00,구름많음,20 이상,7.0,0.0,22.4,11.7,22.4,,,51.0,동북동,2.4,1016.2
2024-10-09,13:00,구름많음,20 이상,6.0,3.0,23.1,11.7,23.1,,,49.0,북동,2.7,1015.2
2024-10-09,14:00,구름많음,20 이상,7.0,3.0,24.3,11.9,24.3,,,46.0,동북동,2.2,1014.3
2024-10-09,15:00,구름많음,20 이상,8.0,5.0,23.6,11.2,23.6,,,46.0,남남동,1.8,1014.1
2024-10-09,16:00,구름많음,20 이상,6.0,3.0,23.5,11.2,23.5,,,46.0,남남동,2.5,1013.7
2024-10-09,17:00,구름많음,20 이상,6.0,3.0,22.9,11.9,22.9,,,50.0,서북서,1.5,1013.6
2024-10-09,18:00,구름많음,20 이상,6.0,2.0,21.9,11.2,21.9,,,51.0,동,1.4,1013.8
2024-10-09,19:00,,20 이상,,,20.0,11.4,20.0,,,58.0,북동,2.4,1014.0
2024-10-09,20:00,,20 이상,,,19.2,11.7,19.2,,,62.0,북북동,1.8,1014.3
2024-10-09,21:00,구름많음,20 이상,7.0,7.0,18.4,11.6,18.4,,,65.0,북동,1.8,1014.5
2024-10-09,22:00,,20 이상,,,18.2,12.1,18.2,,,68.0,북동,2.5,1014.7
2024-10-09,23:00,,20 이상,,,17.9,12.1,17.9,,,69.0,북동,2.5,1014.7
2024-10-10,06:00,구름조금,20 이상,5.0,2.0,15.5,11.4,15.5,,,77.0,북동,1.9,1014.8
2024-10-10,07:00,구름많음,20 이상,6.0,3.0,15.4,11.3,15.4,,,77.0,북동,2.6,1015.0
2024-10-10,08:00,구름많음,20 이상,8.0,8.0,15.9,11.6,15.9,,,76.0,북동,2.6,1015.2
2024-10-10,09:00,구름조금,20 이상,3.0,1.0,17.1,12.0,17.1,,,72.0,북동,2.6,1015.5
2024-10-10,10:00,구름조금,20 이상,5.0,3.0,19.2,11.9,19.2,,,63.0,동,1.7,1015.4
2024-10-10,11:00,구름많음,20 이상,7.0,7.0,19.8,11.2,19.8,,,58.0,남동,1.4,1015.3
2024-10-10,12:00,구름많음,20 이상,7.0,7.0,20.7,11.8,20.7,,,57.0,동남동,1.5,1014.7
2024-10-10,13:00,비 끝,20 이상,3.0,3.0,21.7,12.8,21.7,0.0,,57.0,동,1.4,1013.9
2024-10-10,14:00,구름조금,20 이상,4.0,4.0,23.1,12.1,23.1,0.0,,50.0,동북동,1.7,1013.0
2024-10-10,15:00,구름조금,20 이상,5.0,5.0,23.2,12.1,23.2,0.0,,50.0,북북서,1.9,1012.7
2024-10-10,16:00,구름조금,20 이상,3.0,3.0,23.7,12.0,23.7,0.0,,48.0,동북동,1.5,1012.7
2024-10-10,17:00,구름조금,20 이상,4.0,4.0,23.4,12.0,23.4,0.0,,49.0,북동,1.6,1012.9
2024-10-10,18:00,구름많음,20 이상,6.0,6.0,21.8,12.0,21.8,0.0,,54.0,북북서,1.9,1013.4
2024-10-10,19:00,,20 이상,,,20.8,12.4,20.8,0.0,,59.0,서남서,2.3,1013.8
2024-10-10,20:00,,19.7,,,19.9,13.1,19.9,0.0,,65.0,서,2.2,1014.5
2024-10-10,21:00,맑음,19.2,2.0,2.0,19.1,13.2,19.1,0.0,,69.0,서북서,2.5,1014.8
2024-10-10,22:00,,17.8,,,18.4,13.0,18.4,0.0,,71.0,정온,0.2,1015.1
2024-10-10,23:00,,20 이상,,,17.6,12.6,17.6,0.0,,73.0,북북동,1.7,1015.2
2024-10-11,06:00,맑음,13.3,0.0,0.0,14.1,11.7,14.1,,,86.0,북북동,1.6,1016.8
2024-10-11,07:00,맑음,12.4,0.0,0.0,14.0,12.2,14.0,,,89.0,북북동,1.3,1017.1
2024-10-11,08:00,맑음,12.4,0.0,0.0,14.5,12.7,14.5,,,89.0,북동,2.1,1017.7
2024-10-11,09:00,맑음,16.0,0.0,0.0,16.8,13.5,16.8,,,81.0,동북동,2.2,1017.9
2024-10-11,10:00,맑음,19.0,0.0,0.0,18.9,13.7,18.9,,,72.0,북동,1.8,1018.2
2024-10-11,11:00,맑음,14.3,1.0,1.0,21.0,14.3,21.0,,,66.0,동남동,1.2,1018.0
2024-10-11,12:00,맑음,16.2,2.0,2.0,22.7,14.0,22.7,,,58.0,남남동,1.9,1017.8
2024-10-11,13:00,구름조금,16.6,3.0,3.0,23.8,11.1,23.8,,,45.0,남서,2.4,1017.1
2024-10-11,14:00,구름조금,12.6,3.0,3.0,23.7,12.0,23.7,,,48.0,남,2.4,1016.4
2024-10-11,15:00,구름조금,11.9,3.0,3.0,24.3,12.5,24.3,,,48.0,남서,3.0,1016.0
2024-10-11,16:00,맑음,12.8,2.0,2.0,24.2,11.1,24.2,,,44.0,서,2.2,1016.3
2024-10-11,17:00,맑음,15.9,0.0,0.0,22.9,10.6,22.9,,,46.0,서남서,3.1,1016.7
2024-10-11,18:00,맑음,15.6,0.0,0.0,21.0,10.1,21.0,,,50.0,서,2.6,1017.3
2024-10-11,19:00,,12.1,,,19.7,11.4,19.7,,,59.0,서,2.5,1018.0
2024-10-11,20:00,맑음,9.0,0.0,0.0,18.8,12.0,18.8,,,65.0,서북서,1.7,1018.8
2024-10-11,21:00,연무,8.8,0.0,0.0,17.9,11.9,17.9,,,68.0,서북서,1.4,1019.3
2024-10-11,22:00,맑음,9.1,0.0,0.0,17.2,11.6,17.2,,,70.0,서,1.3,1020.0
2024-10-11,23:00,맑음,9.3,0.0,0.0,16.7,11.8,16.7,,,73.0,서북서,1.5,1020.5
2024-10-12,06:00,박무,5.8,0.0,0.0,13.9,11.4,13.9,,,85.0,북,1.5,1022.3
2024-10-12,07:00,박무,5.2,0.0,0.0,13.4,11.2,13.4,,,87.0,북북동,1.6,1022.8
2024-10-12,08:00,박무,6.5,0.0,0.0,13.8,11.8,13.8,,,88.0,북동,1.6,1023.5
2024-10-12,09:00,박무,6.4,0.0,0.0,16.2,13.1,16.2,,,82.0,북북동,2.0,1023.7
2024-10-12,10:00,연무,7.8,0.0,0.0,18.9,12.8,18.9,,,68.0,동,0.8,1023.5
2024-10-12,11:00,맑음,11.8,0.0,0.0,21.2,10.6,21.2,,,51.0,남남동,2.2,1023.1
2024-10-12,12:00,맑음,20 이상,0.0,0.0,22.3,9.7,22.3,,,45.0,서,1.9,1022.6
2024-10-12,13:00,맑음,20 이상,0.0,0.0,23.4,6.6,23.4,,,34.0,서남서,2.1,1022.0
2024-10-12,14:00,맑음,20 이상,0.0,0.0,23.9,4.7,23.9,,,29.0,서,1.7,1021.5
2024-10-12,15:00,맑음,20 이상,0.0,0.0,24.0,5.3,24.0,,,30.0,서북서,2.3,1021.3
2024-10-12,16:00,맑음,20 이상,0.0,0.0,24.3,3.5,24.3,,,26.0,서,2.4,1021.3
2024-10-12,17:00,맑음,20 이상,0.0,0.0,23.4,4.8,23.4,,,30.0,서북서,2.2,1021.4
2024-10-12,18:00,맑음,20 이상,0.0,0.0,21.3,5.6,21.3,,,36.0,서,1.4,1021.7
2024-10-12,19:00,,20 이상,,,19.7,9.2,19.7,,,51.0,서남서,1.6,1022.2
2024-10-12,20:00,,20 이상,,,18.7,8.6,18.7,,,52.0,서남서,0.6,1022.8
2024-10-12,21:00,맑음,20 이상,0.0,0.0,17.8,9.6,17.8,,,59.0,서남서,0.8,1023.2
2024-10-12,22:00,,20 이상,,,16.8,9.7,16.8,,,63.0,정온,0.2,1023.4
2024-10-12,23:00,,20 이상,,,16.4,9.3,16.4,,,63.0,동북동,0.5,1023.7
2024-10-13,06:00,맑음,16.8,1.0,0.0,12.8,10.1,12.8,,,84.0,북동,1.7,1023.6
2024-10-13,07:00,맑음,16.7,2.0,0.0,12.8,10.3,12.8,,,85.0,북동,2.1,1023.7
2024-10-13,08:00,맑음,19.0,1.0,0.0,14.2,11.3,14.2,,,83.0,동북동,2.0,1024.1
2024-10-13,09:00,구름조금,20 이상,5.0,0.0,16.6,12.1,16.6,,,75.0,동북동,2.2,1024.0
2024-10-13,10:00,맑음,20 이상,2.0,0.0,19.0,12.2,19.0,,,65.0,동북동,2.1,1023.9
2024-10-13,11:00,흐림,20 이상,9.0,0.0,20.9,12.3,20.9,,,58.0,동북동,2.2,1023.6
2024-10-13,12:00,흐림,20 이상,9.0,0.0,21.8,12.8,21.8,,,57.0,북동,2.2,1023.1
2024-10-13,13:00,흐림,20 이상,9.0,0.0,22.1,12.3,22.1,,,54.0,남동,2.1,1022.6
2024-10-13,14:00,흐림,20 이상,9.0,0.0,22.1,11.4,22.1,,,51.0,남동,2.6,1022.2
2024-10-13,15:00,흐림,20 이상,9.0,0.0,22.4,11.4,22.4,,,50.0,동,1.9,1021.6
2024-10-13,16:00,흐림,20 이상,9.0,5.0,22.4,11.4,22.4,,,50.0,동남동,1.8,1021.4
2024-10-13,17:00,흐림,20 이상,9.0,8.0,21.7,11.1,21.7,,,51.0,동,1.9,1021.6
2024-10-13,18:00,흐림,20 이상,9.0,9.0,20.8,11.9,20.8,,,57.0,북동,2.0,1021.7
2024-10-13,19:00,,20 이상,,,20.0,11.9,20.0,,,60.0,북동,1.5,1021.8
2024-10-13,20:00,,20 이상,,,19.4,12.6,19.4,,,65.0,북동,2.1,1022.0
2024-10-13,21:00,흐림,20 이상,9.0,9.0,19.2,12.6,19.2,,,66.0,북동,2.5,1021.9
2024-10-13,22:00,,20 이상,,,19.0,12.7,19.0,,,67.0,북동,2.5,1021.7
2024-10-13,23:00,,20 이상,,,18.7,12.6,18.7,,,68.0,북동,2.3,1021.9
2024-10-14,06:00,흐림,20 이상,10.0,10.0,17.6,12.6,17.6,,,73.0,동북동,1.8,1020.3
2024-10-14,07:00,흐림,20 이상,10.0,10.0,17.6,12.4,17.6,,,72.0,동북동,2.7,1020.0
2024-10-14,08:00,흐림,20 이상,10.0,10.0,17.8,12.4,17.8,,,71.0,동북동,1.6,1020.2
2024-10-14,09:00,흐림,20 이상,10.0,8.0,18.6,13.0,18.6,,,70.0,동,2.1,1020.2
2024-10-14,10:00,흐림,20 이상,10.0,8.0,19.3,13.4,19.3,,,69.0,북동,1.9,1019.9
2024-10-14,11:00,흐림,20 이상,10.0,8.0,20.1,13.7,20.1,,,67.0,동,2.0,1019.6
2024-10-14,12:00,흐림,20 이상,10.0,10.0,20.2,13.8,20.2,,,67.0,북동,1.9,1019.2
2024-10-14,13:00,약한 비 단속적,20 이상,10.0,10.0,20.5,14.6,20.5,0.0,,69.0,동남동,2.0,1018.4
2024-10-14,14:00,비 끝,20 이상,10.0,8.0,21.2,15.0,21.2,0.0,,68.0,북동,1.5,1017.9
2024-10-14,15:00,흐림,20 이상,9.0,4.0,21.5,13.4,21.5,0.0,,60.0,동,1.6,1017.4
2024-10-14,16:00,흐림,20 이상,9.0,4.0,21.2,12.8,21.2,0.0,,59.0,동,2.1,1016.8
2024-10-14,17:00,흐림,20 이상,10.0,8.0,20.8,13.9,20.8,0.0,,65.0,동,1.7,1017.2
2024-10-14,18:00,비 끝,20 이상,10.0,8.0,20.4,14.0,20.4,0.0,,67.0,동북동,1.8,1016.8
2024-10-14,19:00,,20 이상,,,20.1,14.0,20.1,0.0,,68.0,동북동,1.2,1017.1
2024-10-14,20:00,,20 이상,,,19.7,14.5,19.7,0.0,,72.0,북동,1.9,1017.4
2024-10-14,21:00,흐림,20 이상,9.0,8.0,19.6,14.6,19.6,0.0,,73.0,동북동,1.2,1017.2
2024-10-14,22:00,,20 이상,,,19.1,14.5,19.1,0.0,,75.0,북동,2.6,1016.8
2024-10-14,23:00,,20 이상,,,18.8,14.6,18.8,0.0,,77.0,북동,1.9,1016.8
2024-10-15,06:00,비 끝,12.5,10.0,8.0,17.7,15.8,17.7,0.4,,89.0,북동,1.3,1015.5
2024-10-15,07:00,흐림,12.2,10.0,8.0,17.6,15.7,17.6,0.4,,89.0,북동,2.5,1015.5
2024-10-15,08:00,흐림,15.9,10.0,7.0,18.1,16.0,18.1,0.4,,88.0,북동,1.7,1016.1
2024-10-15,09:00,약한 비 단속적,7.9,10.0,8.0,18.4,16.1,18.4,0.4,,87.0,북동,2.0,1016.7
2024-10-15,10:00,약한 비 연속적,10.6,10.0,8.0,18.9,16.8,18.9,0.5,,88.0,북동,1.8,1016.8
2024-10-15,11:00,비 끝,10.7,10.0,7.0,19.6,16.8,19.6,0.5,,84.0,북동,1.5,1016.9
2024-10-15,12:00,흐림,12.4,10.0,7.0,20.5,17.1,20.5,0.5,,81.0,북북동,2.3,1016.6
2024-10-15,13:00,흐림,15.5,10.0,7.0,21.1,17.3,21.1,0.5,,79.0,서,1.7,1016.5
2024-10-15,14:00,흐림,13.5,10.0,8.0,21.3,17.5,21.3,0.5,,79.0,서,2.0,1016.3
2024-10-15,15:00,흐림,11.5,10.0,6.0,21.7,17.8,21.7,0.5,,79.0,서북서,1.8,1016.0
2024-10-15,16:00,비 끝,7.0,10.0,8.0,20.8,17.6,20.8,0.5,,82.0,북서,2.8,1016.7
2024-10-15,17:00,흐림,14.7,10.0,8.0,20.6,17.0,20.6,0.5,,80.0,서북서,1.9,1017.2
2024-10-15,18:00,구름많음,11.7,8.0,8.0,20.3,17.1,20.3,0.5,,82.0,서,2.0,1017.7
2024-10-15,19:00,구름조금,9.6,3.0,3.0,19.9,17.2,19.9,0.5,,85.0,북서,1.5,1018.3
2024-10-15,20:00,맑음,7.9,0.0,0.0,19.3,16.8,19.3,0.5,,86.0,서,1.2,1018.8
2024-10-15,21:00,박무,6.5,0.0,0.0,18.7,16.8,18.7,0.5,,89.0,서북서,1.2,1019.1
2024-10-15,22:00,맑음,5.5,0.0,0.0,18.3,16.6,18.3,0.5,,90.0,서,1.3,1019.4
2024-10-15,23:00,구름조금,6.3,3.0,1.0,18.1,16.6,18.1,0.5,,91.0,서북서,2.3,1019.8
2024-10-16,06:00,박무,4.5,2.0,0.0,14.8,13.6,14.8,,,93.0,북북동,1.5,1022.0
2024-10-16,07:00,박무,1.7,10.0,10.0,14.6,13.8,14.6,,,95.0,북동,1.2,1022.3
2024-10-16,08:00,박무,2.2,10.0,10.0,15.0,14.3,15.0,,,96.0,북동,1.7,1022.9
2024-10-16,09:00,박무,3.1,10.0,10.0,15.5,14.6,15.5,,,95.0,북동,2.6,1023.4
2024-10-16,10:00,박무,3.9,10.0,10.0,16.2,15.0,16.2,,,93.0,북동,2.0,1023.7
2024-10-16,11:00,박무,6.6,4.0,0.0,18.2,15.2,18.2,,,83.0,북동,1.8,1023.1
2024-10-16,12:00,맑음,11.4,1.0,1.0,20.8,14.4,20.8,,,67.0,남남동,1.6,1022.6
2024-10-16,13:00,맑음,15.7,0.0,0.0,22.4,12.6,22.4,,,54.0,남서,1.9,1021.7
2024-10-16,14:00,맑음,12.8,0.0,0.0,23.7,13.2,23.7,,,52.0,남남서,2.3,1020.9
2024-10-16,15:00,맑음,10.1,0.0,0.0,24.0,14.3,24.0,,,55.0,서남서,2.0,1021.0
2024-10-16,16:00,맑음,9.6,0.0,0.0,23.8,13.6,23.8,,,53.0,서,1.7,1020.9
2024-10-16,17:00,맑음,10.7,0.0,0.0,22.9,12.8,22.9,,,53.0,서북서,1.3,1020.8
2024-10-16,18:00,연무,8.5,2.0,0.0,20.8,13.2,20.8,,,62.0,서,1.3,1021.1
2024-10-16,19:00,맑음,8.0,0.0,0.0,19.5,12.9,19.5,,,66.0,서북서,1.2,1021.8
2024-10-16,20:00,맑음,8.4,0.0,0.0,18.5,12.6,18.5,,,69.0,북,1.7,1022.3
2024-10-16,21:00,연무,8.4,0.0,0.0,17.7,12.7,17.7,,,73.0,정온,0.1,1022.9
2024-10-16,22:00,구름조금,8.5,3.0,1.0,16.9,12.6,16.9,,,76.0,서,1.6,1023.0
2024-10-16,23:00,구름조금,8.3,5.0,1.0,16.3,12.2,16.3,,,77.0,서,1.1,1023.0
2024-10-17,06:00,박무,9.0,9.0,0.0,13.9,11.4,13.9,,,85.0,북북동,1.7,1022.9
2024-10-17,07:00,박무,8.7,9.0,0.0,13.9,11.5,13.9,,,86.0,북북동,1.7,1023.4
2024-10-17,08:00,박무,9.0,10.0,0.0,14.1,11.7,14.1,,,86.0,북동,2.0,1023.5
2024-10-17,09:00,박무,9.8,9.0,0.0,15.2,12.1,15.2,,,82.0,동북동,1.5,1023.9
2024-10-17,10:00,구름조금,10.5,4.0,0.0,17.1,12.6,17.1,,,75.0,북동,1.8,1023.5
2024-10-17,11:00,맑음,13.2,1.0,0.0,20.0,13.9,20.0,,,68.0,동북동,1.7,1023.4
2024-10-17,12:00,맑음,14.7,0.0,0.0,22.5,14.8,22.5,,,62.0,동북동,1.7,1022.5
2024-10-17,13:00,맑음,15.9,0.0,0.0,23.7,14.1,23.7,,,55.0,동북동,2.0,1021.3
2024-10-17,14:00,맑음,16.4,0.0,0.0,25.0,14.1,25.0,,,51.0,남동,1.6,1021.0
2024-10-17,15:00,맑음,19.0,0.0,0.0,25.4,13.5,25.4,,,48.0,북동,2.3,1020.2
2024-10-17,16:00,맑음,17.1,0.0,0.0,25.6,14.3,25.6,,,50.0,동북동,1.6,1020.0
2024-10-17,17:00,맑음,20 이상,0.0,0.0,24.8,13.0,24.8,,,48.0,북동,2.1,1019.6
2024-10-17,18:00,맑음,20 이상,1.0,0.0,22.4,13.1,22.4,,,56.0,북동,2.0,1019.1
2024-10-17,19:00,,20 이상,,,20.9,13.0,20.9,,,61.0,북북동,2.1,1019.3
2024-10-17,20:00,,18.4,,,20.0,13.4,20.0,,,66.0,북동,2.2,1019.4
2024-10-17,21:00,맑음,19.1,0.0,0.0,19.7,13.8,19.7,,,69.0,북,0.8,1020.1
2024-10-17,22:00,,16.3,,,19.0,14.0,19.0,,,73.0,북동,2.0,1020.2
2024-10-17,23:00,,16.7,,,18.6,13.8,18.6,,,74.0,동북동,1.3,1020.0
2024-10-18,06:00,비 끝,20 이상,9.0,3.0,18.0,13.6,18.0,0.0,,76.0,북동,2.6,1017.5
2024-10-18,07:00,약한 비 단속적,20 이상,10.0,5.0,18.0,13.6,18.0,0.0,,76.0,북동,3.0,1017.0
2024-10-18,08:00,비 끝,20 이상,10.0,6.0,18.3,13.7,18.3,0.0,,75.0,북동,2.8,1017.0
2024-10-18,09:00,약한 비 단속적,20 이상,10.0,7.0,18.7,14.1,18.7,0.0,,75.0,북동,3.1,1016.8
2024-10-18,10:00,약한 비 단속적,14.9,10.0,8.0,18.7,15.1,18.7,0.2,,80.0,북동,3.0,1016.4
2024-10-18,11:00,약한 비 단속적,19.8,10.0,8.0,18.5,15.3,18.5,0.5,,82.0,북동,3.1,1014.8
2024-10-18,12:00,약한 비 연속적,11.8,10.0,8.0,18.4,15.6,18.4,0.6,,84.0,동북동,2.7,1013.9
2024-10-18,13:00,보통 비 연속적,3.3,10.0,7.0,17.6,15.7,17.6,7.5,,89.0,북서,1.5,1013.4
2024-10-18,14:00,보통 비 연속적,3.2,10.0,9.0,16.8,15.8,16.8,18.5,,94.0,동북동,4.4,1010.4
2024-10-18,15:00,보통 비 연속적,2.2,10.0,8.0,16.6,15.9,16.6,30.7,,96.0,북동,3.0,1009.5
2024-10-18,16:00,강한 비 연속적,6.2,10.0,9.0,16.7,16.0,16.7,46.8,,96.0,동,1.6,1009.9
2024-10-18,17:00,비 끝,20 이상,10.0,8.0,17.1,16.4,17.1,47.1,,96.0,북동,2.3,1009.7
2024-10-18,18:00,흐림,12.9,10.0,8.0,17.0,16.0,17.0,47.1,,94.0,서북서,1.9,1009.8
2024-10-18,19:00,,14.8,,,16.7,15.5,16.7,47.1,,93.0,동북동,1.9,1010.1
2024-10-18,20:00,약한 비 단속적,20 이상,10.0,8.0,16.2,15.0,16.2,47.1,,93.0,동북동,2.4,1010.3
2024-10-18,21:00,약한 비 단속적,20 이상,10.0,8.0,16.3,15.1,16.3,47.1,,93.0,동북동,2.3,1010.1
2024-10-18,22:00,약한 비 단속적,18.8,10.0,9.0,16.5,15.3,16.5,47.1,,93.0,북북서,1.2,1010.4
2024-10-18,23:00,비 끝,11.6,10.0,7.0,16.8,15.8,16.8,47.1,,94.0,북동,0.7,1010.3
2024-10-19,06:00,흐림,20 이상,9.0,9.0,15.9,14.5,15.9,1.0,,92.0,남,0.9,1012.3
2024-10-19,07:00,맑음,20 이상,2.0,2.0,15.7,14.2,15.7,1.0,,91.0,서북서,1.8,1013.2
2024-10-19,08:00,구름많음,20 이상,6.0,6.0,15.6,14.2,15.6,1.0,,92.0,서북서,3.5,1014.6
2024-10-19,09:00,구름많음,20 이상,6.0,6.0,15.8,14.1,15.8,1.0,,90.0,서,1.8,1015.6
2024-10-19,10:00,구름조금,20 이상,3.0,1.0,18.0,14.8,18.0,1.0,,82.0,서,1.5,1015.8
2024-10-19,11:00,구름많음,20 이상,6.0,6.0,19.7,14.7,19.7,1.0,,73.0,북동,1.7,1015.8
2024-10-19,12:00,구름많음,20 이상,8.0,8.0,20.8,14.6,20.8,1.0,,68.0,북동,3.4,1016.5
2024-10-19,13:00,흐림,20 이상,9.0,9.0,20.5,14.3,20.5,1.0,,68.0,북동,3.3,1016.5
2024-10-19,14:00,흐림,20 이상,9.0,9.0,20.2,14.0,20.2,1.0,,68.0,북동,4.7,1017.2
2024-10-19,15:00,구름많음,20 이상,8.0,8.0,20.2,13.6,20.2,1.0,,66.0,북동,3.6,1017.8
2024-10-19,16:00,구름많음,20 이상,8.0,8.0,19.7,13.3,19.7,1.0,,67.0,북동,3.2,1019.0
2024-10-19,17:00,구름많음,20 이상,8.0,8.0,18.9,11.2,18.9,1.0,,61.0,동북동,3.6,1020.2
2024-10-19,18:00,구름많음,20 이상,8.0,8.0,17.5,9.8,17.5,1.0,,61.0,북동,5.6,1021.9
2024-10-19,19:00,,20 이상,,,16.2,9.1,16.2,1.0,,63.0,동북동,4.8,1023.6
2024-10-19,20:00,,20 이상,,,15.1,8.0,15.1,1.0,,63.0,북동,5.7,1025.0
2024-10-19,21:00,구름조금,20 이상,3.0,3.0,14.1,7.3,14.1,1.0,,64.0,동북동,5.4,1025.9
2024-10-19,22:00,,20 이상,,,13.3,6.3,13.3,1.0,,63.0,북동,6.6,1026.6
2024-10-19,23:00,,20 이상,,,12.7,6.0,12.7,1.0,,64.0,북동,5.2,1027.3
2024-10-20,06:00,맑음,20 이상,0.0,0.0,10.8,4.0,10.8,,,63.0,동북동,3.8,1031.0
2024-10-20,07:00,맑음,20 이상,0.0,0.0,10.6,3.8,10.6,,,63.0,동북동,3.5,1031.3
2024-10-20,08:00,맑음,20 이상,0.0,0.0,11.2,4.1,11.2,,,62.0,동북동,3.7,1032.1
2024-10-20,09:00,맑음,20 이상,0.0,0.0,12.8,3.7,12.8,,,54.0,동북동,4.6,1032.7
2024-10-20,10:00,맑음,20 이상,0.0,0.0,14.3,4.8,14.3,,,53.0,북동,4.6,1032.0
2024-10-20,11:00,맑음,20 이상,1.0,0.0,15.3,4.3,15.3,,,48.0,동북동,4.3,1031.7
2024-10-20,12:00,맑음,20 이상,1.0,0.0,16.1,4.4,16.1,,,46.0,동,4.3,1031.2
2024-10-20,13:00,맑음,20 이상,1.0,0.0,16.7,4.3,16.7,,,44.0,동,3.9,1030.4
2024-10-20,14:00,맑음,20 이상,2.0,0.0,17.4,5.3,17.4,,,45.0,동북동,3.8,1029.9
2024-10-20,15:00,구름조금,20 이상,3.0,0.0,17.7,5.9,17.7,,,46.0,동북동,3.4,1029.4
2024-10-20,16:00,구름조금,20 이상,3.0,0.0,17.5,5.4,17.5,,,45.0,동북동,2.6,1028.9
2024-10-20,17:00,구름조금,20 이상,3.0,0.0,16.7,4.6,16.7,,,45.0,동,3.0,1028.4
2024-10-20,18:00,구름많음,20 이상,6.0,0.0,15.3,5.2,15.3,,,51.0,동남동,2.4,1028.6
2024-10-20,19:00,,20 이상,,,14.2,4.7,14.2,,,53.0,동북동,3.9,1029.3
2024-10-20,20:00,,20 이상,,,13.4,4.5,13.4,,,55.0,동,3.6,1029.4
2024-10-20,21:00,맑음,20 이상,1.0,0.0,12.6,4.5,12.6,,,58.0,동북동,3.0,1029.6
2024-10-20,22:00,,20 이상,,,11.7,4.6,11.7,,,62.0,북동,3.0,1029.3
2024-10-20,23:00,,20 이상,,,11.2,4.4,11.2,,,63.0,북동,2.7,1029.6
2024-10-21,06:00,구름많음,20 이상,8.0,5.0,10.2,4.9,10.2,,,70.0,동북동,3.1,1025.2
2024-10-21,07:00,구름많음,20 이상,8.0,8.0,10.5,5.2,10.5,,,70.0,북동,3.3,1025.6
2024-10-21,08:00,구름많음,20 이상,8.0,8.0,11.3,5.8,11.3,,,69.0,북동,3.5,1025.3
2024-10-21,09:00,흐림,20 이상,10.0,10.0,12.1,6.1,12.1,,,67.0,북동,2.7,1026.1
2024-10-21,10:00,비 끝,20 이상,8.0,8.0,13.1,7.1,13.1,0.0,,67.0,북동,2.8,1025.6
2024-10-21,11:00,구름많음,20 이상,8.0,8.0,15.3,7.8,15.3,0.0,,61.0,동북동,2.7,1024.9
2024-10-21,12:00,흐림,20 이상,9.0,9.0,16.4,8.3,16.4,0.0,,59.0,북동,2.4,1024.0
2024-10-21,13:00,흐림,20 이상,9.0,9.0,17.3,8.9,17.3,0.0,,58.0,동북동,1.6,1023.3
2024-10-21,14:00,구름많음,20 이상,8.0,8.0,18.5,9.5,18.5,0.0,,56.0,동남동,2.1,1022.5
2024-10-21,15:00,흐림,20 이상,9.0,9.0,19.1,9.5,19.1,0.0,,54.0,남동,1.6,1022.0
2024-10-21,16:00,흐림,20 이상,9.0,9.0,19.0,9.4,19.0,0.0,,54.0,남동,2.0,1021.6
2024-10-21,17:00,흐림,20 이상,10.0,10.0,18.5,10.3,18.5,0.0,,59.0,북북동,2.1,1021.3
2024-10-21,18:00,흐림,20 이상,10.0,10.0,17.6,10.4,17.6,0.0,,63.0,북동,1.8,1021.6
2024-10-21,19:00,,20 이상,,,17.3,10.8,17.3,0.0,,66.0,북북동,1.7,1022.3
2024-10-21,20:00,약한 비 단속적,20 이상,10.0,7.0,17.1,11.3,17.1,0.0,,69.0,북동,1.6,1022.1
2024-10-21,21:00,약한 비 단속적,20 이상,10.0,8.0,16.7,11.8,16.7,0.0,,73.0,북북동,1.5,1022.5
2024-10-21,22:00,비 끝,20 이상,10.0,3.0,16.6,11.7,16.6,0.0,,73.0,북북동,1.6,1022.2
2024-10-21,23:00,,20 이상,,,16.4,12.1,16.4,0.0,,76.0,북북동,2.1,1022.1
2024-10-22,06:00,약한 비 단속적,20 이상,10.0,7.0,15.2,12.1,15.2,0.2,,82.0,동북동,1.9,1018.0
2024-10-22,07:00,약한 비 단속적,20 이상,10.0,8.0,14.9,12.3,14.9,0.3,,85.0,동북동,2.3,1017.8
2024-10-22,08:00,약한 비 단속적,20 이상,10.0,7.0,15.0,12.8,15.0,0.3,,87.0,북동,2.9,1017.5
2024-10-22,09:00,약한 비 연속적,10.1,10.0,7.0,15.0,13.3,15.0,1.0,,90.0,북동,2.8,1016.9
2024-10-22,10:00,약한 비 단속적,20 이상,10.0,7.0,15.1,13.6,15.1,1.3,,91.0,북동,3.2,1016.5
2024-10-22,11:00,약한 비 연속적,4.6,10.0,8.0,15.3,14.1,15.3,2.3,,93.0,동북동,2.2,1015.8
2024-10-22,12:00,약한 비 단속적,12.0,10.0,8.0,15.5,14.5,15.5,2.8,,94.0,동북동,2.4,1014.7
2024-10-22,13:00,약한 비 연속적,4.2,10.0,7.0,15.4,14.4,15.4,3.9,,94.0,동북동,2.4,1014.3
2024-10-22,14:00,비 끝,16.3,10.0,9.0,15.7,14.7,15.7,4.7,,94.0,북동,1.8,1012.5
2024-10-22,15:00,약한 비 연속적,7.9,10.0,8.0,15.7,14.8,15.7,5.8,,95.0,북동,1.1,1012.3
2024-10-22,16:00,약한 비 연속적,2.9,10.0,9.0,15.8,14.8,15.8,6.2,,94.0,북북서,1.2,1012.0
2024-10-22,17:00,약한 비 연속적,5.8,10.0,8.0,15.9,15.0,15.9,6.6,,95.0,북동,0.5,1011.4
2024-10-22,18:00,약한 비 연속적,3.0,10.0,9.0,15.9,15.2,15.9,9.5,,96.0,북동,1.1,1010.8
2024-10-22,19:00,약한 비 연속적,2.2,10.0,8.0,16.0,15.3,16.0,10.9,,96.0,북동,0.9,1010.6
2024-10-22,20:00,약한 비 연속적,3.6,10.0,9.0,15.9,15.2,15.9,12.7,,96.0,북북동,1.3,1010.2
2024-10-22,21:00,약한 비 연속적,3.3,10.0,9.0,15.9,15.2,15.9,15.5,,96.0,북동,1.0,1009.6
2024-10-22,22:00,약한 비 연속적,3.6,10.0,9.0,16.6,16.2,16.6,17.5,,98.0,남서,3.4,1009.3
2024-10-22,23:00,약한 비 연속적,5.1,10.0,9.0,15.9,15.2,15.9,19.1,,96.0,남서,3.3,1009.6
2024-10-23,06:00,약한 비 단속적,14.9,10.0,8.0,11.5,10.0,11.5,2.2,,91.0,서남서,2.5,1011.7
2024-10-23,07:00,비 끝,20 이상,9.0,9.0,11.5,8.1,11.5,2.3,,80.0,서남서,4.6,1012.5
2024-10-23,08:00,흐림,20 이상,9.0,9.0,11.7,7.7,11.7,2.3,,77.0,서남서,4.5,1013.3
2024-10-23,09:00,구름많음,20 이상,7.0,7.0,12.5,7.1,12.5,2.3,,70.0,서남서,6.6,1014.1
2024-10-23,10:00,구름많음,20 이상,6.0,6.0,12.5,6.9,12.5,2.3,,69.0,서,4.6,1015.4
2024-10-23,11:00,구름많음,20 이상,7.0,7.0,13.0,7.2,13.0,2.3,,68.0,서남서,5.3,1015.8
2024-10-23,12:00,구름조금,20 이상,5.0,5.0,13.9,7.6,13.9,2.3,,66.0,서남서,5.0,1015.8
2024-10-23,13:00,구름조금,20 이상,4.0,4.0,14.9,8.1,14.9,2.3,,64.0,서남서,4.2,1015.6
2024-10-23,14:00,구름많음,20 이상,6.0,6.0,15.0,8.0,15.0,2.3,,63.0,서남서,3.7,1015.7
2024-10-23,15:00,구름많음,20 이상,7.0,7.0,15.0,8.4,15.0,2.3,,65.0,남서,3.9,1016.5
2024-10-23,16:00,구름많음,20 이상,7.0,7.0,15.0,8.2,15.0,2.3,,64.0,서남서,2.8,1016.9
2024-10-23,17:00,구름많음,20 이상,6.0,6.0,14.4,7.8,14.4,2.3,,65.0,서,3.0,1017.5
2024-10-23,18:00,구름많음,20 이상,6.0,6.0,13.7,7.6,13.7,2.3,,67.0,서남서,2.6,1017.7
2024-10-23,19:00,,20 이상,,,13.1,7.9,13.1,2.3,,71.0,서남서,2.5,1018.6
2024-10-23,20:00,,20 이상,,,12.9,8.1,12.9,2.3,,73.0,서남서,2.4,1018.8
2024-10-23,21:00,맑음,20 이상,2.0,2.0,11.7,7.0,11.7,2.3,,73.0,북서,2.9,1019.4
2024-10-23,22:00,,20 이상,,,11.0,6.9,11.0,2.3,,76.0,북서,2.6,1020.0
2024-10-23,23:00,,20 이상,,,10.3,6.9,10.3,2.3,,80.0,북서,1.5,1020.3
2024-10-24,06:00,맑음,16.3,0.0,0.0,7.2,5.6,7.2,,,90.0,북서,0.7,1021.7
2024-10-24,07:00,맑음,18.5,0.0,0.0,7.1,5.2,7.1,,,88.0,북북동,1.2,1022.1
2024-10-24,08:00,맑음,17.7,0.0,0.0,7.4,5.8,6.6,,,90.0,북북동,1.6,1022.5
2024-10-24,09:00,맑음,18.3,0.0,0.0,9.7,6.9,9.7,,,83.0,북북동,1.1,1023.0
2024-10-24,10:00,맑음,18.9,0.0,0.0,12.2,7.4,12.2,,,73.0,북북동,1.5,1023.3
2024-10-24,11:00,맑음,20 이상,0.0,0.0,14.4,6.2,14.4,,,58.0,서남서,2.2,1023.0
2024-10-24,12:00,맑음,20 이상,0.0,0.0,15.9,7.3,15.9,,,57.0,서북서,3.3,1022.5
2024-10-24,13:00,맑음,20 이상,0.0,0.0,17.3,7.8,17.3,,,54.0,서북서,2.8,1021.6
2024-10-24,14:00,맑음,20 이상,0.0,0.0,17.8,7.8,17.8,,,52.0,서북서,3.0,1021.0
2024-10-24,15:00,맑음,17.4,0.0,0.0,18.3,7.6,18.3,,,50.0,북북서,4.3,1020.7
2024-10-24,16:00,맑음,19.3,0.0,0.0,18.1,8.0,18.1,,,52.0,북북서,2.5,1021.2
2024-10-24,17:00,맑음,19.1,0.0,0.0,17.2,6.9,17.2,,,51.0,북북서,3.0,1021.1
2024-10-24,18:00,맑음,19.1,0.0,0.0,15.9,6.8,15.9,,,55.0,북북서,2.4,1021.9
2024-10-24,19:00,,17.1,,,14.9,7.1,14.9,,,60.0,북북서,1.8,1022.5
2024-10-24,20:00,,14.3,,,14.0,7.7,14.0,,,66.0,북북서,0.9,1022.8
2024-10-24,21:00,맑음,13.2,0.0,0.0,13.2,8.0,13.2,,,71.0,북북동,1.3,1023.2
2024-10-24,22:00,,12.5,,,12.5,7.9,12.5,,,74.0,북,1.1,1023.9
2024-10-24,23:00,,12.4,,,11.9,7.6,11.9,,,75.0,북동,0.6,1024.4
2024-10-25,06:00,박무,8.0,0.0,0.0,9.2,7.4,8.2,,,89.0,북북동,2.0,1025.7
2024-10-25,07:00,박무,9.2,0.0,0.0,8.8,7.0,7.9,,,89.0,북동,1.9,1025.3
2024-10-25,08:00,맑음,12.3,0.0,0.0,9.5,7.9,9.0,,,90.0,동북동,1.6,1026.1
2024-10-25,09:00,맑음,15.3,0.0,0.0,12.3,8.5,12.3,,,78.0,동북동,1.9,1026.3
2024-10-25,10:00,맑음,20 이상,0.0,0.0,14.7,7.9,14.7,,,64.0,동북동,2.1,1026.2
2024-10-25,11:00,맑음,20 이상,0.0,0.0,17.0,7.6,17.0,,,54.0,동북동,2.7,1025.7
2024-10-25,12:00,맑음,20 이상,2.0,0.0,18.7,7.4,18.7,,,48.0,북동,2.7,1025.1
2024-10-25,13:00,맑음,20 이상,2.0,0.0,20.2,6.1,20.2,,,40.0,동북동,2.4,1024.1
2024-10-25,14:00,구름많음,20 이상,7.0,0.0,21.4,5.6,21.4,,,36.0,동북동,1.8,1023.3
2024-10-25,15:00,구름많음,20 이상,7.0,0.0,21.3,5.2,21.3,,,35.0,동북동,0.8,1023.2
2024-10-25,16:00,구름많음,20 이상,7.0,0.0,21.0,5.7,21.0,,,37.0,북동,1.3,1023.4
2024-10-25,17:00,구름많음,20 이상,8.0,0.0,19.7,7.4,19.7,,,45.0,북북서,0.8,1023.6
2024-10-25,18:00,구름많음,20 이상,8.0,0.0,18.1,7.7,18.1,,,51.0,북북동,0.9,1023.7
2024-10-25,19:00,,20 이상,,,17.0,7.8,17.0,,,55.0,북북동,0.9,1024.0
2024-10-25,20:00,,20 이상,,,15.9,6.5,15.9,,,54.0,북동,1.5,1023.6
2024-10-25,21:00,구름많음,20 이상,8.0,0.0,15.5,7.0,15.5,,,57.0,북북동,1.3,1023.5
2024-10-25,22:00,,20 이상,,,15.0,7.5,15.0,,,61.0,북북동,1.8,1023.9
2024-10-25,23:00,,20 이상,,,14.3,8.2,14.3,,,67.0,북동,1.6,1023.7
2024-10-26,06:00,구름많음,20 이상,7.0,0.0,11.0,8.5,11.0,,,85.0,북동,1.8,1022.9
2024-10-26,07:00,구름조금,20 이상,5.0,0.0,10.8,8.1,10.8,,,84.0,북동,1.6,1022.8
2024-10-26,08:00,맑음,20 이상,1.0,0.0,11.4,8.9,11.4,,,85.0,동북동,1.5,1022.8
2024-10-26,09:00,맑음,20 이상,1.0,0.0,14.2,9.8,14.2,,,75.0,동북동,2.5,1022.5
2024-10-26,10:00,맑음,20 이상,0.0,0.0,16.6,10.8,16.6,,,69.0,동북동,2.1,1021.8
2024-10-26,11:00,맑음,20 이상,0.0,0.0,19.3,11.5,19.3,,,61.0,동,1.7,1021.2
2024-10-26,12:00,맑음,20 이상,0.0,0.0,20.9,12.0,20.9,,,57.0,동,2.2,1020.6
2024-10-26,13:00,맑음,20 이상,0.0,0.0,21.8,11.7,21.8,,,53.0,동북동,3.0,1019.3
2024-10-26,14:00,맑음,20 이상,0.0,0.0,23.0,11.0,23.0,,,47.0,동남동,3.0,1018.1
2024-10-26,15:00,맑음,20 이상,0.0,0.0,23.5,11.2,23.5,,,46.0,동,1.5,1017.6
2024-10-26,16:00,맑음,20 이상,0.0,0.0,24.0,11.6,24.0,,,46.0,남,2.4,1018.2
2024-10-26,17:00,맑음,20 이상,1.0,0.0,22.6,11.9,22.6,,,51.0,남동,2.6,1017.7
2024-10-26,18:00,맑음,20 이상,1.0,0.0,21.0,11.8,21.0,,,56.0,남남동,1.2,1018.2
2024-10-26,19:00,맑음,20 이상,0.0,0.0,19.5,12.7,19.5,,,65.0,북북동,0.6,1018.5
2024-10-26,20:00,,20 이상,,,18.4,12.3,18.4,,,68.0,동북동,1.5,1018.2
2024-10-26,21:00,맑음,20 이상,0.0,0.0,17.4,12.0,17.4,,,71.0,북북동,1.9,1018.2
2024-10-26,22:00,,20 이상,,,16.8,11.9,16.8,,,73.0,북북동,1.8,1018.7
2024-10-26,23:00,,20 이상,,,16.6,12.3,16.6,,,76.0,북동,2.0,1018.6
2024-10-27,06:00,구름많음,20 이상,7.0,0.0,14.7,11.6,14.7,,,82.0,북북동,1.3,1015.9
2024-10-27,07:00,구름많음,20 이상,8.0,0.0,14.4,11.5,14.4,,,83.0,북동,1.9,1015.2
2024-10-27,08:00,구름많음,20 이상,8.0,0.0,14.5,12.0,14.5,,,85.0,북동,1.9,1014.4
2024-10-27,09:00,흐림,20 이상,9.0,6.0,15.5,12.4,15.5,,,82.0,북,1.5,1014.9
2024-10-27,10:00,구름많음,20 이상,8.0,2.0,17.1,12.8,17.1,,,76.0,북동,1.3,1014.4
2024-10-27,11:00,흐림,20 이상,9.0,6.0,17.5,13.0,17.5,,,75.0,서남서,1.5,1013.9
2024-10-27,12:00,흐림,20 이상,9.0,7.0,18.3,12.9,18.3,,,71.0,서북서,2.7,1013.2
2024-10-27,13:00,흐림,20 이상,9.0,4.0,18.6,13.0,18.6,,,70.0,서북서,2.5,1012.6
2024-10-27,14:00,흐림,20 이상,10.0,3.0,18.3,12.5,18.3,,,69.0,서북서,2.5,1012.1
2024-10-27,15:00,비 끝,17.0,10.0,5.0,17.8,12.6,17.8,0.0,,72.0,서,1.9,1011.3
2024-10-27,16:00,흐림,17.9,10.0,10.0,17.6,12.4,17.6,0.0,,72.0,서,1.6,1011.8
2024-10-27,17:00,흐림,17.1,10.0,10.0,17.1,12.6,17.1,0.0,,75.0,서,2.0,1011.6
2024-10-27,18:00,흐림,11.9,9.0,5.0,16.6,12.9,16.6,0.0,,79.0,서북서,2.1,1011.7
2024-10-27,19:00,,10.3,,,16.1,12.8,16.1,0.0,,81.0,서,2.7,1012.4
2024-10-27,20:00,구름많음,9.7,8.0,8.0,15.7,12.6,15.7,0.0,,82.0,서,2.4,1013.1
2024-10-27,21:00,박무,8.8,8.0,0.0,15.4,12.3,15.4,0.0,,82.0,서,1.0,1012.6
2024-10-27,22:00,구름많음,8.6,7.0,7.0,14.9,12.2,14.9,0.0,,84.0,정온,0.2,1012.8
2024-10-27,23:00,구름많음,6.7,7.0,7.0,14.5,12.1,14.5,0.0,,86.0,서북서,0.7,1012.7
2024-10-28,06:00,박무,3.2,10.0,10.0,12.7,11.7,12.7,,,94.0,북동,1.5,1013.4
2024-10-28,07:00,박무,3.2,10.0,10.0,12.9,11.9,12.9,,,94.0,북동,2.3,1013.6
2024-10-28,08:00,박무,3.8,10.0,10.0,13.1,11.9,13.1,,,93.0,북동,2.0,1014.4
2024-10-28,09:00,박무,4.9,10.0,10.0,13.6,12.1,13.6,,,91.0,북동,2.6,1014.9
2024-10-28,10:00,박무,7.0,8.0,8.0,14.4,12.0,14.4,,,86.0,동북동,1.9,1015.2
2024-10-28,11:00,구름많음,10.0,8.0,8.0,16.0,12.3,16.0,,,79.0,북동,1.6,1015.2
2024-10-28,12:00,흐림,15.4,9.0,9.0,17.0,12.3,17.0,,,74.0,북,2.6,1015.2
2024-10-28,13:00,맑음,15.9,2.0,2.0,18.7,12.8,18.7,,,69.0,북북동,2.3,1013.9
2024-10-28,14:00,구름조금,20 이상,5.0,5.0,19.4,12.6,19.4,,,65.0,동북동,1.7,1013.4
2024-10-28,15:00,구름많음,20 이상,7.0,7.0,20.1,13.0,20.1,,,64.0,북동,1.7,1013.4
2024-10-28,16:00,흐림,20 이상,9.0,9.0,19.6,12.1,19.6,,,62.0,북동,3.1,1013.5
2024-10-28,17:00,구름많음,20 이상,7.0,7.0,19.0,11.7,19.0,,,63.0,북동,3.0,1013.8
2024-10-28,18:00,구름많음,20 이상,8.0,8.0,18.4,10.9,18.4,,,62.0,동북동,2.5,1014.6
2024-10-28,19:00,비 끝,20 이상,6.0,6.0,17.7,10.3,17.7,0.0,,62.0,북동,3.8,1015.4
2024-10-28,20:00,,20 이상,,,16.9,10.0,16.9,0.0,,64.0,북동,3.9,1016.0
2024-10-28,21:00,구름많음,20 이상,7.0,7.0,16.0,9.4,16.0,0.0,,65.0,동북동,3.7,1016.9
2024-10-28,22:00,,20 이상,,,15.7,8.8,15.7,0.0,,64.0,동북동,3.6,1017.7
2024-10-28,23:00,,20 이상,,,15.4,8.8,15.4,0.0,,65.0,동북동,2.6,1018.0
2024-10-29,06:00,구름많음,20 이상,8.0,8.0,13.5,7.7,13.5,,,68.0,북동,3.6,1017.7
2024-10-29,07:00,구름많음,20 이상,8.0,8.0,13.6,7.3,13.6,,,66.0,동북동,3.0,1017.9
2024-10-29,08:00,구름많음,20 이상,8.0,6.0,13.7,7.2,13.7,,,65.0,북동,2.6,1018.5
2024-10-29,09:00,구름많음,20 이상,8.0,2.0,14.2,7.2,14.2,,,63.0,동북동,2.7,1019.2
2024-10-29,10:00,흐림,20 이상,9.0,3.0,15.4,7.1,15.4,,,58.0,북동,2.8,1019.2
2024-10-29,11:00,약한 비 단속적,20 이상,10.0,6.0,15.6,7.3,15.6,0.0,,58.0,동북동,1.1,1019.1
2024-10-29,12:00,비 끝,20 이상,9.0,4.0,15.8,7.2,15.8,0.0,,57.0,동북동,2.4,1018.6
2024-10-29,13:00,구름많음,20 이상,8.0,5.0,16.9,7.2,16.9,0.0,,53.0,동북동,2.5,1017.9
2024-10-29,14:00,구름많음,20 이상,8.0,1.0,17.6,6.7,17.6,0.0,,49.0,북동,2.0,1017.4
2024-10-29,15:00,흐림,20 이상,9.0,6.0,18.1,7.7,18.1,0.0,,51.0,북북동,2.6,1017.1
2024-10-29,16:00,흐림,20 이상,10.0,3.0,18.0,7.9,18.0,0.0,,52.0,북,1.5,1017.4
2024-10-29,17:00,비 끝,20 이상,7.0,6.0,17.0,9.8,17.0,0.0,,63.0,북,1.9,1017.3
2024-10-29,18:00,구름조금,20 이상,4.0,4.0,16.3,9.4,16.3,0.0,,64.0,북동,1.4,1017.4
2024-10-29,19:00,,20 이상,,,15.3,8.9,15.3,0.0,,66.0,북동,0.7,1018.1
2024-10-29,20:00,,20 이상,,,15.1,9.6,15.1,0.0,,70.0,북,1.0,1018.8
2024-10-29,21:00,구름조금,20 이상,3.0,3.0,14.6,9.3,14.6,0.0,,71.0,북북동,1.8,1018.7
2024-10-29,22:00,,20 이상,,,13.9,9.3,13.9,0.0,,74.0,북동,1.3,1019.4
2024-10-29,23:00,,20 이상,,,13.9,9.1,13.9,0.0,,73.0,북동,0.8,1019.2
2024-10-30,06:00,맑음,20 이상,0.0,0.0,11.8,9.3,11.8,,,85.0,북동,0.6,1021.7
2024-10-30,07:00,맑음,20 이상,0.0,0.0,11.5,9.5,11.5,,,88.0,북북동,0.5,1022.3
2024-10-30,08:00,맑음,16.5,0.0,0.0,11.6,9.8,11.6,,,89.0,북,1.3,1022.6
2024-10-30,09:00,맑음,14.3,0.0,0.0,13.2,10.5,13.2,,,84.0,북북서,1.2,1023.1
2024-10-30,10:00,맑음,15.1,0.0,0.0,15.9,11.0,15.9,,,73.0,동북동,0.9,1022.8
2024-10-30,11:00,맑음,16.6,1.0,1.0,18.0,10.8,18.0,,,63.0,남동,1.3,1023.1
2024-10-30,12:00,맑음,17.1,0.0,0.0,19.9,11.8,19.9,,,60.0,남남동,1.2,1022.7
2024-10-30,13:00,맑음,17.1,0.0,0.0,20.6,10.6,20.6,,,53.0,남남서,2.6,1021.7
2024-10-30,14:00,맑음,19.1,0.0,0.0,21.3,10.1,21.3,,,49.0,남서,2.6,1021.0
2024-10-30,15:00,맑음,20 이상,0.0,0.0,21.2,9.4,21.2,,,47.0,서,2.4,1020.5
2024-10-30,16:00,맑음,19.9,0.0,0.0,20.8,9.0,20.8,,,47.0,서남서,2.5,1020.9
2024-10-30,17:00,맑음,20 이상,0.0,0.0,19.4,8.6,19.4,,,50.0,서,2.7,1021.3
2024-10-30,18:00,맑음,20 이상,0.0,0.0,17.8,9.9,17.8,,,60.0,북서,2.8,1021.9
2024-10-30,19:00,,17.7,,,16.9,10.7,16.9,,,67.0,북서,3.1,1022.9
2024-10-30,20:00,,15.8,,,16.2,11.1,16.2,,,72.0,북서,3.7,1023.0
2024-10-30,21:00,구름조금,15.6,4.0,0.0,15.5,10.6,15.5,,,73.0,서,1.0,1022.9
2024-10-30,22:00,,14.5,,,15.0,10.5,15.0,,,75.0,정온,0.3,1023.1
2024-10-30,23:00,,13.2,,,14.2,10.6,14.2,,,79.0,북북서,1.3,1023.3
2024-10-31,06:00,맑음,14.7,0.0,0.0,11.4,8.9,11.4,,,85.0,북동,1.1,1023.8
2024-10-31,07:00,맑음,13.0,0.0,0.0,11.2,8.9,11.2,,,86.0,북북동,1.9,1024.0
2024-10-31,08:00,맑음,14.9,2.0,0.0,11.3,9.0,11.3,,,86.0,북동,1.6,1024.4
2024-10-31,09:00,구름조금,16.7,3.0,0.0,13.5,9.7,13.5,,,78.0,북동,2.1,1024.6
2024-10-31,10:00,맑음,15.7,2.0,0.0,16.1,10.6,16.1,,,70.0,동,2.2,1024.1
2024-10-31,11:00,구름많음,19.1,6.0,2.0,18.4,10.7,18.4,,,61.0,동북동,1.2,1023.4
2024-10-31,12:00,맑음,20 이상,1.0,0.0,19.7,9.8,19.7,,,53.0,동,1.8,1023.1
2024-10-31,13:00,맑음,20 이상,0.0,0.0,21.0,9.5,21.0,,,48.0,북동,1.3,1022.1
2024-10-31,14:00,맑음,20 이상,0.0,0.0,22.0,9.1,22.0,,,44.0,남,1.6,1021.0
2024-10-31,15:00,맑음,20 이상,0.0,0.0,22.3,9.1,22.3,,,43.0,서,1.6,1021.1
2024-10-31,16:00,맑음,20 이상,0.0,0.0,22.2,9.3,22.2,,,44.0,남남동,0.9,1020.8
2024-10-31,17:00,맑음,20 이상,1.0,0.0,21.0,8.9,21.0,,,46.0,서,1.1,1020.7
2024-10-31,18:00,맑음,20 이상,2.0,0.0,18.7,9.7,18.7,,,56.0,북서,0.8,1020.7
2024-10-31,19:00,,20 이상,,,17.2,9.3,17.2,,,60.0,북서,1.5,1021.2
2024-10-31,20:00,,14.3,,,16.6,9.5,16.6,,,63.0,서북서,2.0,1021.8
2024-10-31,21:00,맑음,13.3,0.0,0.0,15.8,9.6,15.8,,,67.0,북서,0.8,1021.9
2024-10-31,22:00,,13.1,,,14.9,9.6,14.9,,,71.0,정온,0.2,1022.2
2024-10-31,23:00,,15.9,,,14.4,8.9,14.4,,,70.0,북,1.5,1022.5
2024-11-01,06:00,흐림,13.6,9.0,0.0,13.0,9.6,13.0,,,80.0,북,1.8,1021.0
2024-11-01,07:00,흐림,13.0,9.0,0.0,13.1,9.9,13.1,,,81.0,북,1.4,1021.3
2024-11-01,08:00,흐림,12.4,9.0,6.0,13.1,9.9,13.1,,,81.0,북동,1.9,1021.3
2024-11-01,09:00,흐림,10.6,10.0,6.0,13.5,10.1,13.5,,,80.0,북동,1.6,1022.0
2024-11-01,10:00,흐림,10.8,10.0,0.0,14.5,10.7,14.5,,,78.0,북동,2.6,1021.6
2024-11-01,11:00,흐림,11.9,10.0,0.0,15.8,10.3,15.8,,,70.0,북동,1.6,1020.4
2024-11-01,12:00,흐림,15.8,10.0,0.0,16.6,10.2,16.6,,,66.0,북북동,3.4,1019.9
2024-11-01,13:00,흐림,18.1,10.0,0.0,17.5,10.3,17.5,,,63.0,북북서,2.2,1019.1
2024-11-01,14:00,흐림,19.0,10.0,0.0,18.2,9.7,18.2,,,58.0,동북동,1.8,1017.9
2024-11-01,15:00,흐림,20 이상,10.0,0.0,18.6,9.6,18.6,,,56.0,북동,1.7,1017.6
2024-11-01,16:00,흐림,20 이상,10.0,0.0,18.1,9.6,18.1,,,58.0,동북동,1.4,1017.4
2024-11-01,17:00,흐림,20 이상,10.0,0.0,17.6,9.7,17.6,,,60.0,북동,1.5,1017.5
2024-11-01,18:00,흐림,20 이상,10.0,0.0,16.9,10.2,16.9,,,65.0,북서,0.9,1017.3
2024-11-01,19:00,,17.1,,,16.3,10.3,16.3,,,68.0,서북서,0.8,1017.0
2024-11-01,20:00,,14.7,,,16.0,10.5,16.0,,,70.0,북북서,1.1,1016.8
2024-11-01,21:00,흐림,14.1,10.0,0.0,15.5,10.0,15.5,,,70.0,북동,1.1,1016.6
2024-11-01,22:00,,12.9,,,15.2,10.5,15.2,,,74.0,북,1.6,1016.1
2024-11-01,23:00,,13.2,,,15.0,10.5,15.0,,,75.0,정온,0.3,1015.8
2024-11-02,06:00,맑음,20 이상,0.0,0.0,13.3,8.5,13.3,,,73.0,동북동,1.0,1015.0
2024-11-02,07:00,맑음,20 이상,0.0,0.0,13.1,8.1,13.1,,,72.0,북,0.7,1015.4
2024-11-02,08:00,맑음,20 이상,0.0,0.0,13.2,7.8,13.2,,,70.0,서,1.8,1016.3
2024-11-02,09:00,맑음,20 이상,0.0,0.0,15.2,8.6,15.2,,,65.0,서,1.3,1017.0
2024-11-02,10:00,맑음,20 이상,0.0,0.0,19.1,9.5,19.1,,,54.0,북동,3.7,1017.4
2024-11-02,11:00,맑음,20 이상,2.0,0.0,21.0,10.7,21.0,,,52.0,북동,2.7,1017.4
2024-11-02,12:00,구름조금,20 이상,3.0,0.0,22.3,10.7,22.3,,,48.0,북동,2.7,1016.9
2024-11-02,13:00,구름조금,20 이상,4.0,0.0,23.6,11.6,23.6,,,47.0,북동,3.4,1016.6
2024-11-02,14:00,맑음,20 이상,1.0,0.0,24.0,10.9,24.0,,,44.0,동북동,2.7,1016.3
2024-11-02,15:00,맑음,20 이상,1.0,1.0,24.8,11.0,24.8,,,42.0,서,1.5,1016.4
2024-11-02,16:00,맑음,20 이상,1.0,1.0,24.7,10.9,24.7,,,42.0,서,2.6,1016.5
2024-11-02,17:00,맑음,20 이상,0.0,0.0,23.2,10.2,23.2,,,44.0,북서,2.2,1017.1
2024-11-02,18:00,맑음,20 이상,0.0,0.0,21.2,10.3,21.2,,,50.0,북서,3.2,1018.1
2024-11-02,19:00,,20 이상,,,19.8,10.2,19.8,,,54.0,북북동,1.9,1019.1
2024-11-02,20:00,,20 이상,,,19.1,10.1,19.1,,,56.0,동,1.5,1020.0
2024-11-02,21:00,맑음,20 이상,0.0,0.0,18.0,9.6,18.0,,,58.0,동북동,1.3,1021.0
2024-11-02,22:00,,20 이상,,,16.7,10.0,16.7,,,65.0,북동,2.4,1021.7
2024-11-02,23:00,,20 이상,,,16.0,10.0,16.0,,,68.0,북동,2.5,1022.1
2024-11-03,06:00,맑음,20 이상,0.0,0.0,13.3,9.5,13.3,,,78.0,동북동,1.8,1022.5
2024-11-03,07:00,맑음,20 이상,0.0,0.0,13.0,9.6,13.0,,,80.0,북동,2.4,1022.7
2024-11-03,08:00,맑음,20 이상,0.0,0.0,13.4,10.0,13.4,,,80.0,북동,2.7,1023.0
2024-11-03,09:00,맑음,20 이상,0.0,0.0,15.0,10.3,15.0,,,74.0,북동,2.6,1023.1
2024-11-03,10:00,맑음,20 이상,0.0,0.0,17.2,11.0,17.2,,,67.0,동북동,2.0,1022.9
2024-11-03,11:00,맑음,20 이상,0.0,0.0,19.4,11.4,19.4,,,60.0,동남동,1.6,1022.1
2024-11-03,12:00,맑음,20 이상,0.0,0.0,20.7,11.3,20.7,,,55.0,동남동,2.1,1021.1
2024-11-03,13:00,맑음,20 이상,0.0,0.0,22.9,11.9,22.9,,,50.0,남,2.1,1019.9
2024-11-03,14:00,구름조금,20 이상,3.0,3.0,23.2,11.8,23.2,,,49.0,남남서,2.7,1019.4
2024-11-03,15:00,구름조금,20 이상,4.0,4.0,22.3,11.3,22.3,,,50.0,남서,3.5,1019.3
2024-11-03,16:00,구름조금,20 이상,3.0,3.0,22.1,12.6,22.1,,,55.0,서남서,2.4,1019.3
2024-11-03,17:00,구름조금,20 이상,5.0,5.0,20.6,13.5,20.6,,,64.0,서남서,2.3,1019.2
2024-11-03,18:00,구름많음,18.1,6.0,6.0,19.6,14.8,19.6,,,74.0,남서,2.7,1019.2
2024-11-03,19:00,,18.9,,,19.1,14.9,19.1,,,77.0,남남서,2.8,1019.6
2024-11-03,20:00,,15.6,,,18.8,15.4,18.8,,,81.0,남남서,2.8,1019.7
2024-11-03,21:00,비 끝,14.3,8.0,8.0,18.8,15.6,18.8,0.0,,82.0,남,2.2,1019.4
2024-11-03,22:00,,17.0,,,18.1,14.7,18.1,0.0,,81.0,남남서,2.3,1019.6
2024-11-03,23:00,,18.7,,,17.7,14.3,17.7,0.0,,81.0,남남서,2.9,1019.4
2024-11-04,06:00,구름조금,12.3,3.0,3.0,16.5,14.1,16.5,0.1,,86.0,서남서,0.6,1017.7
2024-11-04,07:00,구름많음,11.2,8.0,8.0,16.5,14.1,16.5,0.1,,86.0,서남서,1.5,1017.8
2024-11-04,08:00,구름많음,10.3,6.0,6.0,16.6,14.4,16.6,0.1,,87.0,서남서,2.2,1018.6
2024-11-04,09:00,구름많음,10.5,8.0,3.0,17.1,14.3,17.1,0.1,,84.0,서,2.5,1019.5
2024-11-04,10:00,구름많음,12.6,6.0,3.0,17.5,12.8,17.5,0.1,,74.0,북서,2.4,1019.5
2024-11-04,11:00,구름많음,19.6,8.0,4.0,17.4,9.7,17.4,0.1,,61.0,서북서,3.2,1019.9
2024-11-04,12:00,구름많음,20 이상,8.0,1.0,17.8,4.7,17.8,0.1,,42.0,서북서,3.5,1020.0
2024-11-04,13:00,구름많음,20 이상,7.0,0.0,17.8,4.7,17.8,0.1,,42.0,북서,5.2,1020.0
2024-11-04,14:00,구름조금,20 이상,4.0,3.0,17.7,6.8,17.7,0.1,,49.0,북서,3.3,1019.4
2024-11-04,15:00,구름많음,20 이상,6.0,1.0,17.6,4.8,17.6,0.1,,43.0,북서,4.4,1019.4
2024-11-04,16:00,구름많음,20 이상,6.0,1.0,16.4,5.3,16.4,0.1,,48.0,서북서,4.6,1019.7
2024-11-04,17:00,맑음,20 이상,2.0,0.0,15.1,3.8,15.1,0.1,,47.0,서북서,2.9,1019.9
2024-11-04,18:00,맑음,20 이상,1.0,0.0,13.3,1.5,13.3,0.1,,45.0,서,2.3,1020.5
2024-11-04,19:00,,20 이상,,,12.2,1.2,12.2,0.1,,47.0,북서,3.2,1021.3
2024-11-04,20:00,,20 이상,,,11.1,0.7,11.1,0.1,,49.0,북서,4.1,1021.9
2024-11-04,21:00,맑음,20 이상,2.0,0.0,10.3,0.8,10.3,0.1,,52.0,북서,2.0,1022.2
2024-11-04,22:00,,20 이상,,,9.8,0.9,9.2,0.1,,54.0,서북서,1.7,1022.5
2024-11-04,23:00,,20 이상,,,9.3,0.9,8.1,0.1,,56.0,서,2.4,1023.0
2024-11-05,06:00,구름많음,20 이상,6.0,0.0,6.6,0.4,6.6,,,65.0,서,1.2,1022.6
2024-11-05,07:00,맑음,20 이상,1.0,0.0,6.0,0.3,6.0,,,67.0,서,1.3,1022.6
2024-11-05,08:00,맑음,20 이상,0.0,0.0,5.6,0.7,4.4,,,71.0,서,1.7,1023.0
2024-11-05,09:00,맑음,20 이상,0.0,0.0,7.4,1.4,7.4,,,66.0,서,1.1,1023.0
2024-11-05,10:00,맑음,20 이상,0.0,0.0,10.0,2.3,8.9,,,59.0,서,2.3,1022.8
2024-11-05,11:00,구름조금,20 이상,4.0,2.0,11.7,1.8,11.7,,,51.0,서,2.5,1022.3
2024-11-05,12:00,구름조금,20 이상,3.0,0.0,12.8,2.0,12.8,,,48.0,서북서,2.7,1021.3
2024-11-05,13:00,구름조금,20 이상,5.0,2.0,13.5,1.7,13.5,,,45.0,서,4.2,1020.6
2024-11-05,14:00,구름조금,20 이상,4.0,0.0,14.3,2.5,14.3,,,45.0,북서,3.0,1019.8
2024-11-05,15:00,구름많음,20 이상,7.0,0.0,14.4,2.2,14.4,,,44.0,서북서,3.3,1019.7
2024-11-05,16:00,맑음,20 이상,2.0,0.0,13.1,-0.5,13.1,,,39.0,서북서,4.1,1020.3
2024-11-05,17:00,맑음,20 이상,1.0,0.0,12.0,-2.6,12.0,,,36.0,서,3.1,1020.6
2024-11-05,18:00,맑음,20 이상,0.0,0.0,10.6,-5.4,10.6,,,32.0,서,2.5,1021.3
2024-11-05,19:00,,20 이상,,,9.5,-7.2,8.2,,,30.0,서북서,2.5,1022.3
2024-11-05,20:00,,20 이상,,,8.4,-6.9,8.4,,,33.0,북서,1.3,1022.6
2024-11-05,21:00,맑음,20 이상,0.0,0.0,7.3,-6.4,7.3,,,37.0,서,1.0,1023.1
2024-11-05,22:00,,20 이상,,,6.4,-6.5,6.4,,,39.0,서남서,0.7,1023.5
2024-11-05,23:00,,20 이상,,,6.4,-5.6,5.4,,,42.0,북서,1.6,1023.8
2024-11-06,06:00,맑음,20 이상,0.0,0.0,4.2,-2.8,4.2,,,60.0,서북서,1.1,1025.0
2024-11-06,07:00,맑음,20 이상,0.0,0.0,5.1,-2.0,2.7,,,60.0,서북서,2.9,1025.4
2024-11-06,08:00,맑음,20 이상,0.0,0.0,5.0,-2.1,3.7,,,60.0,서북서,1.7,1025.9
2024-11-06,09:00,맑음,20 이상,0.0,0.0,7.0,-1.9,4.6,,,53.0,서북서,3.5,1026.5
2024-11-06,10:00,맑음,20 이상,0.0,0.0,8.1,-1.7,5.9,,,50.0,북서,3.6,1026.4
2024-11-06,11:00,맑음,20 이상,0.0,0.0,9.3,-2.9,7.0,,,42.0,서북서,4.3,1026.4
2024-11-06,12:00,맑음,20 이상,0.0,0.0,10.9,-3.2,10.9,,,37.0,서,3.3,1025.8
2024-11-06,13:00,맑음,20 이상,0.0,0.0,11.5,-5.0,11.5,,,31.0,서,3.3,1025.4
2024-11-06,14:00,맑음,20 이상,0.0,0.0,11.8,-5.6,11.8,,,29.0,서,2.7,1025.2
2024-11-06,15:00,맑음,20 이상,0.0,0.0,12.4,-4.2,12.4,,,31.0,서,3.0,1025.3
2024-11-06,16:00,맑음,20 이상,0.0,0.0,11.9,-4.3,11.9,,,32.0,서,2.6,1025.6
2024-11-06,17:00,맑음,20 이상,0.0,0.0,10.4,-4.4,10.4,,,35.0,서북서,3.2,1026.1
2024-11-06,18:00,맑음,20 이상,0.0,0.0,9.0,-4.5,7.7,,,38.0,서,2.4,1026.6
2024-11-06,19:00,,20 이상,,,8.5,-4.6,6.3,,,39.0,북서,3.7,1026.9
2024-11-06,20:00,,20 이상,,,7.7,-4.4,5.7,,,42.0,북서,3.1,1027.5
2024-11-06,21:00,맑음,20 이상,0.0,0.0,6.7,-4.1,5.4,,,46.0,서북서,1.9,1027.7
2024-11-06,22:00,,20 이상,,,6.1,-4.3,4.7,,,47.0,서,1.9,1028.5
2024-11-06,23:00,,20 이상,,,5.2,-4.3,5.2,,,50.0,서북서,1.2,1028.8
2024-11-07,06:00,맑음,20 이상,0.0,0.0,2.0,-4.1,-0.0,,,64.0,북동,1.9,1029.9
2024-11-07,07:00,맑음,20 이상,0.0,0.0,1.7,-3.9,-1.0,,,66.0,북북동,2.5,1030.6
2024-11-07,08:00,맑음,20 이상,0.0,0.0,1.9,-3.5,-0.3,,,67.0,동북동,2.0,1031.2
2024-11-07,09:00,맑음,19.8,0.0,0.0,4.5,-2.8,3.2,,,59.0,동북동,1.6,1031.2
2024-11-07,10:00,맑음,18.2,0.0,0.0,8.0,-1.5,8.0,,,51.0,동북동,1.2,1031.2
2024-11-07,11:00,맑음,20 이상,0.0,0.0,10.4,-2.9,10.4,,,39.0,동남동,1.0,1030.8
2024-11-07,12:00,맑음,20 이상,0.0,0.0,11.7,-3.2,11.7,,,35.0,서북서,1.1,1030.2
2024-11-07,13:00,맑음,20 이상,0.0,0.0,14.2,-1.8,14.2,,,33.0,남남서,1.8,1029.3
2024-11-07,14:00,맑음,20 이상,0.0,0.0,14.5,-2.8,14.5,,,30.0,서북서,1.5,1028.7
2024-11-07,15:00,맑음,20 이상,0.0,0.0,15.4,-2.5,15.4,,,29.0,남서,1.6,1028.4
2024-11-07,16:00,맑음,20 이상,0.0,0.0,15.0,-2.9,15.0,,,29.0,서남서,1.4,1028.3
2024-11-07,17:00,맑음,19.9,0.0,0.0,13.2,-2.3,13.2,,,34.0,서,2.4,1028.5
2024-11-07,18:00,맑음,20 이상,0.0,0.0,10.9,-2.5,10.9,,,39.0,서,2.0,1028.7
2024-11-07,19:00,,20 이상,,,10.0,-2.6,9.6,,,41.0,서북서,1.5,1029.1
2024-11-07,20:00,,20 이상,,,9.1,-2.2,9.1,,,45.0,서북서,1.2,1029.5
2024-11-07,21:00,맑음,18.9,0.0,0.0,8.2,-2.1,8.2,,,48.0,북북동,1.3,1029.8
2024-11-07,22:00,,20 이상,,,7.7,-2.3,7.7,,,49.0,북동,0.9,1029.9
2024-11-07,23:00,,20 이상,,,7.3,-2.7,6.2,,,49.0,북북동,1.8,1029.9
2024-11-08,06:00,맑음,20 이상,0.0,0.0,3.5,-2.6,1.7,,,64.0,북북동,1.9,1029.3
2024-11-08,07:00,맑음,20 이상,0.0,0.0,3.2,-2.3,1.5,,,67.0,북동,1.8,1029.6
2024-11-08,08:00,맑음,19.4,0.0,0.0,3.4,-1.9,1.6,,,68.0,북동,1.9,1029.6
2024-11-08,09:00,맑음,18.2,0.0,0.0,6.0,-1.6,6.0,,,58.0,북동,1.3,1029.7
2024-11-08,10:00,맑음,20 이상,0.0,0.0,9.6,-0.6,9.6,,,49.0,동,1.3,1029.6
2024-11-08,11:00,맑음,20 이상,0.0,0.0,12.6,-0.3,12.6,,,41.0,동,1.6,1029.0
2024-11-08,12:00,맑음,20 이상,0.0,0.0,14.7,0.5,14.7,,,38.0,동북동,1.5,1027.9
2024-11-08,13:00,맑음,20 이상,0.0,0.0,16.5,1.3,16.5,,,36.0,동남동,2.2,1026.8
2024-11-08,14:00,맑음,20 이상,0.0,0.0,17.1,3.3,17.1,,,40.0,북서,1.9,1026.1
2024-11-08,15:00,맑음,20 이상,0.0,0.0,18.0,2.6,18.0,,,36.0,동남동,1.0,1025.8
2024-11-08,16:00,맑음,20 이상,0.0,0.0,17.3,1.2,17.3,,,34.0,북북서,1.6,1025.9
2024-11-08,17:00,맑음,19.3,0.0,0.0,15.5,2.2,15.5,,,41.0,서북서,2.7,1025.8
2024-11-08,18:00,구름조금,17.8,5.0,0.0,13.6,1.8,13.6,,,45.0,서북서,2.1,1026.0
2024-11-08,19:00,,20 이상,,,12.4,0.7,12.4,,,45.0,서,2.0,1026.7
2024-11-08,20:00,,20 이상,,,11.6,1.2,11.6,,,49.0,서북서,1.2,1026.9
2024-11-08,21:00,맑음,19.3,0.0,0.0,10.8,1.5,10.8,,,53.0,정온,0.2,1027.0
2024-11-08,22:00,,18.8,,,10.2,2.2,10.2,,,58.0,정온,0.0,1027.5
2024-11-08,23:00,,18.0,,,9.6,1.9,9.6,,,59.0,서,1.1,1027.3
2024-11-09,06:00,맑음,19.7,0.0,0.0,6.9,0.9,5.5,,,66.0,북북동,2.1,1027.3
2024-11-09,07:00,맑음,20 이상,0.0,0.0,6.9,0.9,6.0,,,66.0,북북동,1.6,1027.4
2024-11-09,08:00,맑음,19.4,0.0,0.0,7.1,1.7,6.0,,,69.0,북북동,1.8,1028.0
2024-11-09,09:00,맑음,19.1,0.0,0.0,9.1,2.6,8.5,,,64.0,동북동,1.6,1028.0
2024-11-09,10:00,맑음,20 이상,0.0,0.0,12.4,3.5,12.4,,,55.0,동북동,1.7,1027.7
2024-11-09,11:00,맑음,20 이상,0.0,0.0,15.5,4.8,15.5,,,49.0,동,2.2,1027.2
2024-11-09,12:00,맑음,20 이상,0.0,0.0,17.7,6.2,17.7,,,47.0,동,1.5,1026.4
2024-11-09,13:00,맑음,20 이상,0.0,0.0,18.9,6.0,18.9,,,43.0,동,1.8,1025.8
2024-11-09,14:00,맑음,20 이상,0.0,0.0,19.8,5.7,19.8,,,40.0,남동,1.0,1025.3
2024-11-09,15:00,맑음,20 이상,0.0,0.0,20.2,4.6,20.2,,,36.0,서북서,0.9,1024.9
2024-11-09,16:00,구름많음,20 이상,6.0,0.0,19.5,4.0,19.5,,,36.0,북북서,1.0,1024.6
2024-11-09,17:00,구름조금,20 이상,5.0,0.0,17.6,6.1,17.6,,,47.0,서,1.1,1024.7
2024-11-09,18:00,구름조금,20 이상,3.0,0.0,15.8,5.3,15.8,,,50.0,서북서,1.0,1024.9
2024-11-09,19:00,,20 이상,,,14.7,5.2,14.7,,,53.0,서,2.1,1025.3
2024-11-09,20:00,,20 이상,,,14.0,5.6,14.0,,,57.0,북북동,0.9,1025.3
2024-11-09,21:00,구름조금,20 이상,5.0,0.0,13.4,5.2,13.4,,,58.0,북북동,1.0,1025.2
2024-11-09,22:00,,18.1,,,12.7,5.5,12.7,,,62.0,북북동,1.3,1025.4
2024-11-09,23:00,,20 이상,,,12.0,5.3,12.0,,,64.0,북북동,1.9,1025.6
2024-11-10,06:00,흐림,20 이상,10.0,0.0,10.4,5.5,10.4,,,72.0,북동,2.1,1023.3
2024-11-10,07:00,흐림,20 이상,10.0,0.0,10.4,5.3,10.4,,,71.0,북동,1.5,1023.4
2024-11-10,08:00,흐림,20 이상,10.0,0.0,10.8,5.9,10.8,,,72.0,북북동,0.7,1023.6
2024-11-10,09:00,흐림,20 이상,10.0,6.0,11.4,6.3,11.4,,,71.0,북동,1.6,1023.8
2024-11-10,10:00,흐림,20 이상,9.0,9.0,13.5,7.0,13.5,,,65.0,동북동,1.4,1023.3
2024-11-10,11:00,구름많음,20 이상,6.0,6.0,15.8,7.5,15.8,,,58.0,동북동,1.5,1022.6
2024-11-10,12:00,맑음,20 이상,1.0,1.0,17.7,8.5,17.7,,,55.0,동북동,1.3,1021.5
2024-11-10,13:00,맑음,20 이상,2.0,0.0,20.0,9.2,20.0,,,50.0,남,2.0,1020.4
2024-11-10,14:00,맑음,20 이상,0.0,0.0,20.3,8.6,20.3,,,47.0,북서,1.3,1019.5
2024-11-10,15:00,맑음,20 이상,0.0,0.0,20.9,8.8,20.9,,,46.0,서남서,2.2,1019.2
2024-11-10,16:00,맑음,20 이상,0.0,0.0,20.4,8.3,20.4,,,46.0,서남서,2.8,1019.2
2024-11-10,17:00,맑음,20 이상,0.0,0.0,18.6,7.9,18.6,,,50.0,서남서,1.9,1019.3
2024-11-10,18:00,맑음,20 이상,0.0,0.0,16.9,8.3,16.9,,,57.0,서,1.8,1020.0
2024-11-10,19:00,,20 이상,,,15.8,9.4,15.8,,,66.0,서북서,2.4,1020.4
2024-11-10,20:00,,20 이상,,,15.3,9.1,15.3,,,67.0,북서,3.0,1020.8
2024-11-10,21:00,맑음,20 이상,0.0,0.0,14.6,8.3,14.6,,,66.0,서,2.4,1020.7
2024-11-10,22:00,,18.6,,,13.9,7.8,13.9,,,67.0,서,1.2,1020.8
2024-11-10,23:00,,16.5,,,13.2,8.4,13.2,,,73.0,서북서,1.3,1020.9
2024-11-11,06:00,맑음,14.5,0.0,0.0,10.1,7.1,10.1,,,82.0,정온,0.2,1020.7
2024-11-11,07:00,맑음,12.3,0.0,0.0,10.0,7.0,10.0,,,82.0,서북서,0.7,1021.1
2024-11-11,08:00,맑음,11.6,0.0,0.0,9.8,6.5,9.8,,,80.0,정온,0.1,1021.6
2024-11-11,09:00,맑음,12.6,0.0,0.0,11.3,6.2,11.3,,,71.0,동북동,1.0,1021.9
2024-11-11,10:00,맑음,12.3,0.0,0.0,14.0,7.2,14.0,,,64.0,동,0.7,1021.3
2024-11-11,11:00,맑음,12.4,0.0,0.0,16.3,6.6,16.3,,,53.0,동남동,1.5,1021.0
2024-11-11,12:00,맑음,14.3,0.0,0.0,17.8,6.9,17.8,,,49.0,북동,1.9,1020.2
2024-11-11,13:00,맑음,19.3,0.0,0.0,19.2,6.6,19.2,,,44.0,북동,2.1,1018.9
2024-11-11,14:00,맑음,20 이상,0.0,0.0,20.4,7.0,20.4,,,42.0,동북동,0.8,1017.9
2024-11-11,15:00,맑음,20 이상,0.0,0.0,21.6,6.6,21.6,,,38.0,동남동,1.4,1017.3
2024-11-11,16:00,맑음,20 이상,0.0,0.0,21.1,5.4,21.1,,,36.0,동남동,1.4,1017.0
2024-11-11,17:00,맑음,20 이상,0.0,0.0,19.7,6.4,19.7,,,42.0,남서,1.6,1016.9
2024-11-11,18:00,맑음,13.2,1.0,0.0,17.3,7.8,17.3,,,54.0,서,2.4,1017.3
2024-11-11,19:00,,11.7,,,15.9,7.8,15.9,,,59.0,서,2.4,1017.8
2024-11-11,20:00,,12.7,,,15.2,7.9,15.2,,,62.0,서,2.8,1018.3
2024-11-11,21:00,구름조금,11.3,3.0,0.0,14.5,7.9,14.5,,,65.0,서남서,1.7,1018.3
2024-11-11,22:00,,11.0,,,13.9,8.2,13.9,,,69.0,남서,1.3,1018.7
2024-11-11,23:00,구름조금,9.1,3.0,3.0,13.2,8.4,13.2,,,73.0,서,1.2,1019.0
2024-11-12,06:00,흐림,18.8,9.0,9.0,12.9,8.3,12.9,,,74.0,서,1.8,1018.4
2024-11-12,07:00,맑음,15.7,0.0,0.0,11.9,7.9,11.9,,,77.0,서,1.2,1018.5
2024-11-12,08:00,맑음,12.7,0.0,0.0,11.4,8.0,11.4,,,80.0,서,1.7,1019.2
2024-11-12,09:00,맑음,12.1,0.0,0.0,12.2,8.6,12.2,,,79.0,서,1.5,1019.7
2024-11-12,10:00,맑음,15.4,0.0,0.0,14.0,8.3,14.0,,,69.0,서북서,3.2,1019.8
2024-11-12,11:00,맑음,20 이상,0.0,0.0,15.8,5.9,15.8,,,52.0,서,3.3,1019.7
2024-11-12,12:00,맑음,20 이상,0.0,0.0,17.2,5.1,17.2,,,45.0,서남서,3.0,1018.9
2024-11-12,13:00,맑음,20 이상,0.0,0.0,17.5,5.4,17.5,,,45.0,서북서,2.6,1018.6
2024-11-12,14:00,맑음,18.0,0.0,0.0,18.5,6.9,18.5,,,47.0,서,3.0,1017.7
2024-11-12,15:00,맑음,19.0,0.0,0.0,19.0,8.3,19.0,,,50.0,서,3.3,1017.6
2024-11-12,16:00,맑음,20 이상,0.0,0.0,18.6,7.3,18.6,,,48.0,서남서,3.3,1017.7
2024-11-12,17:00,맑음,20 이상,0.0,0.0,17.0,7.0,17.0,,,52.0,서,3.2,1018.4
2024-11-12,18:00,맑음,20 이상,0.0,0.0,15.6,8.0,15.6,,,61.0,서,3.5,1018.9
2024-11-12,19:00,,15.6,,,14.5,9.0,14.5,,,70.0,서북서,2.2,1019.7
2024-11-12,20:00,,13.9,,,13.9,9.1,13.9,,,73.0,서북서,2.0,1020.0
2024-11-12,21:00,맑음,13.1,1.0,0.0,13.2,8.6,13.2,,,74.0,서,1.2,1020.2
2024-11-12,22:00,,14.4,,,12.3,7.7,12.3,,,74.0,북서,0.7,1020.8
2024-11-12,23:00,,18.2,,,11.6,6.5,11.6,,,71.0,북북동,1.8,1020.9
2024-11-13,06:00,맑음,15.8,0.0,0.0,8.4,5.1,7.8,,,80.0,북동,1.5,1022.1
2024-11-13,07:00,맑음,17.9,0.0,0.0,8.4,4.7,7.4,,,78.0,북동,1.9,1022.2
2024-11-13,08:00,맑음,17.7,0.0,0.0,8.8,5.3,7.7,,,79.0,북동,2.1,1023.0
2024-11-13,09:00,맑음,19.5,0.0,0.0,10.9,6.2,10.9,,,73.0,동북동,2.2,1023.3
2024-11-13,10:00,맑음,20 이상,0.0,0.0,14.0,7.0,14.0,,,63.0,동북동,2.6,1023.2
2024-11-13,11:00,맑음,20 이상,0.0,0.0,16.4,8.1,16.4,,,58.0,동,2.8,1022.8
2024-11-13,12:00,맑음,20 이상,0.0,0.0,18.1,8.6,18.1,,,54.0,동,2.7,1022.2
2024-11-13,13:00,맑음,20 이상,0.0,0.0,19.5,9.0,19.5,,,51.0,동남동,2.5,1021.0
2024-11-13,14:00,맑음,20 이상,1.0,0.0,20.6,8.5,20.6,,,46.0,남서,1.8,1020.4
2024-11-13,15:00,맑음,20 이상,2.0,0.0,20.7,7.3,20.7,,,42.0,남동,2.6,1020.4
2024-11-13,16:00,구름조금,19.6,3.0,0.0,20.3,7.6,20.3,,,44.0,남,2.6,1020.8
2024-11-13,17:00,구름조금,20 이상,3.0,0.0,18.6,7.3,18.6,,,48.0,남,3.0,1021.1
2024-11-13,18:00,구름조금,20 이상,3.0,0.0,17.2,6.9,17.2,,,51.0,서,1.5,1021.6
2024-11-13,19:00,,16.4,,,16.2,7.6,16.2,,,57.0,정온,0.4,1021.7
2024-11-13,20:00,,15.9,,,15.6,7.8,15.6,,,60.0,서북서,1.2,1021.9
2024-11-13,21:00,구름조금,14.9,5.0,5.0,14.7,7.4,14.7,,,62.0,북,1.0,1021.8
2024-11-13,22:00,,16.3,,,14.4,7.4,14.4,,,63.0,북북동,1.9,1021.7
2024-11-13,23:00,,17.3,,,14.3,7.5,14.3,,,64.0,북동,1.2,1021.6
2024-11-14,06:00,구름많음,20 이상,8.0,6.0,13.6,8.2,13.6,,,70.0,동북동,2.0,1021.3
2024-11-14,07:00,구름많음,20 이상,7.0,4.0,13.6,8.2,13.6,,,70.0,동북동,2.0,1021.0
2024-11-14,08:00,구름많음,20 이상,6.0,2.0,13.6,8.4,13.6,,,71.0,북동,1.8,1021.4
2024-11-14,09:00,흐림,20 이상,9.0,3.0,14.4,8.7,14.4,,,69.0,동북동,1.8,1021.6
2024-11-14,10:00,흐림,20 이상,10.0,1.0,15.5,8.9,15.5,,,65.0,동북동,1.7,1021.6
2024-11-14,11:00,약한 비 단속적,19.8,10.0,3.0,15.4,9.5,15.4,0.0,,68.0,동남동,1.7,1021.2
2024-11-14,12:00,비 끝,20 이상,9.0,9.0,15.9,9.0,15.9,0.1,,64.0,남동,2.0,1020.4
2024-11-14,13:00,흐림,20 이상,9.0,6.0,16.6,9.5,16.6,0.1,,63.0,동북동,1.7,1019.6
2024-11-14,14:00,흐림,20 이상,10.0,2.0,16.5,9.1,16.5,0.1,,62.0,북동,2.5,1019.1
2024-11-14,15:00,흐림,20 이상,10.0,3.0,16.7,9.1,16.7,0.1,,61.0,북북동,2.2,1018.9
2024-11-14,16:00,흐림,20 이상,10.0,10.0,16.3,9.2,16.3,0.1,,63.0,북동,2.1,1018.7
2024-11-14,17:00,약한 비 단속적,20 이상,10.0,3.0,15.7,9.5,15.7,0.1,,67.0,북동,3.0,1018.1
2024-11-14,18:00,약한 비 단속적,20 이상,10.0,2.0,15.3,9.4,15.3,0.1,,68.0,북동,2.4,1018.3
2024-11-14,19:00,약한 비 단속적,20 이상,5.0,2.0,14.7,8.8,14.7,0.1,,68.0,북동,1.9,1018.2
2024-11-14,20:00,비 끝,20 이상,9.0,6.0,14.4,8.9,14.4,0.1,,70.0,북북동,1.6,1018.7
2024-11-14,21:00,흐림,20 이상,10.0,10.0,14.4,9.6,14.4,0.1,,73.0,북북동,1.9,1018.7
2024-11-14,22:00,,20 이상,,,14.4,9.6,14.4,0.1,,73.0,북동,1.1,1018.8
2024-11-14,23:00,,20 이상,,,14.5,10.1,14.5,0.1,,75.0,북동,2.0,1018.5
2024-11-15,06:00,흐림,19.1,9.0,9.0,14.2,10.0,14.2,,,76.0,동남동,1.3,1018.5
2024-11-15,07:00,흐림,17.6,9.0,9.0,14.1,10.1,14.1,,,77.0,북북동,1.8,1018.9
2024-11-15,08:00,흐림,19.8,9.0,9.0,14.2,10.0,14.2,,,76.0,동,0.9,1019.1
2024-11-15,09:00,비 끝,18.5,9.0,9.0,14.7,10.8,14.7,0.0,,78.0,동북동,1.7,1019.4
2024-11-15,10:00,구름많음,19.4,8.0,8.0,15.4,11.1,15.4,0.0,,76.0,동,1.1,1019.4
2024-11-15,11:00,흐림,20 이상,9.0,9.0,16.5,11.0,16.5,0.0,,70.0,남동,2.5,1018.8
2024-11-15,12:00,구름많음,18.0,7.0,5.0,17.8,11.3,17.8,0.0,,66.0,북동,1.6,1018.5
2024-11-15,13:00,맑음,20 이상,0.0,0.0,20.1,11.5,20.1,0.0,,58.0,동,1.3,1017.4
2024-11-15,14:00,맑음,19.9,0.0,0.0,20.9,11.2,20.9,0.0,,54.0,동남동,1.8,1016.7
2024-11-15,15:00,맑음,18.7,0.0,0.0,20.9,11.2,20.9,0.0,,54.0,북동,2.8,1016.3
2024-11-15,16:00,맑음,20 이상,0.0,0.0,21.3,10.7,21.3,0.0,,51.0,동남동,1.4,1016.5
2024-11-15,17:00,맑음,20 이상,2.0,2.0,20.0,8.9,20.0,0.0,,49.0,동남동,2.1,1016.8
2024-11-15,18:00,구름많음,20 이상,6.0,6.0,19.0,9.1,19.0,0.0,,53.0,동남동,2.3,1017.3
2024-11-15,19:00,,20 이상,,,18.8,9.5,18.8,0.0,,55.0,동남동,1.3,1017.8
2024-11-15,20:00,,20 이상,,,18.6,9.3,18.6,0.0,,55.0,동북동,1.4,1017.9
2024-11-15,21:00,구름조금,20 이상,4.0,4.0,18.3,9.3,18.3,0.0,,56.0,동,2.2,1017.7
2024-11-15,22:00,,20 이상,,,17.3,9.2,17.3,0.0,,59.0,동북동,2.0,1018.0
2024-11-15,23:00,,20 이상,,,16.5,9.1,16.5,0.0,,62.0,동,1.8,1018.1
2024-11-16,06:00,구름많음,20 이상,8.0,8.0,15.8,9.8,15.8,,,68.0,동북동,0.7,1017.0
2024-11-16,07:00,맑음,20 이상,1.0,1.0,15.3,9.6,15.3,,,69.0,북,0.6,1016.4
2024-11-16,08:00,구름조금,20 이상,4.0,1.0,14.8,9.7,14.8,,,72.0,동,0.6,1016.5
2024-11-16,09:00,구름많음,20 이상,8.0,8.0,16.4,10.9,16.4,,,70.0,남동,0.9,1017.0
2024-11-16,10:00,맑음,20 이상,2.0,2.0,18.5,11.5,18.5,,,64.0,남동,1.7,1016.6
2024-11-16,11:00,맑음,20 이상,1.0,1.0,20.9,11.2,20.9,,,54.0,남남동,1.4,1015.7
2024-11-16,12:00,구름많음,20 이상,6.0,6.0,21.2,9.7,21.2,,,48.0,남남서,2.8,1014.9
2024-11-16,13:00,구름많음,20 이상,7.0,7.0,21.8,10.6,21.8,,,49.0,남남서,3.5,1013.5
2024-11-16,14:00,흐림,20 이상,9.0,9.0,21.4,11.4,21.4,,,53.0,남남서,2.7,1013.0
2024-11-16,15:00,약한 비 단속적,20 이상,10.0,7.0,19.7,11.7,19.7,0.0,,60.0,서,2.7,1013.1
2024-11-16,16:00,약한 비 단속적,5.2,10.0,8.0,16.8,13.5,16.8,0.5,,81.0,서남서,1.2,1013.6
2024-11-16,17:00,약한 비 연속적,4.5,10.0,8.0,16.1,14.1,16.1,2.5,,88.0,남,2.7,1013.3
2024-11-16,18:00,약한 비 연속적,1.8,10.0,9.0,16.1,14.7,16.1,2.9,,92.0,남남서,2.4,1013.6
2024-11-16,19:00,보통 비 연속적,4.8,10.0,9.0,16.3,14.9,16.3,6.5,,92.0,서남서,2.4,1014.0
2024-11-16,20:00,비 끝,5.3,10.0,8.0,16.1,14.6,16.1,6.5,,91.0,서남서,3.2,1014.5
2024-11-16,21:00,비 끝,4.9,10.0,7.0,16.0,14.6,16.0,6.5,,92.0,남서,3.1,1014.6
2024-11-16,22:00,흐림,4.3,10.0,7.0,15.8,14.3,15.8,6.5,,91.0,서남서,2.9,1014.4
2024-11-16,23:00,구름많음,5.6,6.0,6.0,15.4,13.7,15.4,6.5,,90.0,서남서,3.9,1015.0
2024-11-17,06:00,흐림,20 이상,10.0,10.0,8.1,1.2,5.7,,,62.0,서북서,4.0,1020.2
2024-11-17,07:00,흐림,20 이상,10.0,10.0,7.5,0.4,5.1,,,61.0,서북서,3.7,1021.6
2024-11-17,08:00,흐림,20 이상,10.0,7.0,7.2,-0.7,5.3,,,57.0,북서,2.8,1021.8
2024-11-17,09:00,흐림,20 이상,10.0,10.0,7.0,-2.2,4.2,,,52.0,서북서,4.2,1023.0
2024-11-17,10:00,흐림,20 이상,10.0,10.0,7.1,-2.1,4.9,,,52.0,서북서,3.2,1023.6
2024-11-17,11:00,흐림,20 이상,10.0,10.0,7.2,-3.3,4.9,,,47.0,서북서,3.3,1023.6
2024-11-17,12:00,구름많음,20 이상,8.0,0.0,7.3,-3.8,4.5,,,45.0,서북서,4.4,1023.5
2024-11-17,13:00,구름많음,20 이상,7.0,0.0,7.7,-4.1,5.0,,,43.0,서북서,4.3,1023.0
2024-11-17,14:00,구름조금,20 이상,5.0,0.0,9.8,-3.1,8.0,,,40.0,서,3.4,1022.3
2024-11-17,15:00,구름조금,20 이상,5.0,0.0,8.7,-4.1,6.3,,,40.0,서북서,4.2,1022.8
2024-11-17,16:00,맑음,20 이상,0.0,0.0,9.0,-5.6,6.5,,,35.0,서북서,4.5,1023.4
2024-11-17,17:00,맑음,20 이상,0.0,0.0,7.9,-7.0,5.2,,,34.0,서북서,4.5,1023.8
2024-11-17,18:00,맑음,20 이상,0.0,0.0,6.8,-8.7,4.0,,,32.0,서북서,4.1,1025.0
2024-11-17,19:00,,20 이상,,,5.8,-9.2,2.8,,,33.0,서북서,4.0,1026.4
2024-11-17,20:00,,20 이상,,,4.9,-9.3,2.7,,,35.0,북서,2.6,1027.1
2024-11-17,21:00,맑음,20 이상,0.0,0.0,4.0,-9.4,1.2,,,37.0,북서,3.1,1028.1
2024-11-17,22:00,,20 이상,,,3.3,-9.6,1.2,,,38.0,북,2.2,1029.0
2024-11-17,23:00,,20 이상,,,2.7,-10.9,1.0,,,36.0,북동,1.7,1029.7
2024-11-18,06:00,맑음,20 이상,0.0,0.0,0.0,-14.3,0.0,,,33.0,북,1.1,1032.9
2024-11-18,07:00,맑음,20 이상,0.0,0.0,-0.5,-14.1,-0.5,,,35.0,남동,0.9,1033.2
2024-11-18,08:00,맑음,20 이상,0.0,0.0,0.2,-14.2,-3.6,,,33.0,북서,3.4,1033.9
2024-11-18,09:00,맑음,20 이상,0.0,0.0,1.3,-15.2,-3.6,,,28.0,북서,5.6,1034.2
2024-11-18,10:00,맑음,20 이상,0.0,0.0,2.8,-13.5,-0.2,,,29.0,북,3.0,1033.9
2024-11-18,11:00,맑음,20 이상,0.0,0.0,4.3,-12.6,2.3,,,28.0,서북서,2.2,1033.5
2024-11-18,12:00,맑음,20 이상,0.0,0.0,5.7,-12.3,3.8,,,26.0,서북서,2.4,1032.9
2024-11-18,13:00,맑음,20 이상,0.0,0.0,6.7,-12.4,4.3,,,24.0,서남서,3.3,1031.9
2024-11-18,14:00,맑음,20 이상,0.0,0.0,7.4,-12.4,6.0,,,23.0,서,2.2,1030.8
2024-11-18,15:00,맑음,20 이상,0.0,0.0,7.8,-12.6,6.0,,,22.0,서,2.8,1030.7
2024-11-18,16:00,맑음,20 이상,0.0,0.0,7.3,-12.5,5.1,,,23.0,서,3.3,1031.0
2024-11-18,17:00,구름조금,20 이상,4.0,0.0,5.6,-12.4,3.8,,,26.0,북서,2.3,1031.0
2024-11-18,18:00,구름조금,20 이상,5.0,0.0,4.7,-12.7,2.4,,,27.0,북서,2.7,1031.4
2024-11-18,19:00,,20 이상,,,3.8,-12.2,3.8,,,30.0,북서,0.9,1032.0
2024-11-18,20:00,,20 이상,,,2.4,-12.2,1.1,,,33.0,서,1.4,1032.4
2024-11-18,21:00,맑음,20 이상,0.0,0.0,1.9,-11.2,1.9,,,37.0,북서,0.7,1032.9
2024-11-18,22:00,,20 이상,,,1.5,-10.3,1.5,,,41.0,북,0.7,1033.0
2024-11-18,23:00,,20 이상,,,0.8,-11.2,-2.2,,,40.0,북동,2.6,1033.2
2024-11-19,06:00,맑음,20 이상,0.0,0.0,1.3,-6.2,-1.8,,,57.0,북동,2.8,1032.5
2024-11-19,07:00,맑음,20 이상,0.0,0.0,1.4,-6.2,-0.6,,,57.0,동북동,1.8,1032.5
2024-11-19,08:00,맑음,20 이상,0.0,0.0,1.3,-5.6,-0.8,,,60.0,동북동,1.9,1032.4
2024-11-19,09:00,구름많음,20 이상,7.0,0.0,3.5,-4.7,0.9,,,55.0,북동,2.7,1032.2
2024-11-19,10:00,구름많음,20 이상,7.0,0.0,5.0,-4.5,2.4,,,50.0,북동,3.1,1031.6
2024-11-19,11:00,구름많음,20 이상,8.0,0.0,7.0,-4.1,5.7,,,45.0,동북동,2.0,1030.7
2024-11-19,12:00,구름많음,20 이상,7.0,0.0,9.1,-3.1,8.4,,,42.0,동남동,1.7,1030.0
2024-11-19,13:00,구름많음,20 이상,6.0,2.0,9.4,-2.5,9.0,,,43.0,동남동,1.5,1028.7
2024-11-19,14:00,구름조금,20 이상,5.0,0.0,11.0,-1.4,11.0,,,42.0,남,1.7,1028.1
2024-11-19,15:00,구름조금,20 이상,5.0,0.0,10.9,-2.1,10.9,,,40.0,남,1.6,1027.5
2024-11-19,16:00,구름많음,20 이상,6.0,3.0,10.4,-2.9,10.4,,,39.0,서북서,1.7,1027.4
2024-11-19,17:00,구름많음,20 이상,6.0,2.0,9.6,-2.7,9.6,,,42.0,서,1.3,1027.4
2024-11-19,18:00,구름많음,20 이상,6.0,0.0,8.3,-2.6,7.8,,,46.0,서북서,1.4,1027.2
2024-11-19,19:00,,20 이상,,,7.3,-3.0,5.7,,,48.0,서북서,2.4,1027.3
2024-11-19,20:00,,20 이상,,,6.2,-3.2,5.4,,,51.0,서북서,1.4,1026.9
2024-11-19,21:00,구름많음,20 이상,8.0,8.0,5.9,-2.9,5.9,,,53.0,서북서,0.9,1027.0
2024-11-19,22:00,,20 이상,,,5.7,-2.9,5.7,,,54.0,정온,0.4,1027.0
2024-11-19,23:00,,20 이상,,,5.4,-3.4,5.4,,,53.0,동남동,0.7,1026.9
2024-11-20,06:00,구름많음,20 이상,7.0,7.0,2.6,-2.3,2.6,,,70.0,정온,0.4,1026.0
2024-11-20,07:00,흐림,20 이상,9.0,9.0,3.0,-2.3,1.1,,,68.0,북동,1.9,1025.8
2024-11-20,08:00,흐림,20 이상,9.0,9.0,3.8,-1.9,1.7,,,66.0,북북동,2.2,1025.7
2024-11-20,09:00,흐림,20 이상,9.0,9.0,4.7,-1.5,2.8,,,64.0,북동,2.2,1026.0
2024-11-20,10:00,흐림,20 이상,9.0,9.0,6.3,-1.1,4.8,,,59.0,북북동,2.1,1025.5
2024-11-20,11:00,흐림,20 이상,9.0,9.0,7.4,-1.3,6.3,,,54.0,북동,1.8,1025.0
2024-11-20,12:00,흐림,20 이상,9.0,9.0,9.5,-0.4,8.8,,,50.0,북동,1.8,1024.0
2024-11-20,13:00,흐림,18.0,9.0,9.0,9.4,-0.5,9.1,,,50.0,북북동,1.4,1023.4
2024-11-20,14:00,흐림,18.0,10.0,7.0,9.5,-0.1,9.5,,,51.0,북동,1.2,1022.8
2024-11-20,15:00,흐림,17.0,10.0,8.0,9.3,0.0,8.9,,,52.0,북북동,1.4,1022.7
2024-11-20,16:00,흐림,15.0,10.0,8.0,9.4,2.4,8.2,,,62.0,서남서,2.3,1022.6
2024-11-20,17:00,흐림,10.7,10.0,7.0,8.8,2.9,8.3,,,67.0,남,1.5,1022.5
2024-11-20,18:00,흐림,11.2,9.0,9.0,8.5,3.5,7.6,,,71.0,서남서,1.8,1022.6
2024-11-20,19:00,,10.7,,,8.5,2.9,8.5,,,68.0,서남서,0.6,1022.6
2024-11-20,20:00,,10.0,,,8.0,3.2,8.0,,,72.0,서남서,0.8,1022.5
2024-11-20,21:00,연무,9.2,8.0,8.0,7.6,3.2,7.6,,,74.0,서남서,0.9,1022.5
2024-11-20,22:00,구름많음,8.1,7.0,6.0,7.2,3.4,7.2,,,77.0,정온,0.3,1022.4
2024-11-20,23:00,구름조금,8.0,5.0,2.0,6.6,3.0,6.6,,,78.0,북동,1.3,1022.4
2024-11-21,06:00,박무,6.4,7.0,7.0,6.2,3.3,5.0,0.0,,82.0,북북동,1.8,1020.3
2024-11-21,07:00,박무,6.1,9.0,9.0,6.1,3.5,5.0,0.0,,84.0,북동,1.7,1020.4
2024-11-21,08:00,박무,6.3,9.0,9.0,6.4,3.8,4.7,0.0,,84.0,북동,2.3,1020.6
2024-11-21,09:00,박무,6.5,8.0,8.0,7.5,4.6,5.8,0.0,,82.0,북북동,2.5,1020.8
2024-11-21,10:00,박무,6.2,8.0,8.0,8.9,5.4,8.4,0.0,,79.0,북동,1.5,1020.6
2024-11-21,11:00,박무,5.9,8.0,8.0,10.1,5.8,10.1,0.0,,75.0,북북동,0.8,1020.4
2024-11-21,12:00,박무,6.3,2.0,2.0,13.0,7.8,13.0,0.0,,71.0,남남동,2.0,1019.1
2024-11-21,13:00,연무,6.9,5.0,5.0,13.4,6.9,13.4,0.0,,65.0,남서,1.8,1018.1
2024-11-21,14:00,약한 비 단속적,9.6,10.0,8.0,13.1,5.4,13.1,0.0,,60.0,남서,3.0,1017.8
2024-11-21,15:00,비 끝,8.9,5.0,5.0,12.6,7.0,12.6,0.0,,69.0,남서,1.9,1017.7
2024-11-21,16:00,맑음,12.0,1.0,1.0,13.5,5.6,13.5,0.0,,59.0,남남서,2.3,1017.5
2024-11-21,17:00,맑음,13.6,1.0,1.0,12.5,5.1,12.5,0.0,,61.0,서남서,2.9,1017.8
2024-11-21,18:00,맑음,10.9,0.0,0.0,11.6,5.4,11.6,0.0,,66.0,서남서,2.2,1018.1
2024-11-21,19:00,구름많음,7.5,7.0,6.0,11.6,6.5,11.6,0.0,,71.0,남서,2.4,1018.3
2024-11-21,20:00,구름많음,10.5,7.0,6.0,11.2,5.5,11.2,0.0,,68.0,서남서,1.8,1018.4
2024-11-21,21:00,구름많음,11.0,6.0,6.0,10.8,5.5,10.8,0.0,,70.0,서남서,2.0,1018.5
2024-11-21,22:00,구름조금,8.4,4.0,4.0,10.9,6.4,10.9,0.0,,74.0,서남서,2.3,1018.8
2024-11-21,23:00,구름조금,11.3,4.0,4.0,10.5,2.8,10.5,0.0,,59.0,서북서,3.9,1019.1
2024-11-22,06:00,맑음,18.7,0.0,0.0,4.5,-2.1,3.5,,,62.0,북북서,1.4,1021.4
2024-11-22,07:00,맑음,19.8,0.0,0.0,3.7,-2.4,3.7,,,64.0,북북서,1.2,1022.2
2024-11-22,08:00,맑음,20 이상,0.0,0.0,3.4,-2.7,3.4,,,64.0,서,0.9,1023.0
2024-11-22,09:00,맑음,20 이상,0.0,0.0,4.5,-2.8,2.3,,,59.0,북서,2.5,1023.8
2024-11-22,10:00,맑음,20 이상,0.0,0.0,6.1,-3.2,4.2,,,51.0,서북서,2.5,1023.5
2024-11-22,11:00,맑음,20 이상,0.0,0.0,7.7,-3.8,5.5,,,44.0,북북서,3.3,1023.1
2024-11-22,12:00,맑음,20 이상,0.0,0.0,8.1,-4.7,5.7,,,40.0,서북서,3.9,1022.5
2024-11-22,13:00,맑음,20 이상,0.0,0.0,9.4,-4.9,7.7,,,36.0,서,3.2,1022.0
2024-11-22,14:00,맑음,20 이상,0.0,0.0,10.2,-4.9,10.2,,,34.0,서,2.9,1021.9
2024-11-22,15:00,맑음,20 이상,0.0,0.0,10.1,-5.0,10.1,,,34.0,서,3.6,1022.2
2024-11-22,16:00,맑음,20 이상,0.0,0.0,10.2,-4.9,10.2,,,34.0,서,2.7,1022.4
2024-11-22,17:00,맑음,20 이상,0.0,0.0,8.6,-6.0,7.4,,,35.0,서북서,2.2,1022.9
2024-11-22,18:00,맑음,20 이상,0.0,0.0,7.8,-6.0,5.9,,,37.0,북서,3.0,1023.5
2024-11-22,19:00,,20 이상,,,7.5,-6.2,5.1,,,37.0,북서,3.6,1024.3
2024-11-22,20:00,,20 이상,,,6.8,-5.5,5.3,,,41.0,서북서,2.2,1024.6
2024-11-22,21:00,맑음,20 이상,0.0,0.0,5.4,-6.2,4.4,,,43.0,서남서,1.5,1025.3
2024-11-22,22:00,,20 이상,,,4.6,-6.0,4.6,,,46.0,서,0.6,1025.8
2024-11-22,23:00,,20 이상,,,3.8,-7.0,3.8,,,45.0,북동,1.3,1026.1
2024-11-23,06:00,맑음,20 이상,0.0,0.0,1.8,-7.5,0.1,,,50.0,동북동,1.6,1027.4
2024-11-23,07:00,구름조금,20 이상,4.0,0.0,1.8,-6.5,-0.4,,,54.0,북동,2.0,1027.8
2024-11-23,08:00,맑음,20 이상,1.0,0.0,1.6,-6.2,1.6,,,56.0,북동,1.2,1028.4
2024-11-23,09:00,맑음,20 이상,2.0,0.0,3.5,-5.4,1.7,,,52.0,동북동,1.9,1028.8
2024-11-23,10:00,구름조금,20 이상,3.0,0.0,6.8,-4.6,4.9,,,44.0,동북동,2.6,1028.9
2024-11-23,11:00,구름조금,20 이상,3.0,0.0,8.9,-4.6,7.6,,,38.0,동북동,2.4,1028.8
2024-11-23,12:00,구름많음,20 이상,7.0,0.0,10.4,-3.3,10.4,,,38.0,동북동,2.6,1028.1
2024-11-23,13:00,구름조금,20 이상,3.0,0.0,11.5,-2.3,11.5,,,38.0,북동,2.9,1027.0
2024-11-23,14:00,구름조금,20 이상,4.0,2.0,12.1,-2.5,12.1,,,36.0,북북동,2.4,1026.4
2024-11-23,15:00,맑음,20 이상,2.0,2.0,12.1,-2.9,12.1,,,35.0,동,1.9,1026.0
2024-11-23,16:00,맑음,20 이상,0.0,0.0,12.1,-2.5,12.1,,,36.0,북동,1.0,1026.0
2024-11-23,17:00,맑음,20 이상,0.0,0.0,10.3,-3.0,10.3,,,39.0,북동,2.3,1026.3
2024-11-23,18:00,맑음,20 이상,0.0,0.0,9.2,-2.7,8.7,,,43.0,북,1.5,1026.8
2024-11-23,19:00,,20 이상,,,8.0,-1.8,8.0,,,50.0,북서,0.7,1027.2
2024-11-23,20:00,,20 이상,,,7.2,-1.7,6.3,,,53.0,서,1.6,1027.6
2024-11-23,21:00,맑음,20 이상,0.0,0.0,6.7,-2.4,6.7,,,52.0,북북서,1.1,1028.0
2024-11-23,22:00,,20 이상,,,6.0,-2.1,4.7,,,56.0,북북동,1.8,1028.3
2024-11-23,23:00,,20 이상,,,5.4,-1.9,4.4,,,59.0,북동,1.5,1028.3
2024-11-24,06:00,맑음,20 이상,0.0,0.0,3.1,-1.2,0.9,,,73.0,북동,2.2,1029.3
2024-11-24,07:00,맑음,20 이상,0.0,0.0,2.8,-1.0,2.8,,,76.0,동북동,1.3,1029.6
2024-11-24,08:00,맑음,20 이상,0.0,0.0,2.7,-1.1,2.7,,,76.0,동북동,1.1,1030.1
2024-11-24,09:00,맑음,20 이상,0.0,0.0,4.5,-0.1,2.5,,,72.0,동북동,2.3,1030.4
2024-11-24,10:00,맑음,20 이상,0.0,0.0,7.4,0.1,7.4,,,60.0,동북동,1.3,1030.5
2024-11-24,11:00,맑음,20 이상,0.0,0.0,9.8,0.9,9.2,,,54.0,동,1.7,1029.9
2024-11-24,12:00,맑음,20 이상,0.0,0.0,10.8,1.0,10.8,,,51.0,북북동,2.4,1029.2
2024-11-24,13:00,맑음,20 이상,0.0,0.0,12.7,1.3,12.7,,,46.0,남동,1.2,1028.2
2024-11-24,14:00,맑음,20 이상,0.0,0.0,13.5,-0.2,13.5,,,39.0,동북동,1.2,1027.5
2024-11-24,15:00,맑음,20 이상,0.0,0.0,13.6,0.2,13.6,,,40.0,북동,1.3,1027.1
2024-11-24,16:00,맑음,20 이상,0.0,0.0,13.2,-0.1,13.2,,,40.0,북,0.6,1027.2
2024-11-24,17:00,맑음,20 이상,0.0,0.0,11.5,0.2,11.5,,,46.0,북서,2.9,1028.1
2024-11-24,18:00,맑음,20 이상,0.0,0.0,10.1,-0.7,10.1,,,47.0,북서,2.5,1028.4
2024-11-24,19:00,,20 이상,,,9.1,-1.0,9.1,,,49.0,북북서,1.3,1028.9
2024-11-24,20:00,,20 이상,,,8.1,-1.1,7.5,,,52.0,서,1.5,1029.3
2024-11-24,21:00,구름조금,20 이상,3.0,0.0,7.3,-0.6,7.3,,,57.0,북동,1.2,1029.2
2024-11-24,22:00,,20 이상,,,6.8,-0.9,6.8,,,58.0,북동,1.2,1029.1
2024-11-24,23:00,,20 이상,,,6.3,-0.9,6.3,,,60.0,정온,0.3,1029.3
2024-11-25,06:00,맑음,20 이상,0.0,0.0,3.8,-0.9,2.1,,,71.0,동북동,1.9,1027.8
2024-11-25,07:00,맑음,20 이상,0.0,0.0,3.8,-0.9,1.0,,,71.0,동북동,3.0,1027.6
2024-11-25,08:00,맑음,20 이상,0.0,0.0,4.3,-0.6,1.7,,,70.0,동북동,2.9,1027.7
2024-11-25,09:00,맑음,20 이상,0.0,0.0,5.8,0.0,3.8,,,66.0,동,2.6,1027.9
2024-11-25,10:00,맑음,20 이상,1.0,0.0,8.5,0.9,7.2,,,59.0,동,2.3,1027.8
2024-11-25,11:00,구름조금,20 이상,3.0,0.0,10.9,1.4,10.9,,,52.0,동북동,1.9,1027.6
2024-11-25,12:00,구름많음,20 이상,7.0,0.0,12.7,2.5,12.7,,,50.0,동북동,3.3,1025.9
2024-11-25,13:00,구름많음,20 이상,7.0,0.0,14.3,3.4,14.3,,,48.0,동북동,3.2,1024.4
2024-11-25,14:00,구름많음,20 이상,8.0,0.0,15.2,4.2,15.2,,,48.0,동북동,2.8,1022.5
2024-11-25,15:00,구름많음,20 이상,8.0,0.0,15.2,4.5,15.2,,,49.0,동북동,2.7,1021.7
2024-11-25,16:00,흐림,20 이상,9.0,0.0,14.6,4.2,14.6,,,50.0,동북동,2.5,1021.2
2024-11-25,17:00,구름많음,20 이상,8.0,0.0,13.8,4.0,13.8,,,52.0,동북동,3.4,1019.9
2024-11-25,18:00,구름많음,20 이상,8.0,0.0,13.3,2.7,13.3,,,49.0,동북동,2.7,1019.1
2024-11-25,19:00,,20 이상,,,12.9,2.4,12.9,,,49.0,동,2.2,1018.7
2024-11-25,20:00,,20 이상,,,13.1,3.4,13.1,,,52.0,동,3.6,1018.2
2024-11-25,21:00,흐림,20 이상,10.0,10.0,13.0,4.1,13.0,,,55.0,동,2.8,1017.4
2024-11-25,22:00,,20 이상,,,12.8,4.4,12.8,,,57.0,동남동,1.9,1016.6
2024-11-25,23:00,,20 이상,,,12.9,4.5,12.9,,,57.0,동,2.6,1014.9
2024-11-26,06:00,보통 비 연속적,4.0,10.0,7.0,9.7,8.6,7.8,13.7,,93.0,서남서,3.6,1008.4
2024-11-26,07:00,약한 비 연속적,12.5,10.0,8.0,9.4,8.3,7.8,14.9,,93.0,서남서,2.9,1008.8
2024-11-26,08:00,약한 비 연속적,14.0,10.0,9.0,8.9,7.6,6.8,15.5,,92.0,서남서,3.6,1009.6
2024-11-26,09:00,비 끝,20 이상,10.0,5.0,8.0,5.1,5.4,16.0,,82.0,서남서,4.3,1011.0
2024-11-26,10:00,흐림,20 이상,10.0,3.0,8.2,4.2,5.9,16.0,,76.0,서,3.8,1011.4
2024-11-26,11:00,약한 비 단속적,20 이상,8.0,8.0,8.1,3.3,5.2,16.0,,72.0,서,4.9,1011.6
2024-11-26,12:00,약한 비 단속적,20 이상,10.0,8.0,6.8,2.6,2.7,16.1,,75.0,서,7.2,1011.6
2024-11-26,13:00,비 끝,20 이상,8.0,8.0,6.7,3.3,3.3,16.1,,79.0,서,5.4,1011.4
2024-11-26,14:00,약한 비 단속적,20 이상,10.0,6.0,5.8,2.7,2.1,16.3,,81.0,서남서,5.6,1011.8
2024-11-26,15:00,약한 비 단속적,20 이상,9.0,5.0,4.8,2.1,1.2,17.0,,83.0,남서,4.7,1012.0
2024-11-26,16:00,약한 비 단속적,20 이상,10.0,7.0,4.8,1.9,1.8,17.1,,82.0,서,3.6,1012.0
2024-11-26,17:00,"천둥번개 끝, 약한 비",13.9,9.0,9.0,4.2,2.2,1.7,17.8,,87.0,서,2.8,1012.3
2024-11-26,18:00,약한 비 단속적,20 이상,9.0,9.0,3.7,1.7,1.3,18.4,,87.0,남서,2.6,1012.6
2024-11-26,19:00,약한 비 단속적,20 이상,10.0,8.0,3.8,1.9,0.8,18.4,,88.0,남서,3.3,1012.9
2024-11-26,20:00,약한 비 단속적,19.8,7.0,7.0,3.0,1.3,0.0,18.6,,89.0,서,3.1,1012.9
2024-11-26,21:00,약한 진눈깨비,5.5,10.0,6.0,2.6,0.9,-0.9,19.4,,89.0,서남서,3.7,1013.3
2024-11-26,22:00,약한 진눈깨비,5.1,10.0,6.0,2.3,1.1,0.6,20.4,,92.0,서남서,1.7,1013.1
2024-11-26,23:00,약한 진눈깨비,4.6,10.0,7.0,2.0,0.9,-0.4,22.1,,93.0,서,2.2,1012.6
2024-11-27,06:00,보통 눈 연속적,1.0,10.0,9.0,0.2,-0.2,0.2,14.8,15.2,97.0,서,0.6,1010.5
2024-11-27,07:00,약한 눈 연속적,6.6,10.0,8.0,-1.0,-2.2,-2.7,16.3,16.5,91.0,북북서,1.4,1011.2
2024-11-27,08:00,눈 끝,14.7,9.0,9.0,-1.3,-2.8,-1.3,16.3,16.2,89.0,서,0.9,1011.7
2024-11-27,09:00,약한 눈 단속적,14.0,9.0,9.0,-1.0,-2.5,-1.0,16.3,15.0,89.0,서남서,1.2,1012.2
2024-11-27,10:00,약한 눈 단속적,15.5,9.0,9.0,-0.4,-2.4,-0.4,16.3,15.0,86.0,서남서,0.9,1011.6
2024-11-27,11:00,약한 눈 단속적,13.8,9.0,9.0,-0.4,-1.9,-0.4,16.5,15.0,89.0,남남서,0.5,1011.4
2024-11-27,12:00,약한 눈 연속적,1.3,10.0,10.0,-0.4,-1.9,-2.2,16.6,15.0,89.0,서,1.5,1010.9
2024-11-27,13:00,약한 눈 단속적,15.3,10.0,10.0,-0.2,-2.2,-1.8,16.9,14.8,86.0,서남서,1.4,1010.3
2024-11-27,14:00,약한 눈 연속적,0.6,10.0,10.0,-0.3,-1.5,-0.3,18.1,17.0,91.0,서남서,1.3,1009.4
2024-11-27,15:00,눈 끝,13.0,9.0,9.0,-0.3,-1.7,-0.3,19.6,18.0,90.0,서남서,0.6,1009.6
2024-11-27,16:00,구름많음,14.8,8.0,8.0,0.4,-1.8,0.4,19.6,17.5,85.0,서,1.3,1010.0
2024-11-27,17:00,눈 끝,16.1,8.0,8.0,0.0,-3.0,-2.1,19.6,17.0,80.0,서,1.7,1010.7
2024-11-27,18:00,구름많음,16.4,7.0,4.0,-0.6,-3.4,-0.6,19.6,16.2,81.0,서북서,0.8,1011.3
2024-11-27,19:00,약한 눈 단속적,13.5,9.0,9.0,-0.7,-3.2,-2.7,19.6,16.0,83.0,서남서,1.6,1011.8
2024-11-27,20:00,약한 눈 단속적,11.7,4.0,4.0,-1.0,-3.2,-2.9,19.6,16.0,85.0,남서,1.5,1012.0
2024-11-27,21:00,약한 눈 단속적,11.6,8.0,8.0,-1.1,-2.8,-1.1,19.6,16.0,88.0,서남서,0.9,1012.3
2024-11-27,22:00,약한 눈 단속적,9.6,9.0,9.0,-0.6,-1.8,-2.8,19.6,15.8,91.0,남서,1.7,1012.1
2024-11-27,23:00,약한 눈 연속적,2.7,10.0,7.0,-0.3,-1.1,-0.3,20.1,16.3,94.0,남남서,1.0,1011.9
2024-11-28,06:00,보통 눈 연속적,0.9,10.0,8.0,0.1,-0.6,0.1,3.8,26.0,95.0,정온,0.0,1009.4
2024-11-28,07:00,약한 눈 연속적,1.3,10.0,8.0,0.1,-0.6,0.1,4.8,27.8,95.0,정온,0.1,1009.6
2024-11-28,08:00,약한 눈 연속적,4.6,10.0,6.0,0.4,-0.1,0.4,4.9,28.6,96.0,남,1.0,1009.9
2024-11-28,09:00,눈 끝,7.0,8.0,8.0,0.8,-0.2,0.8,4.9,27.1,93.0,남남서,1.1,1010.2
2024-11-28,10:00,박무,6.6,7.0,7.0,1.5,0.1,1.5,4.9,25.5,91.0,서남서,1.2,1010.3
2024-11-28,11:00,구름많음,10.0,7.0,7.0,2.3,0.0,-0.9,4.9,23.4,85.0,서남서,3.2,1010.0
2024-11-28,12:00,구름많음,13.6,7.0,7.0,2.5,-0.4,-1.1,4.9,20.7,81.0,서남서,3.8,1009.6
2024-11-28,13:00,구름조금,19.4,4.0,4.0,3.3,-0.7,0.3,4.9,19.1,75.0,서북서,3.2,1009.4
2024-11-28,14:00,맑음,20 이상,2.0,2.0,3.4,-2.1,-0.1,4.9,16.1,67.0,서,3.9,1009.2
2024-11-28,15:00,맑음,20 이상,1.0,1.0,3.1,-2.8,-0.0,4.9,14.6,65.0,서,3.3,1009.5
2024-11-28,16:00,맑음,20 이상,1.0,1.0,3.0,-2.7,0.1,4.9,13.7,66.0,서남서,3.0,1009.8
2024-11-28,17:00,구름많음,20 이상,6.0,6.0,2.0,-2.7,-1.0,4.9,13.3,71.0,서남서,2.9,1010.8
2024-11-28,18:00,맑음,20 이상,1.0,1.0,1.3,-2.6,-1.1,4.9,13.0,75.0,서북서,2.1,1011.1
2024-11-28,19:00,구름많음,20 이상,7.0,6.0,0.8,-2.7,-1.4,4.9,12.7,77.0,북북서,1.9,1012.0
2024-11-28,20:00,구름많음,20 이상,7.0,7.0,0.2,-3.7,-2.2,4.9,12.5,75.0,북,2.0,1012.5
2024-11-28,21:00,구름조금,20 이상,4.0,4.0,-0.1,-4.3,-2.8,4.9,12.5,73.0,북북서,2.2,1012.5
2024-11-28,22:00,구름조금,20 이상,3.0,2.0,-0.8,-4.3,-3.5,4.9,12.4,77.0,서,2.1,1012.8
2024-11-28,23:00,구름조금,20 이상,3.0,1.0,-1.3,-4.8,-3.3,4.9,12.3,77.0,서,1.5,1013.1
2024-11-29,06:00,맑음,17.0,0.0,0.0,-3.0,-5.4,-3.0,,11.9,83.0,서북서,1.2,1013.5
2024-11-29,07:00,맑음,14.4,0.0,0.0,-3.3,-5.6,-3.3,,11.8,84.0,서북서,0.8,1013.6
2024-11-29,08:00,맑음,17.3,1.0,1.0,-3.2,-5.5,-3.2,,11.7,84.0,서,0.9,1013.8
2024-11-29,09:00,맑음,20 이상,2.0,2.0,-2.2,-5.5,-2.2,,11.4,78.0,서,1.2,1014.3
2024-11-29,10:00,맑음,20 이상,0.0,0.0,0.4,-4.8,-1.6,,10.9,68.0,남서,1.7,1014.3
2024-11-29,11:00,맑음,20 이상,0.0,0.0,2.1,-5.3,2.1,,10.5,58.0,남남서,1.2,1013.6
2024-11-29,12:00,맑음,20 이상,0.0,0.0,2.6,-5.3,2.6,,10.0,56.0,북,1.2,1012.3
2024-11-29,13:00,구름많음,20 이상,8.0,8.0,3.2,-4.7,1.0,,9.7,56.0,서,2.2,1011.3
2024-11-29,14:00,약한 눈 단속적,20 이상,9.0,9.0,2.7,-4.3,0.3,0.0,9.4,60.0,서북서,2.4,1010.6
2024-11-29,15:00,눈 끝,20 이상,9.0,9.0,2.7,-3.6,0.4,0.0,8.9,63.0,서북서,2.3,1010.5
2024-11-29,16:00,눈 끝,20 이상,6.0,6.0,3.0,-2.7,3.0,0.0,8.3,66.0,서북서,1.0,1010.6
2024-11-29,17:00,구름조금,17.3,4.0,4.0,2.6,-2.3,2.6,0.0,8.1,70.0,북동,0.9,1010.8
2024-11-29,18:00,약한 눈 단속적,15.3,8.0,8.0,2.4,-1.5,2.4,0.0,8.0,75.0,북서,1.3,1011.8
2024-11-29,19:00,눈 끝,14.3,6.0,6.0,1.6,-1.6,-0.4,0.0,8.0,79.0,북북서,1.8,1012.0
2024-11-29,20:00,,13.6,,,1.3,-1.2,1.3,0.0,8.0,83.0,서,0.8,1012.2
2024-11-29,21:00,맑음,12.0,0.0,0.0,1.1,-1.1,1.1,0.0,8.0,85.0,서북서,0.7,1013.2
2024-11-29,22:00,맑음,12.9,0.0,0.0,1.1,-0.6,-1.2,0.0,7.9,88.0,서남서,2.0,1013.7
2024-11-29,23:00,맑음,14.1,0.0,0.0,1.0,-0.7,-1.9,0.0,7.9,88.0,남남서,2.5,1014.4
2024-11-30,06:00,맑음,20 이상,0.0,0.0,-0.3,-3.1,-0.3,,7.8,81.0,남서,1.2,1015.3
2024-11-30,07:00,맑음,20 이상,0.0,0.0,-0.3,-3.0,-2.8,,7.8,82.0,남남서,2.0,1015.5
2024-11-30,08:00,맑음,20 이상,0.0,0.0,-0.3,-2.6,-1.9,,7.8,84.0,북,1.4,1016.4
2024-11-30,09:00,맑음,20 이상,0.0,0.0,0.4,-2.4,-1.9,,7.8,81.0,북동,1.9,1017.0
2024-11-30,10:00,구름많음,19.3,8.0,8.0,2.8,-1.7,0.5,,7.8,72.0,북동,2.3,1016.8
2024-11-30,11:00,흐림,20 이상,9.0,9.0,2.7,-2.0,0.5,,7.8,71.0,북동,2.2,1016.6
2024-11-30,12:00,흐림,19.4,9.0,9.0,3.3,-1.4,1.1,,7.8,71.0,북동,2.3,1015.7
2024-11-30,13:00,구름많음,20 이상,8.0,8.0,4.4,-1.6,2.5,,7.7,65.0,북동,2.2,1014.9
2024-11-30,14:00,구름많음,20 이상,7.0,7.0,5.2,-0.8,5.2,,7.6,65.0,동남동,1.2,1014.2
2024-11-30,15:00,흐림,20 이상,9.0,9.0,5.6,0.1,5.6,,7.1,68.0,동북동,1.3,1013.7
2024-11-30,16:00,흐림,20 이상,9.0,9.0,5.1,0.2,3.3,,7.0,71.0,북북동,2.2,1013.8
2024-11-30,17:00,비 끝,14.5,8.0,8.0,4.4,1.4,2.0,0.0,6.2,81.0,북북동,2.7,1013.8
2024-11-30,18:00,비 끝,12.1,8.0,8.0,4.0,1.8,2.1,0.0,6.0,86.0,북북동,2.1,1013.9
2024-11-30,19:00,비 끝,12.2,8.0,8.0,3.9,2.2,1.5,0.0,5.7,89.0,북북동,2.6,1014.0
2024-11-30,20:00,흐림,10.9,9.0,3.0,3.9,2.2,2.5,0.0,5.5,89.0,북동,1.6,1014.2
2024-11-30,21:00,박무,9.5,7.0,7.0,3.8,2.4,2.0,0.0,5.4,91.0,북동,2.0,1014.6
2024-11-30,22:00,맑음,10.3,2.0,2.0,3.6,2.2,1.5,0.0,5.4,91.0,북북동,2.2,1015.1
2024-11-30,23:00,맑음,7.4,0.0,0.0,3.2,2.0,1.1,0.0,5.4,92.0,북동,2.1,1015.5
2024-12-01,06:00,박무,2.7,3.0,3.0,1.6,1.1,-1.1,,5.0,97.0,북동,2.5,1016.4
2024-12-01,07:00,박무,4.5,6.0,6.0,2.3,2.0,-0.0,,4.8,98.0,북동,2.2,1016.5
2024-12-01,08:00,박무,5.2,6.0,0.0,2.7,2.2,-0.0,,4.8,97.0,북동,2.7,1016.7
2024-12-01,09:00,박무,4.7,9.0,7.0,3.6,3.1,0.7,,4.8,97.0,북동,3.2,1017.1
2024-12-01,10:00,박무,4.5,9.0,6.0,4.0,3.4,1.0,,4.8,96.0,북동,3.4,1017.2
2024-12-01,11:00,박무,7.2,9.0,3.0,5.2,3.8,3.5,,4.7,91.0,동북동,2.1,1017.2
2024-12-01,12:00,박무,8.7,9.0,0.0,6.5,3.8,4.4,,4.2,83.0,북동,2.8,1016.3
2024-12-01,13:00,박무,9.2,9.0,0.0,7.3,4.2,5.3,,3.5,81.0,북동,3.0,1015.2
2024-12-01,14:00,박무,9.2,8.0,0.0,8.0,4.5,6.6,,3.0,79.0,북동,2.3,1014.6
2024-12-01,15:00,박무,9.6,9.0,6.0,8.1,4.6,6.3,,2.0,79.0,북동,2.9,1014.4
2024-12-01,16:00,박무,9.5,9.0,2.0,8.0,4.5,6.0,,1.5,79.0,북동,3.2,1014.2
2024-12-01,17:00,박무,9.4,9.0,4.0,7.5,4.4,5.3,,1.0,81.0,북동,3.3,1014.0
2024-12-01,18:00,비 끝,9.9,7.0,2.0,7.2,4.4,5.3,0.0,0.7,83.0,북동,2.8,1014.1
2024-12-01,19:00,구름조금,10.0,5.0,2.0,6.7,4.3,4.8,0.0,0.6,85.0,북동,2.6,1014.3
2024-12-01,20:00,흐림,9.7,9.0,5.0,6.6,4.4,4.9,0.0,0.3,86.0,북동,2.3,1014.2
2024-12-01,21:00,약한 비 단속적,7.9,10.0,9.0,6.5,4.6,5.4,0.2,0.4,88.0,북동,1.7,1014.2
2024-12-01,22:00,약한 비 단속적,5.6,10.0,9.0,6.6,5.2,5.9,0.5,,91.0,북동,1.4,1014.7
2024-12-01,23:00,비 끝,5.9,0.0,0.0,6.4,5.0,4.9,0.5,,91.0,북동,2.1,1014.6
2024-12-02,06:00,박무,4.4,6.0,6.0,4.7,4.2,4.7,,,97.0,북동,1.0,1013.8
2024-12-02,07:00,박무,4.5,8.0,8.0,5.1,4.6,5.1,,,97.0,북동,1.2,1014.1
2024-12-02,08:00,박무,4.6,4.0,4.0,5.2,4.6,4.0,,,96.0,북동,1.6,1014.4
2024-12-02,09:00,박무,4.6,1.0,1.0,5.7,5.2,4.4,,,97.0,북북동,1.8,1014.2
2024-12-02,10:00,박무,8.0,0.0,0.0,7.4,6.6,7.4,,,95.0,동북동,1.0,1014.3
2024-12-02,11:00,약한 비 단속적,9.2,10.0,7.0,9.3,7.4,9.3,0.0,,88.0,동북동,0.8,1014.1
2024-12-02,12:00,비 끝,9.9,8.0,8.0,10.8,9.0,10.8,0.0,,89.0,남서,1.3,1013.6
2024-12-02,13:00,박무,8.0,8.0,8.0,12.1,9.4,12.1,0.0,,84.0,서남서,3.6,1013.2
2024-12-02,14:00,박무,6.7,7.0,7.0,12.9,9.3,12.9,0.0,,79.0,서남서,2.1,1012.9
2024-12-02,15:00,박무,6.5,6.0,6.0,12.3,6.9,12.3,0.0,,70.0,서남서,4.0,1013.5
2024-12-02,16:00,연무,6.2,8.0,6.0,11.6,6.3,11.6,0.0,,70.0,서남서,5.1,1014.2
2024-12-02,17:00,연무,8.4,2.0,1.0,10.0,4.3,7.9,0.0,,68.0,서,4.2,1015.3
2024-12-02,18:00,연무,8.7,0.0,0.0,8.6,3.6,6.8,0.0,,71.0,서,3.1,1016.1
2024-12-02,19:00,맑음,11.1,1.0,1.0,7.2,3.0,4.7,0.0,,75.0,서남서,3.8,1017.2
2024-12-02,20:00,,17.4,,,5.8,1.1,3.2,0.0,,72.0,서북서,3.3,1018.0
2024-12-02,21:00,맑음,20 이상,0.0,0.0,3.9,-5.0,0.9,0.0,,52.0,서북서,3.4,1018.7
2024-12-02,22:00,,20 이상,,,2.5,-6.3,0.0,0.0,,52.0,서북서,2.4,1019.6
2024-12-02,23:00,,20 이상,,,1.5,-4.7,1.5,0.0,,63.0,동북동,1.1,1020.4
2024-12-03,06:00,구름조금,20 이상,5.0,0.0,-2.2,-8.5,-5.5,,,62.0,서,2.4,1022.2
2024-12-03,07:00,구름조금,20 이상,4.0,0.0,-2.0,-8.3,-5.4,,,62.0,서북서,2.5,1022.8
2024-12-03,08:00,구름많음,20 이상,7.0,2.0,-2.3,-9.0,-6.0,,,60.0,서북서,2.7,1023.7
2024-12-03,09:00,구름조금,20 이상,4.0,0.0,-1.8,-8.9,-5.3,,,58.0,서,2.6,1024.6
2024-12-03,10:00,구름많음,20 이상,7.0,0.0,-0.6,-10.8,-4.6,,,46.0,서북서,3.4,1024.6
2024-12-03,11:00,구름조금,20 이상,5.0,0.0,1.4,-10.4,-2.1,,,41.0,서,3.3,1024.8
2024-12-03,12:00,구름조금,20 이상,3.0,0.0,2.7,-13.1,-0.9,,,30.0,서북서,3.9,1024.5
2024-12-03,13:00,구름조금,20 이상,3.0,0.0,3.9,-13.4,0.7,,,27.0,북서,3.7,1024.3
2024-12-03,14:00,맑음,20 이상,0.0,0.0,4.6,-11.1,1.9,,,31.0,서북서,3.2,1023.3
2024-12-03,15:00,맑음,20 이상,0.0,0.0,5.2,-11.8,2.6,,,28.0,서,3.2,1023.2
2024-12-03,16:00,맑음,20 이상,0.0,0.0,4.8,-12.2,2.2,,,28.0,서북서,3.1,1022.9
2024-12-03,17:00,맑음,20 이상,0.0,0.0,3.7,-11.1,1.1,,,33.0,서남서,2.8,1022.8
2024-12-03,18:00,,20 이상,,,2.7,-10.9,0.3,,,36.0,서,2.4,1023.1
2024-12-03,19:00,,20 이상,,,2.8,-8.8,0.7,,,42.0,서,2.1,1023.2
2024-12-03,20:00,,20 이상,,,2.6,-9.0,0.8,,,42.0,서,1.8,1023.4
2024-12-03,21:00,구름조금,20 이상,3.0,3.0,2.2,-7.9,0.5,,,47.0,서,1.7,1023.0
2024-12-03,22:00,,20 이상,,,2.1,-7.0,2.1,,,51.0,서,1.0,1023.1
2024-12-03,23:00,약한 눈 단속적,20 이상,9.0,9.0,2.6,-5.3,1.2,0.0,,56.0,서북서,1.5,1023.1
2024-12-04,06:00,맑음,20 이상,0.0,0.0,0.7,-9.9,-2.3,0.0,,45.0,북북서,2.6,1023.1
2024-12-04,07:00,맑음,20 이상,0.0,0.0,-0.2,-7.7,-0.2,0.0,,57.0,서북서,0.6,1023.4
2024-12-04,08:00,맑음,20 이상,1.0,0.0,-0.5,-9.4,-0.5,0.0,,51.0,북,0.6,1023.5
2024-12-04,09:00,맑음,20 이상,0.0,0.0,0.2,-9.2,0.2,0.0,,49.0,북,0.8,1023.7
2024-12-04,10:00,맑음,20 이상,0.0,0.0,2.5,-12.9,0.0,0.0,,31.0,서북서,2.4,1023.8
2024-12-04,11:00,맑음,20 이상,0.0,0.0,3.8,-11.8,1.6,0.0,,31.0,북서,2.4,1023.6
2024-12-04,12:00,구름조금,20 이상,3.0,0.0,5.1,-9.5,2.8,0.0,,34.0,서,2.8,1022.8
2024-12-04,13:00,맑음,20 이상,2.0,0.0,5.4,-9.2,3.1,0.0,,34.0,서북서,2.8,1021.7
2024-12-04,14:00,맑음,20 이상,0.0,0.0,6.4,-7.2,4.0,0.0,,37.0,서,3.2,1021.0
2024-12-04,15:00,맑음,20 이상,2.0,0.0,6.8,-6.5,4.5,0.0,,38.0,서남서,3.3,1020.1
2024-12-04,16:00,맑음,20 이상,2.0,0.0,6.6,-5.7,4.1,0.0,,41.0,서남서,3.5,1020.0
2024-12-04,17:00,맑음,20 이상,1.0,0.0,5.2,-5.5,3.2,0.0,,46.0,서,2.4,1019.7
2024-12-04,18:00,맑음,20 이상,0.0,0.0,4.3,-4.7,1.8,0.0,,52.0,서,2.8,1019.4
2024-12-04,19:00,,20 이상,,,3.7,-4.5,1.3,0.0,,55.0,서남서,2.6,1019.6
2024-12-04,20:00,,20 이상,,,3.2,-4.0,0.8,0.0,,59.0,서남서,2.4,1019.7
2024-12-04,21:00,맑음,20 이상,0.0,0.0,3.0,-3.5,0.7,0.0,,62.0,서남서,2.3,1020.1
2024-12-04,22:00,,20 이상,,,2.9,-3.0,0.6,0.0,,65.0,서남서,2.3,1019.9
2024-12-04,23:00,,20 이상,,,2.5,-3.2,0.8,0.0,,66.0,서,1.7,1019.8
2024-12-05,06:00,맑음,20 이상,0.0,0.0,0.5,-4.5,-1.2,,,69.0,북동,1.5,1017.3
2024-12-05,07:00,맑음,20 이상,0.0,0.0,-0.1,-4.7,-2.0,,,71.0,북,1.6,1017.7
2024-12-05,08:00,맑음,20 이상,0.0,0.0,0.0,-5.0,0.0,,,69.0,북북서,0.8,1017.9
2024-12-05,09:00,맑음,20 이상,0.0,0.0,0.9,-4.1,0.9,,,69.0,북동,0.8,1017.9
2024-12-05,10:00,맑음,20 이상,0.0,0.0,3.4,-3.6,1.4,,,60.0,서북서,2.1,1018.0
2024-12-05,11:00,맑음,20 이상,0.0,0.0,5.2,-7.6,3.7,,,39.0,서북서,1.9,1017.6
2024-12-05,12:00,맑음,20 이상,0.0,0.0,7.2,-7.6,4.9,,,34.0,서남서,3.4,1016.4
2024-12-05,13:00,맑음,20 이상,0.0,0.0,8.2,-5.6,6.3,,,37.0,서남서,3.0,1015.6
2024-12-05,14:00,구름조금,20 이상,3.0,3.0,8.2,-4.6,5.4,,,40.0,서,4.8,1015.0
2024-12-05,15:00,구름많음,20 이상,8.0,8.0,8.2,-2.4,5.9,,,47.0,남서,3.8,1014.6
2024-12-05,16:00,구름많음,20 이상,8.0,8.0,8.0,-0.5,5.7,,,55.0,남남서,3.6,1014.2
2024-12-05,17:00,비 끝,11.9,8.0,8.0,5.0,2.6,3.0,1.8,,85.0,남서,2.4,1014.9
2024-12-05,18:00,맑음,18.5,1.0,1.0,4.9,2.4,2.9,1.8,,84.0,남서,2.3,1015.0
2024-12-05,19:00,맑음,20 이상,0.0,0.0,4.7,1.8,2.6,1.8,,82.0,서남서,2.4,1015.1
2024-12-05,20:00,맑음,20 이상,0.0,0.0,4.6,0.1,2.0,1.8,,73.0,서남서,3.0,1015.7
2024-12-05,21:00,맑음,20 이상,0.0,0.0,4.0,-0.7,4.0,1.8,,71.0,남서,1.1,1016.2
2024-12-05,22:00,구름많음,20 이상,7.0,0.0,3.6,-0.4,1.5,1.8,,75.0,서,2.2,1016.4
2024-12-05,23:00,흐림,20 이상,9.0,8.0,4.1,-1.0,2.1,1.8,,69.0,서남서,2.2,1016.3
2024-12-06,06:00,맑음,20 이상,1.0,1.0,1.2,-7.3,1.2,,,53.0,서,1.1,1018.9
2024-12-06,07:00,맑음,20 이상,0.0,0.0,0.8,-7.4,-1.3,,,54.0,북서,1.8,1019.2
2024-12-06,08:00,맑음,20 이상,0.0,0.0,0.0,-7.2,-1.9,,,58.0,북북서,1.6,1019.6
2024-12-06,09:00,맑음,20 이상,0.0,0.0,0.8,-8.9,-2.6,,,48.0,북서,3.0,1020.3
2024-12-06,10:00,맑음,20 이상,0.0,0.0,2.1,-9.2,-1.0,,,43.0,서,3.0,1020.6
2024-12-06,11:00,맑음,20 이상,0.0,0.0,3.5,-8.2,0.2,,,42.0,서남서,3.7,1020.6
2024-12-06,12:00,맑음,20 이상,0.0,0.0,4.2,-8.2,1.5,,,40.0,서,3.0,1020.2
2024-12-06,13:00,맑음,20 이상,0.0,0.0,5.2,-8.3,2.7,,,37.0,서,3.1,1019.7
2024-12-06,14:00,맑음,20 이상,0.0,0.0,5.0,-9.5,1.9,,,34.0,서,3.9,1020.1
2024-12-06,15:00,맑음,20 이상,0.0,0.0,4.8,-10.1,0.9,,,33.0,서,5.4,1020.4
2024-12-06,16:00,맑음,20 이상,0.0,0.0,4.7,-7.7,1.7,,,40.0,북서,3.6,1020.5
2024-12-06,17:00,맑음,20 이상,0.0,0.0,3.6,-7.2,0.8,,,45.0,서북서,3.0,1021.1
2024-12-06,18:00,맑음,20 이상,0.0,0.0,2.7,-7.7,0.2,,,46.0,서,2.5,1021.7
2024-12-06,19:00,,20 이상,,,1.9,-9.0,-1.2,,,44.0,북서,3.0,1022.5
2024-12-06,20:00,,20 이상,,,1.1,-8.9,1.1,,,47.0,북북서,1.1,1022.9
2024-12-06,21:00,맑음,20 이상,0.0,0.0,0.7,-8.3,-2.2,,,51.0,북북서,2.5,1023.6
2024-12-06,22:00,,20 이상,,,0.4,-7.6,-2.9,,,55.0,북서,2.9,1024.2
2024-12-06,23:00,,20 이상,,,-0.1,-7.6,-3.3,,,57.0,북서,2.6,1024.6
2024-12-07,06:00,맑음,20 이상,0.0,0.0,-2.0,-7.5,-3.9,,,66.0,북서,1.4,1024.3
2024-12-07,07:00,구름조금,20 이상,3.0,3.0,-2.5,-7.9,-5.0,,,66.0,서,1.7,1024.4
2024-12-07,08:00,구름많음,20 이상,7.0,7.0,-2.1,-8.8,-2.1,,,60.0,서북서,1.3,1024.7
2024-12-07,09:00,구름조금,20 이상,3.0,3.0,-1.1,-8.5,-4.0,,,57.0,서,2.2,1024.9
2024-12-07,10:00,맑음,20 이상,1.0,1.0,0.4,-9.0,-2.8,,,49.0,서북서,2.7,1024.9
2024-12-07,11:00,맑음,20 이상,0.0,0.0,1.4,-8.1,-2.1,,,49.0,서북서,3.3,1024.8
2024-12-07,12:00,맑음,20 이상,0.0,0.0,2.7,-7.2,0.5,,,48.0,서,2.2,1023.6
2024-12-07,13:00,맑음,20 이상,0.0,0.0,3.6,-7.8,0.1,,,43.0,서북서,4.1,1022.8
2024-12-07,14:00,맑음,20 이상,0.0,0.0,3.9,-7.8,0.4,,,42.0,서북서,4.2,1022.5
2024-12-07,15:00,맑음,20 이상,0.0,0.0,4.3,-7.8,1.4,,,41.0,서,3.4,1022.4
2024-12-07,16:00,구름많음,20 이상,8.0,8.0,3.1,-7.1,-0.2,,,47.0,서,3.5,1022.6
2024-12-07,17:00,구름많음,20 이상,6.0,1.0,2.2,-5.9,-0.9,,,55.0,서,3.0,1022.6
2024-12-07,18:00,구름조금,20 이상,4.0,4.0,1.4,-5.5,-2.2,,,60.0,서,3.5,1022.7
2024-12-07,19:00,,20 이상,,,0.8,-5.8,-2.0,,,61.0,서,2.4,1023.0
2024-12-07,20:00,,20 이상,,,0.2,-6.0,-4.1,,,63.0,서,4.0,1023.6
2024-12-07,21:00,맑음,20 이상,0.0,0.0,-0.4,-7.0,-4.3,,,61.0,서북서,3.4,1023.7
2024-12-07,22:00,,20 이상,,,-1.1,-7.8,-4.6,,,60.0,서,2.7,1023.8
2024-12-07,23:00,,20 이상,,,-1.4,-7.5,-4.9,,,63.0,서,2.7,1024.1
2024-12-08,06:00,맑음,20 이상,0.0,0.0,-3.5,-9.9,-3.5,,,61.0,서북서,1.3,1025.9
2024-12-08,07:00,맑음,20 이상,0.0,0.0,-3.8,-9.6,-6.1,,,64.0,서남서,1.5,1026.5
2024-12-08,08:00,맑음,20 이상,0.0,0.0,-3.8,-9.6,-3.8,,,64.0,서,0.9,1027.0
2024-12-08,09:00,맑음,20 이상,0.0,0.0,-3.0,-9.0,-6.0,,,63.0,서북서,2.0,1027.4
2024-12-08,10:00,맑음,20 이상,0.0,0.0,-1.8,-9.6,-5.4,,,55.0,북서,2.7,1027.9
2024-12-08,11:00,맑음,20 이상,0.0,0.0,-0.5,-10.1,-4.0,,,48.0,서북서,2.9,1027.6
2024-12-08,12:00,맑음,20 이상,0.0,0.0,1.8,-9.1,-0.5,,,44.0,남서,2.1,1026.9
2024-12-08,13:00,맑음,20 이상,0.0,0.0,2.6,-11.3,-0.5,,,35.0,서,3.1,1026.2
2024-12-08,14:00,맑음,20 이상,0.0,0.0,3.5,-12.4,0.7,,,30.0,서,3.0,1025.7
2024-12-08,15:00,맑음,20 이상,0.0,0.0,3.9,-13.4,0.3,,,27.0,서남서,4.3,1025.5
2024-12-08,16:00,맑음,20 이상,0.0,0.0,4.0,-12.9,1.5,,,28.0,서,2.7,1025.4
2024-12-08,17:00,맑음,20 이상,0.0,0.0,2.8,-13.1,-1.0,,,30.0,서,4.2,1025.5
2024-12-08,18:00,맑음,20 이상,0.0,0.0,1.9,-12.7,0.1,,,33.0,서,1.7,1025.5
2024-12-08,19:00,,20 이상,,,1.5,-11.9,-1.1,,,36.0,서남서,2.3,1025.9
2024-12-08,20:00,,20 이상,,,0.6,-12.1,0.6,,,38.0,남서,0.6,1025.9
2024-12-08,21:00,맑음,20 이상,0.0,0.0,0.2,-11.8,-1.5,,,40.0,북서,1.5,1026.0
2024-12-08,22:00,,20 이상,,,0.4,-12.6,-2.9,,,37.0,북서,2.8,1026.1
2024-12-08,23:00,,20 이상,,,-0.2,-12.8,-0.2,,,38.0,북북동,1.0,1026.4
2024-12-09,06:00,맑음,20 이상,0.0,0.0,-3.6,-10.6,-6.5,,,58.0,북동,1.9,1025.8
2024-12-09,07:00,맑음,20 이상,0.0,0.0,-3.7,-10.3,-6.8,,,60.0,북북동,2.0,1026.0
2024-12-09,08:00,맑음,20 이상,0.0,0.0,-3.8,-10.0,-6.6,,,62.0,북북동,1.8,1026.4
2024-12-09,09:00,맑음,20 이상,0.0,0.0,-2.8,-9.4,-6.2,,,60.0,북동,2.4,1026.5
2024-12-09,10:00,맑음,20 이상,0.0,0.0,0.0,-8.9,-1.8,,,51.0,북북동,1.5,1026.8
2024-12-09,11:00,맑음,20 이상,0.0,0.0,2.7,-8.0,2.7,,,45.0,동북동,1.2,1026.1
2024-12-09,12:00,맑음,20 이상,0.0,0.0,4.1,-8.3,4.1,,,40.0,북북동,1.3,1025.0
2024-12-09,13:00,맑음,20 이상,0.0,0.0,5.4,-6.5,3.6,,,42.0,서,2.2,1023.8
2024-12-09,14:00,맑음,20 이상,0.0,0.0,7.1,-4.9,6.0,,,42.0,서남서,1.8,1023.0
2024-12-09,15:00,맑음,20 이상,2.0,1.0,6.4,-4.4,4.0,,,46.0,서북서,3.2,1022.8
2024-12-09,16:00,구름많음,20 이상,7.0,0.0,6.0,-4.7,4.6,,,46.0,서북서,1.9,1023.1
2024-12-09,17:00,구름많음,20 이상,6.0,1.0,4.9,-4.4,4.9,,,51.0,서북서,1.2,1023.5
2024-12-09,18:00,구름조금,20 이상,4.0,1.0,4.0,-4.2,4.0,,,55.0,서,1.2,1023.2
2024-12-09,19:00,,20 이상,,,3.1,-4.1,3.1,,,59.0,서북서,1.3,1022.6
2024-12-09,20:00,,20 이상,,,2.5,-4.2,2.5,,,61.0,북,0.7,1022.8
2024-12-09,21:00,맑음,19.4,0.0,0.0,1.8,-3.8,1.8,,,66.0,서북서,1.3,1023.2
2024-12-09,22:00,,18.8,,,1.4,-3.8,-0.5,,,68.0,서,1.7,1023.4
2024-12-09,23:00,,20 이상,,,1.2,-3.8,1.2,,,69.0,서북서,1.3,1023.8
2024-12-10,06:00,맑음,17.9,0.0,0.0,-1.4,-4.7,-1.4,,,78.0,서,0.6,1024.5
2024-12-10,07:00,맑음,16.4,0.0,0.0,-1.6,-4.6,-1.6,,,80.0,정온,0.4,1025.0
2024-12-10,08:00,맑음,16.9,0.0,0.0,-1.9,-4.8,-4.3,,,80.0,북북동,1.7,1024.9
2024-12-10,09:00,맑음,17.1,0.0,0.0,-1.3,-4.4,-3.9,,,79.0,북북동,1.9,1025.2
2024-12-10,10:00,맑음,14.3,0.0,0.0,1.3,-2.4,-1.3,,,76.0,북,2.3,1024.4
2024-12-10,11:00,맑음,15.4,0.0,0.0,3.8,-2.3,3.8,,,64.0,서,0.9,1024.4
2024-12-10,12:00,맑음,20 이상,0.0,0.0,5.9,-5.1,4.0,,,45.0,서남서,2.4,1023.7
2024-12-10,13:00,맑음,20 이상,0.0,0.0,6.4,-5.2,3.7,,,43.0,남서,3.7,1024.4
2024-12-10,14:00,맑음,20 이상,0.0,0.0,6.3,-5.3,3.7,,,43.0,북서,3.6,1023.7
2024-12-10,15:00,구름조금,20 이상,4.0,0.0,6.6,-5.1,4.2,,,43.0,서북서,3.3,1022.3
2024-12-10,16:00,구름조금,20 이상,5.0,0.0,6.6,-5.7,4.9,,,41.0,서,2.4,1021.8
2024-12-10,17:00,구름많음,20 이상,8.0,0.0,5.3,-5.9,3.7,,,44.0,서,2.0,1021.8
2024-12-10,18:00,구름많음,19.2,8.0,0.0,4.5,-5.3,3.5,,,49.0,서북서,1.4,1021.9
2024-12-10,19:00,,18.3,,,3.7,-4.7,1.9,,,54.0,서,1.9,1022.1
2024-12-10,20:00,,16.6,,,3.5,-4.4,1.5,,,56.0,서,2.1,1022.5
2024-12-10,21:00,흐림,16.4,10.0,0.0,3.8,-4.1,1.6,,,56.0,서북서,2.4,1022.8
2024-12-10,22:00,,20 이상,,,3.4,-6.8,1.7,,,47.0,서,1.8,1023.1
2024-12-10,23:00,,20 이상,,,3.1,-7.4,1.1,,,46.0,서북서,2.0,1023.2
2024-12-11,06:00,구름조금,17.0,4.0,2.0,1.1,-6.4,-1.3,,,57.0,서,2.1,1021.9
2024-12-11,07:00,구름조금,14.3,5.0,3.0,0.4,-6.9,0.4,,,58.0,북동,1.2,1022.4
2024-12-11,08:00,구름많음,13.5,6.0,2.0,0.5,-6.3,0.5,,,60.0,북동,0.9,1022.9
2024-12-11,09:00,구름많음,13.9,7.0,0.0,0.9,-6.4,0.9,,,58.0,정온,0.4,1023.4
2024-12-11,10:00,구름많음,12.8,6.0,0.0,2.6,-5.5,2.6,,,55.0,북서,1.1,1023.6
2024-12-11,11:00,구름조금,13.4,5.0,0.0,4.0,-5.5,2.5,,,50.0,서남서,1.7,1023.4
2024-12-11,12:00,구름많음,14.1,8.0,0.0,5.0,-5.9,3.2,,,45.0,서북서,2.2,1022.8
2024-12-11,13:00,구름조금,14.9,4.0,0.0,6.3,-6.0,5.0,,,41.0,북북서,1.9,1021.0
2024-12-11,14:00,구름조금,14.0,4.0,0.0,7.9,-4.8,7.2,,,40.0,서남서,1.5,1020.7
2024-12-11,15:00,구름많음,14.2,7.0,0.0,7.9,-5.2,6.4,,,39.0,서,2.4,1020.4
2024-12-11,16:00,맑음,14.5,0.0,0.0,7.6,-5.4,6.3,,,39.0,서북서,2.1,1020.5
2024-12-11,17:00,맑음,18.3,0.0,0.0,6.1,-6.5,4.8,,,40.0,서북서,1.8,1020.8
2024-12-11,18:00,맑음,18.5,0.0,0.0,4.9,-6.0,2.9,,,45.0,서북서,2.3,1021.1
2024-12-11,19:00,,15.9,,,3.7,-5.7,2.3,,,50.0,서,1.6,1021.7
2024-12-11,20:00,,16.8,,,3.0,-5.9,1.5,,,52.0,서북서,1.6,1022.1
2024-12-11,21:00,맑음,16.1,2.0,0.0,2.4,-6.4,-0.2,,,52.0,서,2.5,1023.0
2024-12-11,22:00,,15.7,,,1.3,-7.2,-0.4,,,53.0,서,1.6,1023.7
2024-12-11,23:00,,16.0,,,0.9,-7.6,-1.4,,,53.0,서북서,2.0,1023.9
2024-12-12,06:00,맑음,20 이상,0.0,0.0,-2.5,-9.4,-6.1,,,59.0,서,2.6,1024.7
2024-12-12,07:00,맑음,20 이상,0.0,0.0,-3.1,-9.7,-3.1,,,60.0,서,1.3,1024.8
2024-12-12,08:00,맑음,20 이상,0.0,0.0,-3.1,-9.1,-3.1,,,63.0,북서,0.5,1025.3
2024-12-12,09:00,맑음,18.7,0.0,0.0,-2.5,-8.5,-4.4,,,63.0,서,1.4,1026.2
2024-12-12,10:00,맑음,20 이상,0.0,0.0,-0.2,-9.9,-3.8,,,48.0,서,3.0,1026.4
2024-12-12,11:00,맑음,20 이상,0.0,0.0,1.7,-10.8,-0.2,,,39.0,서,1.8,1025.8
2024-12-12,12:00,맑음,20 이상,0.0,0.0,3.6,-11.5,1.5,,,32.0,서남서,2.2,1024.9
2024-12-12,13:00,맑음,20 이상,0.0,0.0,4.4,-11.2,2.2,,,31.0,서,2.5,1024.2
2024-12-12,14:00,구름조금,20 이상,5.0,0.0,4.7,-11.8,2.0,,,29.0,서,3.2,1024.1
2024-12-12,15:00,구름많음,20 이상,8.0,0.0,3.7,-12.3,0.9,,,30.0,서북서,3.0,1023.9
2024-12-12,16:00,흐림,20 이상,9.0,0.0,3.3,-13.5,0.4,,,28.0,서북서,3.0,1023.5
2024-12-12,17:00,흐림,20 이상,9.0,0.0,2.8,-11.9,1.6,,,33.0,북서,1.4,1023.7
2024-12-12,18:00,흐림,20 이상,9.0,0.0,1.9,-11.2,0.1,,,37.0,서북서,1.7,1023.5
2024-12-12,19:00,,20 이상,,,1.7,-10.8,-1.1,,,39.0,서,2.6,1024.5
2024-12-12,20:00,,20 이상,,,1.5,-10.3,-0.8,,,41.0,서,2.1,1024.6
2024-12-12,21:00,흐림,20 이상,10.0,4.0,1.1,-10.4,1.1,,,42.0,서,1.2,1024.4
2024-12-12,22:00,,20 이상,,,0.8,-11.6,-0.9,,,39.0,서남서,1.5,1023.4
2024-12-12,23:00,,20 이상,,,0.6,-11.1,-2.1,,,41.0,서북서,2.3,1023.6
2024-12-13,06:00,흐림,20 이상,9.0,9.0,-0.3,-10.8,-2.4,,,45.0,북동,1.7,1021.3
2024-12-13,07:00,구름많음,20 이상,8.0,3.0,-0.3,-11.1,-2.7,,,44.0,북동,1.9,1021.1
2024-12-13,08:00,구름많음,20 이상,7.0,1.0,-0.1,-10.9,-0.1,,,44.0,북서,1.2,1021.3
2024-12-13,09:00,구름많음,20 이상,6.0,2.0,0.2,-10.3,0.2,,,45.0,서북서,1.1,1021.5
2024-12-13,10:00,구름많음,20 이상,8.0,2.0,1.5,-10.0,-0.2,,,42.0,서,1.6,1022.0
2024-12-13,11:00,구름많음,20 이상,7.0,2.0,2.8,-9.8,0.6,,,39.0,서북서,2.2,1021.6
2024-12-13,12:00,구름많음,20 이상,8.0,1.0,3.5,-10.2,1.8,,,36.0,북서,1.8,1020.8
2024-12-13,13:00,구름많음,20 이상,8.0,4.0,4.0,-9.0,1.9,,,38.0,서,2.3,1019.9
2024-12-13,14:00,구름많음,20 이상,7.0,0.0,4.3,-11.7,1.6,,,30.0,서북서,3.0,1019.8
2024-12-13,15:00,구름많음,20 이상,7.0,0.0,4.4,-10.5,1.6,,,33.0,서,3.2,1019.6
2024-12-13,16:00,맑음,20 이상,2.0,0.0,4.2,-10.6,2.3,,,33.0,서,2.1,1019.8
2024-12-13,17:00,맑음,20 이상,2.0,0.0,3.0,-12.1,-0.7,,,32.0,서,4.2,1020.5
2024-12-13,18:00,맑음,20 이상,1.0,0.0,2.1,-11.4,-0.6,,,36.0,서,2.5,1021.1
2024-12-13,19:00,,20 이상,,,1.4,-11.4,-2.3,,,38.0,서,3.6,1021.6
2024-12-13,20:00,,20 이상,,,1.0,-10.5,-2.0,,,42.0,서,2.6,1022.5
2024-12-13,21:00,맑음,20 이상,0.0,0.0,0.3,-10.5,-4.3,,,44.0,서북서,4.5,1023.3
2024-12-13,22:00,,20 이상,,,-0.3,-9.4,-2.9,,,50.0,서북서,2.1,1023.7
2024-12-13,23:00,,20 이상,,,-1.1,-9.9,-1.1,,,51.0,정온,0.4,1024.0
2024-12-14,06:00,맑음,20 이상,0.0,0.0,-3.2,-9.8,-5.4,,,60.0,서남서,1.5,1025.2
2024-12-14,07:00,맑음,20 이상,0.0,0.0,-3.3,-9.9,-7.1,,,60.0,서,2.6,1026.0
2024-12-14,08:00,맑음,20 이상,0.0,0.0,-3.6,-9.6,-6.4,,,63.0,서,1.8,1026.2
2024-12-14,09:00,맑음,20 이상,0.0,0.0,-2.9,-9.5,-5.6,,,60.0,서,1.8,1026.9
2024-12-14,10:00,맑음,20 이상,0.0,0.0,-1.3,-10.1,-4.8,,,51.0,서북서,2.7,1027.6
2024-12-14,11:00,맑음,20 이상,0.0,0.0,-0.5,-11.0,-5.1,,,45.0,북서,4.2,1027.2
2024-12-14,12:00,맑음,20 이상,0.0,0.0,0.7,-10.4,-3.2,,,43.0,서북서,3.6,1026.1
2024-12-14,13:00,맑음,20 이상,0.0,0.0,1.5,-10.6,-2.0,,,40.0,서,3.3,1025.2
2024-12-14,14:00,맑음,20 이상,0.0,0.0,1.9,-10.6,-1.5,,,39.0,서,3.3,1024.2
2024-12-14,15:00,맑음,20 이상,0.0,0.0,2.0,-9.9,-1.6,,,41.0,서북서,3.7,1023.9
2024-12-14,16:00,맑음,20 이상,0.0,0.0,2.3,-9.9,-1.3,,,40.0,서,3.7,1023.3
2024-12-14,17:00,맑음,20 이상,0.0,0.0,1.4,-9.2,-1.9,,,45.0,서,3.1,1023.1
2024-12-14,18:00,맑음,20 이상,0.0,0.0,0.6,-9.1,-2.3,,,48.0,서남서,2.5,1023.6
2024-12-14,19:00,,20 이상,,,0.2,-10.3,-3.2,,,45.0,서남서,2.9,1023.7
2024-12-14,20:00,,20 이상,,,-0.3,-10.5,-2.4,,,46.0,서남서,1.7,1023.5
2024-12-14,21:00,맑음,20 이상,2.0,2.0,-0.4,-10.0,-0.4,,,48.0,북서,0.8,1023.6
2024-12-14,22:00,,20 이상,,,-1.2,-10.3,-1.2,,,50.0,정온,0.3,1023.1
2024-12-14,23:00,,20 이상,,,-1.4,-9.7,-1.4,,,53.0,정온,0.1,1022.9
2024-12-15,06:00,눈 끝,20 이상,2.0,2.0,0.4,-4.0,-2.1,0.0,,72.0,서남서,2.1,1019.8
2024-12-15,07:00,맑음,20 이상,2.0,2.0,-0.3,-4.7,-0.3,0.0,,72.0,남남서,0.7,1020.3
2024-12-15,08:00,구름많음,20 이상,7.0,7.0,-0.6,-5.0,-0.6,0.0,,72.0,남남서,1.3,1020.5
2024-12-15,09:00,구름많음,20 이상,8.0,8.0,0.3,-4.3,-2.7,0.0,,71.0,남남서,2.5,1020.4
2024-12-15,10:00,구름많음,20 이상,8.0,8.0,2.0,-4.5,0.4,0.0,,62.0,서남서,1.6,1020.5
2024-12-15,11:00,눈 끝,20 이상,9.0,9.0,2.9,-5.5,-0.3,0.0,,54.0,서북서,3.4,1020.8
2024-12-15,12:00,맑음,20 이상,1.0,1.0,3.6,-4.1,1.2,0.0,,57.0,서북서,2.5,1020.1
2024-12-15,13:00,맑음,20 이상,0.0,0.0,5.1,-3.7,2.3,0.0,,53.0,서,3.4,1019.2
2024-12-15,14:00,맑음,20 이상,2.0,2.0,4.9,-4.9,1.5,0.0,,49.0,서북서,4.4,1018.7
2024-12-15,15:00,맑음,20 이상,2.0,2.0,5.1,-6.7,2.1,0.0,,42.0,서북서,3.7,1018.8
2024-12-15,16:00,맑음,20 이상,0.0,0.0,4.5,-8.6,1.2,0.0,,38.0,서북서,4.1,1019.4
2024-12-15,17:00,맑음,20 이상,0.0,0.0,3.3,-9.6,1.2,0.0,,38.0,서,2.2,1019.9
2024-12-15,18:00,맑음,20 이상,0.0,0.0,2.2,-10.6,-1.0,0.0,,38.0,서,3.1,1020.4
2024-12-15,19:00,,20 이상,,,1.5,-12.3,-2.2,0.0,,35.0,서,3.6,1021.3
2024-12-15,20:00,,20 이상,,,0.7,-12.7,-3.0,0.0,,36.0,서,3.4,1022.0
2024-12-15,21:00,맑음,20 이상,0.0,0.0,0.0,-11.7,-2.8,0.0,,41.0,서북서,2.3,1022.6
2024-12-15,22:00,,20 이상,,,-0.7,-11.1,-2.9,0.0,,45.0,서,1.7,1023.1
2024-12-15,23:00,,20 이상,,,-1.4,-11.0,-3.5,0.0,,48.0,서남서,1.6,1023.0
2024-12-16,06:00,맑음,20 이상,0.0,0.0,-3.1,-9.1,-3.1,,,63.0,정온,0.0,1021.9
2024-12-16,07:00,맑음,20 이상,0.0,0.0,-2.9,-8.9,-2.9,,,63.0,정온,0.4,1022.4
2024-12-16,08:00,맑음,20 이상,0.0,0.0,-3.1,-8.9,-3.1,,,64.0,북동,1.0,1022.6
2024-12-16,09:00,맑음,20 이상,0.0,0.0,-2.1,-8.4,-2.1,,,62.0,정온,0.1,1022.9
2024-12-16,10:00,맑음,20 이상,0.0,0.0,1.1,-7.1,1.1,,,54.0,남,1.1,1022.9
2024-12-16,11:00,구름조금,20 이상,3.0,3.0,2.8,-8.8,0.5,,,42.0,서남서,2.3,1022.4
2024-12-16,12:00,구름많음,20 이상,8.0,8.0,3.8,-8.2,1.5,,,41.0,서,2.5,1021.6
2024-12-16,13:00,약한 눈 단속적,20 이상,9.0,9.0,3.6,-6.1,1.1,0.0,,49.0,서북서,2.7,1020.8
2024-12-16,14:00,약한 눈 단속적,18.9,9.0,9.0,2.9,-4.5,0.7,0.0,,58.0,서,2.2,1020.5
2024-12-16,15:00,약한 눈 단속적,20 이상,9.0,9.0,2.3,-2.6,0.1,0.0,,70.0,북북서,2.1,1020.5
2024-12-16,16:00,약한 눈 단속적,8.2,9.0,9.0,2.2,-2.1,2.2,0.0,,73.0,북북서,0.8,1020.5
2024-12-16,17:00,약한 눈 단속적,16.3,7.0,7.0,1.8,-1.6,-0.1,0.0,,78.0,북북동,1.8,1020.6
2024-12-16,18:00,눈 끝,15.9,8.0,8.0,1.3,-1.6,1.3,0.0,,81.0,북북동,1.3,1020.9
2024-12-16,19:00,,15.1,,,1.4,-1.5,1.4,0.0,,81.0,북,0.7,1021.3
2024-12-16,20:00,,15.3,,,0.8,-1.7,-1.0,0.0,,83.0,서북서,1.6,1021.8
2024-12-16,21:00,맑음,15.5,0.0,0.0,0.3,-2.4,-1.6,0.0,,82.0,서,1.6,1022.2
2024-12-16,22:00,,20 이상,,,-0.1,-4.0,-0.1,0.0,,75.0,북서,1.3,1022.7
2024-12-16,23:00,,20 이상,,,-0.9,-5.8,-0.9,0.0,,69.0,북북동,0.6,1023.5
2024-12-17,06:00,맑음,20 이상,0.0,0.0,-3.1,-8.7,-3.1,,,65.0,서남서,0.9,1024.5
2024-12-17,07:00,맑음,20 이상,1.0,1.0,-2.9,-8.9,-2.9,,,63.0,정온,0.3,1024.8
2024-12-17,08:00,구름많음,20 이상,8.0,8.0,-2.2,-8.5,-4.8,,,62.0,서북서,1.8,1025.3
2024-12-17,09:00,맑음,20 이상,1.0,1.0,-1.8,-9.2,-5.1,,,57.0,서,2.4,1025.6
2024-12-17,10:00,흐림,20 이상,9.0,9.0,-1.1,-9.2,-4.7,,,54.0,서북서,2.9,1026.1
2024-12-17,11:00,구름많음,20 이상,8.0,8.0,-0.2,-10.1,-4.1,,,47.0,서,3.4,1026.0
2024-12-17,12:00,구름많음,20 이상,8.0,8.0,1.1,-10.4,-0.7,,,42.0,서북서,1.6,1025.1
2024-12-17,13:00,구름조금,20 이상,4.0,4.0,1.7,-11.1,-1.0,,,38.0,서북서,2.5,1024.7
2024-12-17,14:00,맑음,20 이상,0.0,0.0,2.5,-10.4,-0.3,,,38.0,서,2.8,1024.2
2024-12-17,15:00,맑음,20 이상,0.0,0.0,3.5,-9.8,0.1,,,37.0,서남서,3.9,1023.9
2024-12-17,16:00,맑음,20 이상,0.0,0.0,3.7,-9.6,1.0,,,37.0,서남서,2.9,1023.9
2024-12-17,17:00,맑음,20 이상,0.0,0.0,2.1,-10.4,-1.3,,,39.0,서,3.4,1024.2
2024-12-17,18:00,맑음,20 이상,0.0,0.0,1.0,-9.9,-1.6,,,44.0,서,2.3,1024.7
2024-12-17,19:00,,20 이상,,,0.5,-8.4,-2.9,,,51.0,서남서,3.0,1024.9
2024-12-17,20:00,,20 이상,,,-0.1,-8.5,-4.0,,,53.0,서,3.4,1025.3
2024-12-17,21:00,맑음,20 이상,0.0,0.0,-0.7,-10.3,-5.2,,,48.0,서북서,4.0,1025.6
2024-12-17,22:00,,20 이상,,,-1.8,-10.3,-6.8,,,52.0,북서,4.4,1026.2
2024-12-17,23:00,,20 이상,,,-2.8,-11.5,-6.9,,,51.0,서북서,3.0,1026.5
2024-12-18,06:00,맑음,20 이상,0.0,0.0,-5.6,-13.2,-9.1,,,55.0,북,2.1,1026.3
2024-12-18,07:00,맑음,20 이상,0.0,0.0,-5.9,-13.5,-5.9,,,55.0,북서,0.9,1026.9
2024-12-18,08:00,맑음,20 이상,0.0,0.0,-6.2,-13.7,-6.2,,,55.0,서,1.1,1027.2
2024-12-18,09:00,맑음,20 이상,0.0,0.0,-5.3,-14.3,-9.3,,,49.0,북서,2.5,1027.5
2024-12-18,10:00,맑음,20 이상,0.0,0.0,-4.0,-14.2,-8.0,,,45.0,서,2.7,1027.3
2024-12-18,11:00,맑음,20 이상,0.0,0.0,-3.2,-14.3,-7.3,,,42.0,서,2.9,1026.7
2024-12-18,12:00,맑음,20 이상,0.0,0.0,-2.0,-13.8,-5.5,,,40.0,서,2.6,1025.8
2024-12-18,13:00,맑음,20 이상,0.0,0.0,-0.8,-13.3,-4.3,,,38.0,서,2.8,1025.0
2024-12-18,14:00,맑음,20 이상,0.0,0.0,-0.5,-13.7,-4.2,,,36.0,서북서,3.1,1024.7
2024-12-18,15:00,맑음,20 이상,0.0,0.0,0.5,-13.2,-2.2,,,35.0,서,2.3,1024.7
2024-12-18,16:00,맑음,20 이상,0.0,0.0,0.2,-13.4,-3.4,,,35.0,서북서,3.1,1025.2
2024-12-18,17:00,맑음,20 이상,0.0,0.0,-1.1,-13.3,-4.3,,,39.0,서,2.5,1025.6
2024-12-18,18:00,맑음,20 이상,0.0,0.0,-2.1,-13.0,-4.6,,,43.0,서북서,1.8,1026.5
2024-12-18,19:00,,20 이상,,,-2.7,-12.7,-5.6,,,46.0,서북서,2.0,1027.1
2024-12-18,20:00,,20 이상,,,-2.8,-12.8,-7.6,,,46.0,북서,3.8,1027.6
2024-12-18,21:00,맑음,20 이상,0.0,0.0,-3.4,-13.1,-7.2,,,47.0,북서,2.6,1028.2
2024-12-18,22:00,,20 이상,,,-3.6,-13.0,-8.6,,,48.0,서북서,3.8,1028.9
2024-12-18,23:00,,19.9,,,-4.0,-13.4,-4.0,,,48.0,서북서,0.7,1029.3
2024-12-19,06:00,맑음,20 이상,0.0,0.0,-6.3,-13.2,-9.0,,,58.0,북동,1.5,1030.5
2024-12-19,07:00,맑음,18.9,0.0,0.0,-6.2,-13.5,-6.2,,,56.0,북,1.2,1031.3
2024-12-19,08:00,맑음,18.4,0.0,0.0,-6.7,-12.9,-10.8,,,61.0,북북동,2.4,1031.4
2024-12-19,09:00,맑음,17.9,0.0,0.0,-5.7,-12.4,-8.8,,,59.0,북동,1.8,1031.8
2024-12-19,10:00,맑음,17.0,0.0,0.0,-3.0,-11.7,-6.2,,,51.0,북동,2.2,1031.5
2024-12-19,11:00,맑음,17.7,0.0,0.0,0.2,-10.3,-1.8,,,45.0,남남동,1.7,1031.1
2024-12-19,12:00,맑음,16.7,0.0,0.0,1.7,-10.1,-1.3,,,41.0,남남서,2.8,1031.0
2024-12-19,13:00,맑음,18.4,0.0,0.0,2.6,-10.3,2.6,,,38.0,서,1.3,1029.7
2024-12-19,14:00,맑음,20 이상,0.0,0.0,4.1,-10.7,2.4,,,33.0,서남서,1.9,1028.7
2024-12-19,15:00,맑음,20 이상,0.0,0.0,4.9,-11.2,2.7,,,30.0,남,2.6,1028.1
2024-12-19,16:00,구름조금,20 이상,5.0,0.0,3.9,-12.9,2.8,,,28.0,서,1.4,1027.6
2024-12-19,17:00,구름조금,20 이상,5.0,0.0,2.2,-12.4,0.5,,,33.0,서,1.7,1028.0
2024-12-19,18:00,구름많음,20 이상,7.0,0.0,1.1,-11.3,-0.5,,,39.0,서북서,1.5,1027.9
2024-12-19,19:00,,20 이상,,,0.1,-10.7,-2.1,,,44.0,서,1.8,1027.6
2024-12-19,20:00,,20 이상,,,-0.3,-10.2,-2.8,,,47.0,서남서,2.0,1027.9
2024-12-19,21:00,흐림,20 이상,9.0,0.0,-0.4,-10.3,-3.2,,,47.0,서,2.2,1027.8
2024-12-19,22:00,,20 이상,,,-0.8,-10.4,-0.8,,,48.0,서,1.0,1027.7
2024-12-19,23:00,,20 이상,,,-1.0,-10.3,-1.0,,,49.0,북북서,1.3,1027.3
2024-12-20,06:00,흐림,19.2,10.0,7.0,-1.3,-8.7,-3.4,,,57.0,북북동,1.6,1025.1
2024-12-20,07:00,흐림,18.8,9.0,9.0,-1.0,-8.2,-4.0,,,58.0,북동,2.3,1024.9
2024-12-20,08:00,흐림,19.1,10.0,8.0,-0.8,-8.0,-3.5,,,58.0,북동,2.1,1024.5
2024-12-20,09:00,흐림,18.2,10.0,6.0,-0.3,-7.5,-3.1,,,58.0,북동,2.2,1024.0
2024-12-20,10:00,흐림,17.1,9.0,9.0,0.5,-7.5,-1.9,,,55.0,북동,2.0,1024.3
2024-12-20,11:00,흐림,16.1,10.0,5.0,1.7,-7.3,0.0,,,51.0,동북동,1.6,1023.9
2024-12-20,12:00,흐림,15.3,9.0,5.0,2.7,-6.7,0.5,,,50.0,북동,2.2,1022.8
2024-12-20,13:00,흐림,14.4,9.0,9.0,4.1,-4.6,2.8,,,53.0,동남동,1.6,1021.7
2024-12-20,14:00,구름많음,13.9,8.0,8.0,4.3,-4.4,2.4,,,53.0,북동,2.1,1020.6
2024-12-20,15:00,흐림,13.7,9.0,8.0,4.6,-4.6,2.4,,,51.0,북동,2.5,1020.2
2024-12-20,16:00,구름조금,14.4,4.0,1.0,4.9,-3.8,4.0,,,53.0,남동,1.4,1019.8
2024-12-20,17:00,구름많음,13.6,6.0,2.0,4.0,-3.7,4.0,,,57.0,동남동,0.6,1019.6
2024-12-20,18:00,구름많음,13.5,8.0,8.0,3.1,-3.0,0.5,,,64.0,남동,2.7,1019.6
2024-12-20,19:00,,12.4,,,3.1,-2.8,3.1,,,65.0,동,0.9,1019.6
2024-12-20,20:00,약한 눈 단속적,12.1,9.0,9.0,2.8,-2.9,1.4,0.0,,66.0,동북동,1.5,1019.1
2024-12-20,21:00,약한 눈 연속적,8.6,9.0,9.0,2.5,-3.0,-0.1,0.0,,67.0,북동,2.5,1018.7
2024-12-20,22:00,약한 눈 단속적,9.4,9.0,9.0,1.9,-1.8,-0.3,0.3,0.2,76.0,북동,2.0,1018.4
2024-12-20,23:00,약한 눈 단속적,4.4,9.0,9.0,1.7,-1.5,-1.1,0.3,0.2,79.0,북북동,2.6,1018.0
2024-12-21,06:00,약한 눈 단속적,2.0,9.0,9.0,1.4,0.5,-2.2,2.0,1.3,94.0,서,3.4,1015.6
2024-12-21,07:00,약한 눈 단속적,0.8,10.0,8.0,1.0,0.1,-2.7,2.5,2.1,94.0,서북서,3.5,1016.1
2024-12-21,08:00,약한 눈 단속적,3.2,9.0,9.0,0.7,-0.6,-1.7,2.9,2.7,91.0,서,2.0,1016.5
2024-12-21,09:00,눈 끝,3.5,6.0,6.0,0.5,-1.1,-2.7,2.9,2.3,89.0,서남서,2.8,1017.6
2024-12-21,10:00,박무,4.4,4.0,4.0,0.7,-1.5,-3.4,2.9,2.3,85.0,서,4.0,1018.3
2024-12-21,11:00,박무,6.8,6.0,6.0,0.5,-3.0,-3.5,2.9,2.1,77.0,서,3.8,1018.7
2024-12-21,12:00,박무,7.5,7.0,7.0,0.6,-4.0,-3.2,2.9,1.8,71.0,서북서,3.5,1018.2
2024-12-21,13:00,연무,8.0,8.0,8.0,0.4,-4.6,-3.7,2.9,1.6,69.0,서,3.9,1017.8
2024-12-21,14:00,연무,9.2,9.0,9.0,0.1,-5.7,-4.6,2.9,1.6,65.0,서북서,4.6,1018.0
2024-12-21,15:00,연무,7.4,9.0,9.0,0.1,-5.1,-3.3,2.9,1.4,68.0,서북서,2.9,1018.0
2024-12-21,16:00,연무,7.7,5.0,5.0,-0.2,-5.5,-3.3,2.9,1.4,67.0,서,2.5,1018.9
2024-12-21,17:00,연무,7.1,2.0,2.0,-0.7,-6.0,-3.5,2.9,1.4,67.0,서북서,2.2,1019.8
2024-12-21,18:00,연무,7.0,2.0,2.0,-1.4,-6.7,-5.0,2.9,1.4,67.0,서북서,2.8,1020.9
2024-12-21,19:00,맑음,10.1,0.0,0.0,-2.1,-7.8,-6.1,2.9,1.4,65.0,서,3.1,1021.7
2024-12-21,20:00,맑음,15.5,0.0,0.0,-2.6,-8.8,-7.8,2.9,1.4,62.0,서,4.4,1022.4
2024-12-21,21:00,맑음,20 이상,0.0,0.0,-3.3,-10.6,-7.4,2.9,1.4,57.0,서,2.9,1022.9
2024-12-21,22:00,맑음,20 이상,0.0,0.0,-3.8,-10.8,-7.4,2.9,1.4,58.0,서,2.4,1023.1
2024-12-21,23:00,맑음,20 이상,0.0,0.0,-4.2,-11.6,-7.9,2.9,1.4,56.0,서북서,2.4,1023.7
2024-12-22,06:00,맑음,20 이상,0.0,0.0,-7.3,-14.1,-7.3,,1.4,58.0,북,0.8,1026.4
2024-12-22,07:00,맑음,20 이상,0.0,0.0,-7.3,-13.9,-11.4,,1.4,59.0,서남서,2.3,1027.5
2024-12-22,08:00,맑음,20 이상,0.0,0.0,-7.6,-14.0,-7.6,,1.4,60.0,서북서,0.6,1028.1
2024-12-22,09:00,맑음,20 이상,0.0,0.0,-6.6,-13.7,-10.2,,1.1,57.0,서북서,2.0,1029.1
2024-12-22,10:00,맑음,20 이상,0.0,0.0,-4.7,-12.6,-4.7,,1.0,54.0,서,0.8,1029.5
2024-12-22,11:00,맑음,20 이상,0.0,0.0,-3.0,-12.7,-6.5,,1.0,47.0,서북서,2.4,1029.6
2024-12-22,12:00,맑음,20 이상,0.0,0.0,-1.6,-12.8,-5.9,,0.9,42.0,서북서,3.5,1028.7
2024-12-22,13:00,맑음,20 이상,0.0,0.0,-0.4,-12.3,-4.9,,0.9,40.0,서,4.2,1027.6
2024-12-22,14:00,맑음,20 이상,0.0,0.0,0.2,-12.1,-3.4,,0.8,39.0,서북서,3.2,1027.1
2024-12-22,15:00,맑음,20 이상,0.0,0.0,0.5,-11.5,-2.9,,0.7,40.0,서북서,3.0,1027.0
2024-12-22,16:00,맑음,20 이상,0.0,0.0,0.9,-11.2,-3.0,,0.7,40.0,서남서,3.7,1027.1
2024-12-22,17:00,맑음,20 이상,0.0,0.0,0.0,-11.1,-3.5,,0.7,43.0,서,3.0,1026.9
2024-12-22,18:00,맑음,20 이상,0.0,0.0,-0.9,-10.2,-3.5,,0.7,49.0,서,2.0,1026.8
2024-12-22,19:00,맑음,20 이상,0.0,0.0,-1.5,-9.8,-3.3,,0.7,53.0,남서,1.4,1027.3
2024-12-22,20:00,맑음,20 이상,0.0,0.0,-1.6,-9.4,-4.3,,0.7,55.0,서남서,2.0,1027.7
2024-12-22,21:00,맑음,20 이상,0.0,0.0,-1.7,-9.3,-4.2,,0.7,56.0,서남서,1.8,1027.7
2024-12-22,22:00,맑음,20 이상,0.0,0.0,-2.3,-9.9,-2.3,,0.7,56.0,서,0.8,1028.0
2024-12-22,23:00,맑음,20 이상,0.0,0.0,-2.8,-9.7,-2.8,,0.7,59.0,서,0.6,1027.8
2024-12-23,06:00,맑음,20 이상,0.0,0.0,-4.5,-9.3,-7.1,,0.7,69.0,북북동,1.6,1027.6
2024-12-23,07:00,맑음,20 이상,0.0,0.0,-4.9,-9.1,-8.6,,0.7,72.0,북북동,2.3,1027.3
2024-12-23,08:00,구름많음,20 이상,8.0,8.0,-4.2,-7.9,-7.5,,0.7,75.0,북동,2.1,1026.9
2024-12-23,09:00,구름많음,20 이상,7.0,7.0,-3.2,-7.7,-6.6,,0.7,71.0,북동,2.3,1027.2
2024-12-23,10:00,맑음,20 이상,1.0,1.0,-1.8,-7.1,-5.5,,0.7,67.0,북동,2.8,1027.4
2024-12-23,11:00,맑음,20 이상,0.0,0.0,0.8,-6.7,-0.9,,0.7,57.0,동북동,1.5,1027.0
2024-12-23,12:00,맑음,20 이상,0.0,0.0,3.8,-4.6,2.4,,0.5,54.0,남남동,1.6,1025.6
2024-12-23,13:00,맑음,20 이상,0.0,0.0,5.4,-3.9,3.6,,0.5,51.0,남남서,2.2,1024.7
2024-12-23,14:00,맑음,20 이상,0.0,0.0,5.7,-6.2,3.0,,,42.0,서북서,3.5,1023.9
2024-12-23,15:00,맑음,20 이상,0.0,0.0,6.6,-5.4,4.2,,,42.0,서남서,3.3,1023.8
2024-12-23,16:00,맑음,20 이상,0.0,0.0,6.5,-4.0,4.7,,,47.0,서,2.5,1023.9
2024-12-23,17:00,맑음,20 이상,0.0,0.0,5.1,-5.0,2.8,,,48.0,서남서,2.8,1024.2
2024-12-23,18:00,맑음,20 이상,0.0,0.0,3.7,-3.5,0.9,,,59.0,서남서,3.1,1024.5
2024-12-23,19:00,,20 이상,,,2.9,-4.7,-0.2,,,57.0,서남서,3.2,1024.6
2024-12-23,20:00,,20 이상,,,2.0,-5.4,-0.8,,,58.0,서,2.6,1025.0
2024-12-23,21:00,맑음,20 이상,0.0,0.0,1.5,-7.0,-1.5,,,53.0,서,2.8,1025.4
2024-12-23,22:00,,20 이상,,,0.7,-9.3,-2.7,,,47.0,서북서,3.0,1025.9
2024-12-23,23:00,,20 이상,,,-0.1,-9.8,-3.8,,,48.0,북서,3.2,1026.4
2024-12-24,06:00,맑음,20 이상,0.0,0.0,-4.1,-9.3,-4.1,,,67.0,서,1.0,1027.6
2024-12-24,07:00,맑음,20 이상,0.0,0.0,-4.0,-9.4,-4.0,,,66.0,서,1.1,1028.0
2024-12-24,08:00,맑음,20 이상,0.0,0.0,-4.1,-8.9,-4.1,,,69.0,서북서,0.8,1028.1
2024-12-24,09:00,맑음,20 이상,0.0,0.0,-3.4,-9.2,-3.4,,,64.0,서남서,1.2,1028.6
2024-12-24,10:00,맑음,20 이상,0.0,0.0,-1.3,-8.9,-3.7,,,56.0,북서,1.8,1028.8
2024-12-24,11:00,맑음,20 이상,0.0,0.0,0.2,-10.3,0.2,,,45.0,서북서,1.3,1028.5
2024-12-24,12:00,맑음,20 이상,0.0,0.0,1.9,-11.2,-0.4,,,37.0,서북서,2.1,1028.1
2024-12-24,13:00,맑음,20 이상,0.0,0.0,3.0,-11.0,0.4,,,35.0,남서,2.6,1028.1
2024-12-24,14:00,맑음,20 이상,0.0,0.0,4.0,-10.4,1.9,,,34.0,남서,2.3,1027.4
2024-12-24,15:00,맑음,20 이상,0.0,0.0,4.7,-10.2,3.2,,,33.0,남남서,1.8,1027.0
2024-12-24,16:00,맑음,20 이상,2.0,0.0,4.4,-10.8,3.2,,,32.0,서북서,1.5,1027.2
2024-12-24,17:00,맑음,20 이상,0.0,0.0,3.1,-11.2,1.0,,,34.0,서,2.1,1027.5
2024-12-24,18:00,맑음,20 이상,0.0,0.0,1.5,-10.9,-0.1,,,39.0,서,1.5,1027.3
2024-12-24,19:00,,20 이상,,,0.7,-9.6,0.7,,,46.0,서,1.3,1028.1
2024-12-24,20:00,,20 이상,,,0.2,-9.0,0.2,,,50.0,서북서,1.0,1028.4
2024-12-24,21:00,구름많음,20 이상,8.0,0.0,-0.3,-9.4,-0.3,,,50.0,서,1.1,1028.1
2024-12-24,22:00,,20 이상,,,-0.2,-8.8,-0.2,,,52.0,북,1.3,1028.0
2024-12-24,23:00,,20 이상,,,0.0,-8.4,0.0,,,53.0,북북동,1.3,1028.1
2024-12-25,06:00,구름많음,20 이상,8.0,5.0,-0.8,-7.1,-3.4,,,62.0,북동,2.0,1026.9
2024-12-25,07:00,구름많음,20 이상,8.0,4.0,-0.9,-7.0,-3.1,,,63.0,북동,1.7,1026.7
2024-12-25,08:00,구름많음,20 이상,8.0,3.0,-0.9,-7.2,-0.9,,,62.0,북동,1.2,1026.9
2024-12-25,09:00,흐림,18.2,9.0,1.0,-0.6,-6.3,-3.0,,,65.0,북,1.9,1027.1
2024-12-25,10:00,구름많음,19.4,8.0,0.0,0.2,-6.0,-2.2,,,63.0,북동,2.0,1026.5
2024-12-25,11:00,구름조금,18.5,4.0,0.0,2.3,-4.0,0.2,,,63.0,남,2.0,1027.0
2024-12-25,12:00,흐림,20 이상,9.0,0.0,3.5,-3.5,3.5,,,60.0,남서,1.2,1025.5
2024-12-25,13:00,구름조금,20 이상,5.0,0.0,4.7,-2.6,2.9,,,59.0,남,2.1,1024.2
2024-12-25,14:00,구름조금,20 이상,4.0,1.0,6.0,-2.1,4.3,,,56.0,서남서,2.2,1023.3
2024-12-25,15:00,구름많음,20 이상,8.0,6.0,5.9,-2.9,3.3,,,53.0,서남서,3.4,1022.9
2024-12-25,16:00,구름많음,20 이상,8.0,1.0,5.7,-2.1,3.1,,,57.0,서남서,3.4,1022.6
2024-12-25,17:00,구름많음,20 이상,7.0,0.0,5.2,-1.5,3.3,,,62.0,남남서,2.3,1022.9
2024-12-25,18:00,흐림,20 이상,10.0,6.0,4.6,-1.0,3.2,,,67.0,남서,1.7,1022.6
2024-12-25,19:00,,20 이상,,,5.0,-0.4,3.0,,,68.0,남남서,2.4,1022.4
2024-12-25,20:00,비 끝,20 이상,8.0,8.0,5.1,-0.3,3.0,0.0,,68.0,남서,2.5,1021.8
2024-12-25,21:00,흐림,20 이상,9.0,7.0,5.1,-0.1,3.5,0.0,,69.0,남남서,2.0,1022.1
2024-12-25,22:00,,19.8,,,4.8,0.0,3.0,0.0,,71.0,남남서,2.1,1021.8
2024-12-25,23:00,비 끝,11.1,8.0,0.0,4.8,1.2,2.6,0.1,,78.0,서남서,2.6,1022.1
2024-12-26,06:00,박무,4.9,0.0,0.0,2.5,-0.9,0.7,0.0,,78.0,서,1.8,1022.4
2024-12-26,07:00,박무,6.1,0.0,0.0,1.8,-3.0,-1.4,0.0,,70.0,서,3.0,1023.1
2024-12-26,08:00,연무,6.4,0.0,0.0,1.0,-4.2,-2.7,0.0,,68.0,서,3.5,1024.0
2024-12-26,09:00,연무,8.5,0.0,0.0,0.3,-6.1,-3.5,0.0,,62.0,서,3.4,1024.4
2024-12-26,10:00,맑음,19.8,0.0,0.0,0.5,-9.8,-4.0,0.0,,46.0,서,4.5,1025.0
2024-12-26,11:00,맑음,20 이상,0.0,0.0,0.5,-10.3,-3.8,0.0,,44.0,서북서,4.2,1025.4
2024-12-26,12:00,맑음,20 이상,0.0,0.0,1.3,-10.5,-3.3,0.0,,41.0,서남서,4.9,1024.8
2024-12-26,13:00,맑음,20 이상,0.0,0.0,1.5,-10.9,-2.4,0.0,,39.0,서,3.9,1024.1
2024-12-26,14:00,맑음,20 이상,0.0,0.0,1.2,-10.9,-3.2,0.0,,40.0,서북서,4.6,1023.8
2024-12-26,15:00,맑음,20 이상,0.0,0.0,2.4,-8.3,-1.7,0.0,,45.0,서남서,4.5,1023.6
2024-12-26,16:00,맑음,20 이상,0.0,0.0,1.8,-9.4,-2.0,0.0,,43.0,서,3.9,1023.6
2024-12-26,17:00,맑음,20 이상,0.0,0.0,0.7,-9.6,-3.4,0.0,,46.0,서남서,4.0,1023.6
2024-12-26,18:00,맑음,20 이상,0.0,0.0,-0.4,-8.8,-4.6,0.0,,53.0,서,3.8,1024.5
2024-12-26,19:00,,20 이상,,,-1.4,-10.5,-6.0,0.0,,50.0,서,4.0,1024.8
2024-12-26,20:00,,20 이상,,,-2.3,-10.3,-6.9,0.0,,54.0,서북서,3.7,1025.6
2024-12-26,21:00,맑음,20 이상,0.0,0.0,-3.6,-11.3,-9.0,0.0,,55.0,서,4.3,1026.4
2024-12-26,22:00,,20 이상,,,-4.0,-11.5,-8.7,0.0,,56.0,서,3.4,1027.1
2024-12-26,23:00,,20 이상,,,-4.4,-12.5,-8.7,0.0,,53.0,서,2.9,1027.6
2024-12-27,06:00,맑음,20 이상,0.0,0.0,-5.1,-14.1,-9.1,,,49.0,서,2.5,1027.3
2024-12-27,07:00,맑음,20 이상,0.0,0.0,-5.7,-14.2,-8.5,,,51.0,서,1.6,1027.8
2024-12-27,08:00,맑음,20 이상,0.0,0.0,-5.7,-13.5,-5.7,,,54.0,서,1.2,1028.5
2024-12-27,09:00,맑음,20 이상,0.0,0.0,-5.2,-13.5,-7.7,,,52.0,서,1.5,1028.4
2024-12-27,10:00,맑음,20 이상,1.0,0.0,-2.9,-13.7,-5.9,,,43.0,서남서,2.0,1028.6
2024-12-27,11:00,맑음,20 이상,0.0,0.0,-2.2,-13.7,-7.0,,,41.0,서북서,4.0,1028.5
2024-12-27,12:00,맑음,20 이상,0.0,0.0,-0.8,-13.3,-4.3,,,38.0,서북서,2.8,1027.1
2024-12-27,13:00,구름조금,20 이상,3.0,0.0,0.0,-12.9,-2.9,,,37.0,서북서,2.4,1025.8
2024-12-27,14:00,구름많음,20 이상,7.0,0.0,1.7,-11.1,-0.6,,,38.0,서남서,2.1,1024.3
2024-12-27,15:00,구름많음,20 이상,6.0,4.0,1.1,-11.6,-2.3,,,38.0,서북서,3.1,1023.9
2024-12-27,16:00,구름조금,20 이상,3.0,3.0,1.1,-10.7,-1.9,,,41.0,서남서,2.7,1023.5
2024-12-27,17:00,구름조금,20 이상,3.0,3.0,0.3,-9.7,-3.0,,,47.0,서남서,2.8,1023.4
2024-12-27,18:00,구름조금,20 이상,4.0,4.0,-0.6,-9.0,-3.6,,,53.0,서남서,2.4,1023.5
2024-12-27,19:00,,20 이상,,,-1.0,-8.2,-4.5,,,58.0,서,2.8,1023.4
2024-12-27,20:00,,20 이상,,,-1.4,-7.5,-4.7,,,63.0,서,2.5,1023.4
2024-12-27,21:00,약한 눈 단속적,20 이상,8.0,8.0,-1.3,-6.2,-4.7,0.0,,69.0,서남서,2.6,1023.5
2024-12-27,22:00,약한 눈 연속적,20 이상,9.0,9.0,-1.2,-6.3,-5.6,0.0,,68.0,서,3.7,1023.5
2024-12-27,23:00,눈 끝,20 이상,5.0,5.0,-2.6,-10.1,-7.3,0.0,,56.0,서,3.8,1024.4
2024-12-28,06:00,맑음,20 이상,0.0,0.0,-5.7,-14.9,-10.5,,,48.0,서,3.1,1024.1
2024-12-28,07:00,맑음,20 이상,0.0,0.0,-6.2,-15.1,-9.4,,,49.0,서남서,1.8,1024.4
2024-12-28,08:00,맑음,20 이상,0.0,0.0,-6.5,-15.2,-9.2,,,50.0,서,1.5,1024.7
2024-12-28,09:00,맑음,20 이상,0.0,0.0,-6.0,-15.2,-8.6,,,48.0,서북서,1.5,1025.1
2024-12-28,10:00,맑음,20 이상,0.0,0.0,-4.3,-15.0,-7.9,,,43.0,서북서,2.3,1025.7
2024-12-28,11:00,맑음,20 이상,0.0,0.0,-3.2,-15.5,-7.7,,,38.0,서북서,3.4,1025.5
2024-12-28,12:00,맑음,20 이상,0.0,0.0,-1.7,-13.8,-5.2,,,39.0,서북서,2.6,1024.5
2024-12-28,13:00,맑음,20 이상,0.0,0.0,-0.8,-12.7,-4.8,,,40.0,서북서,3.4,1023.8
2024-12-28,14:00,맑음,20 이상,0.0,0.0,-0.3,-12.6,-4.7,,,39.0,서북서,4.1,1023.1
2024-12-28,15:00,맑음,20 이상,0.0,0.0,0.9,-11.8,-2.6,,,38.0,서,3.2,1022.7
2024-12-28,16:00,맑음,20 이상,1.0,1.0,0.2,-11.2,-4.1,,,42.0,서,4.0,1023.0
2024-12-28,17:00,맑음,20 이상,1.0,1.0,-0.5,-10.4,-4.1,,,47.0,서,3.0,1023.0
2024-12-28,18:00,맑음,20 이상,0.0,0.0,-1.1,-10.2,-4.2,,,50.0,서남서,2.4,1023.2
2024-12-28,19:00,,20 이상,,,-1.4,-10.2,-4.9,,,51.0,서남서,2.7,1023.7
2024-12-28,20:00,,20 이상,,,-1.7,-10.7,-4.2,,,50.0,서남서,1.8,1024.4
2024-12-28,21:00,맑음,20 이상,0.0,0.0,-2.3,-11.3,-4.6,,,50.0,서,1.6,1024.4
2024-12-28,22:00,,20 이상,,,-2.9,-11.1,-2.9,,,53.0,서남서,1.0,1024.4
2024-12-28,23:00,,20 이상,,,-3.1,-10.6,-3.1,,,56.0,서,0.6,1024.8
2024-12-29,06:00,맑음,20 이상,0.0,0.0,-3.1,-9.3,-3.1,,,62.0,정온,0.1,1025.0
2024-12-29,07:00,맑음,20 이상,0.0,0.0,-3.6,-9.0,-3.6,,,66.0,북서,0.5,1025.6
2024-12-29,08:00,맑음,20 이상,0.0,0.0,-4.1,-9.5,-7.1,,,66.0,북북동,1.9,1026.4
2024-12-29,09:00,맑음,20 이상,0.0,0.0,-3.8,-9.0,-7.2,,,67.0,북동,2.2,1026.7
2024-12-29,10:00,맑음,20 이상,0.0,0.0,-1.1,-7.8,-3.8,,,60.0,북동,2.0,1026.7
2024-12-29,11:00,맑음,20 이상,0.0,0.0,1.0,-8.0,1.0,,,51.0,북,1.3,1026.9
2024-12-29,12:00,맑음,20 이상,2.0,0.0,3.7,-7.7,2.4,,,43.0,남남서,1.5,1025.8
2024-12-29,13:00,맑음,20 이상,2.0,0.0,5.0,-8.8,3.1,,,36.0,남서,2.3,1025.5
2024-12-29,14:00,맑음,20 이상,2.0,2.0,5.3,-7.9,3.7,,,38.0,서,2.0,1024.6
2024-12-29,15:00,구름많음,20 이상,8.0,8.0,5.1,-7.7,3.9,,,39.0,서,1.6,1024.1
2024-12-29,16:00,흐림,20 이상,9.0,9.0,4.6,-7.2,4.6,,,42.0,서북서,1.1,1024.3
2024-12-29,17:00,구름많음,20 이상,8.0,8.0,4.3,-5.7,2.5,,,48.0,남남서,2.0,1023.7
2024-12-29,18:00,구름많음,20 이상,8.0,7.0,3.9,-5.5,3.9,,,50.0,동남동,0.8,1023.0
2024-12-29,19:00,,20 이상,,,3.5,-4.4,2.2,,,56.0,남동,1.5,1023.6
2024-12-29,20:00,,20 이상,,,3.0,-3.3,1.4,,,63.0,동,1.7,1023.8
2024-12-29,21:00,구름많음,20 이상,7.0,7.0,2.6,-3.5,2.6,,,64.0,북동,1.2,1023.6
2024-12-29,22:00,,20 이상,,,2.4,-3.3,0.0,,,66.0,북동,2.3,1023.0
2024-12-29,23:00,,20 이상,,,2.3,-3.2,0.1,,,67.0,북동,2.1,1021.9
2024-12-30,06:00,흐림,16.2,9.0,9.0,2.5,-2.2,2.5,,,71.0,북동,1.3,1020.1
2024-12-30,07:00,흐림,15.0,9.0,9.0,2.7,-1.6,1.5,,,73.0,북북동,1.4,1019.9
2024-12-30,08:00,구름많음,13.9,8.0,8.0,2.7,-1.6,1.0,,,73.0,북북동,1.7,1019.7
2024-12-30,09:00,구름많음,13.5,8.0,8.0,2.8,-1.0,2.8,,,76.0,북동,1.2,1019.8
2024-12-30,10:00,구름많음,12.4,7.0,7.0,4.0,-0.4,4.0,,,73.0,북동,0.9,1019.5
2024-12-30,11:00,구름조금,12.3,4.0,4.0,5.7,0.8,5.7,,,71.0,동,0.5,1019.3
2024-12-30,12:00,구름조금,13.1,3.0,3.0,9.3,2.1,7.3,,,61.0,남남서,3.7,1018.0
2024-12-30,13:00,구름조금,14.0,4.0,4.0,9.9,1.2,7.5,,,55.0,남서,4.8,1017.0
2024-12-30,14:00,구름조금,13.8,4.0,4.0,9.7,0.5,7.0,,,53.0,남서,5.5,1016.4
2024-12-30,15:00,구름많음,12.5,7.0,6.0,9.1,0.7,6.3,,,56.0,남서,5.4,1016.2
2024-12-30,16:00,구름많음,11.8,8.0,7.0,8.8,1.9,6.9,,,62.0,서남서,3.2,1015.9
2024-12-30,17:00,구름많음,10.5,8.0,4.0,8.2,2.2,5.7,,,66.0,서남서,4.1,1016.1
2024-12-30,18:00,구름많음,10.5,8.0,8.0,7.8,1.8,5.5,,,66.0,서남서,3.6,1016.1
2024-12-30,19:00,,10.4,,,6.9,0.9,5.2,,,66.0,서남서,2.4,1015.9
2024-12-30,20:00,,10.2,,,6.1,0.6,4.1,,,68.0,서남서,2.6,1015.8
2024-12-30,21:00,구름많음,10.5,6.0,0.0,5.6,0.0,3.4,,,67.0,서,2.7,1016.0
2024-12-30,22:00,맑음,9.1,0.0,0.0,4.9,0.0,2.9,,,71.0,서,2.4,1016.2
2024-12-30,23:00,맑음,7.5,0.0,0.0,4.1,0.0,4.1,,,75.0,서남서,0.7,1016.0
2024-12-31,06:00,맑음,20 이상,0.0,0.0,-0.6,-10.2,-3.6,0.0,,48.0,서북서,2.4,1019.1
2024-12-31,07:00,맑음,20 이상,0.0,0.0,-1.0,-10.3,-4.7,0.0,,49.0,서북서,3.0,1020.0
2024-12-31,08:00,맑음,20 이상,0.0,0.0,-1.8,-10.6,-1.8,0.0,,51.0,북서,1.3,1020.9
2024-12-31,09:00,맑음,20 이상,0.0,0.0,-1.5,-10.8,-4.2,0.0,,49.0,서,2.0,1021.6
2024-12-31,10:00,맑음,20 이상,0.0,0.0,0.2,-11.2,-3.4,0.0,,42.0,서,3.1,1022.3
2024-12-31,11:00,맑음,20 이상,0.0,0.0,1.1,-11.6,-2.5,0.0,,38.0,서북서,3.4,1022.5
2024-12-31,12:00,맑음,20 이상,0.0,0.0,1.9,-11.9,-0.8,0.0,,35.0,서북서,2.5,1021.9
2024-12-31,13:00,맑음,20 이상,0.0,0.0,2.4,-12.6,-1.2,0.0,,32.0,서북서,3.8,1021.1
2024-12-31,14:00,맑음,20 이상,0.0,0.0,3.5,-12.4,0.9,0.0,,30.0,서,2.7,1020.5
2024-12-31,15:00,맑음,20 이상,0.0,0.0,3.9,-12.1,1.7,0.0,,30.0,서,2.4,1020.6
2024-12-31,16:00,맑음,20 이상,0.0,0.0,3.9,-10.5,1.2,0.0,,34.0,서남서,2.9,1020.8
2024-12-31,17:00,맑음,20 이상,0.0,0.0,2.5,-10.7,-0.8,0.0,,37.0,서,3.4,1020.9
2024-12-31,18:00,맑음,20 이상,0.0,0.0,1.2,-10.9,-2.2,0.0,,40.0,서남서,3.1,1021.6
2024-12-31,19:00,,20 이상,,,0.5,-9.8,-1.8,0.0,,46.0,서,1.9,1022.1
2024-12-31,20:00,,20 이상,,,0.0,-9.7,-2.9,0.0,,48.0,서남서,2.4,1022.3
2024-12-31,21:00,맑음,20 이상,0.0,0.0,-0.7,-9.6,-0.7,0.0,,51.0,서,1.0,1022.4
2024-12-31,22:00,,20 이상,,,-1.0,-9.3,-1.0,0.0,,53.0,북서,0.7,1022.5
2024-12-31,23:00,,20 이상,,,-1.4,-9.0,-1.4,0.0,,56.0,서남서,1.3,1022.6
